,medroute,count
0,ACETAMINOPHEN_ORAL,73645
1,IBUPROFEN_ORAL,60126
2,NS BOLUS_IV,58266
3,"D5W NS 1,000 ML_IV",19921
4,ALBUTEROL 5 MG/ML (0.5%) INHALATION SOLUTION_INHALATION,17153
5,DEXAMETHASONE_ORAL,16610
6,ONDANSETRON ORALLY DISINTEGRATING TAB_ORAL,15843
7,ONDANSETRON_IV,13213
8,IPRATROPIUM NEBULIZATION_INHALATION,11993
9,KETOROLAC_IV,11582
10,CEFTRIAXONE_IV,10503
11,KETAMINE_IV,10258
12,MORPHINE IV_IV,9368
13,ALBUTEROL 2.5 MG/3 ML (0.083%) INHALATION SOLUTION_INHALATION,9089
14,ONDANSETRON_ORAL,8149
15,LET_OTHER,8142
16,NORMAL SALINE BOLUS_IV,6256
17,MELATONIN_ORAL,6121
18,MIDAZOLAM NASAL_NASAL,5662
19,D5W NS INFUSION_IV,5630
20,CLONIDINE_ORAL,5102
21,ACETAMINOPHEN_RECTAL,4471
22,CETIRIZINE_ORAL,4440
23,IBUPROFEN 20 MG/ML ENTERAL LIQUID_ORAL,4431
24,D5W NS BOLUS_IV,4392
25,MINERAL OIL_RECTAL,4093
26,NS ENEMA_RECTAL,4079
27,GLYCERIN_RECTAL,4047
28,DIPHENHYDRAMINE_ORAL,4043
29,ACETAMINOPHEN 160 MG/5 ML ENTERAL LIQUID (WRAPPED)_ORAL,3750
30,ARIPIPRAZOLE_ORAL,3669
31,ALBUTEROL CFC FREE 90 MCG/INH INHALATION AEROSOL_INHALATION,3666
32,LIDOCAINE 1% BUFFERED 0.25 ML FOR J-TIP ADMINISTRATION_INTRADERMAL,3545
33,DEXAMETHASONE_IV,3376
34,UNASYN_IV,3267
35,SERTRALINE_ORAL,3205
36,FLUOXETINE_ORAL,3128
37,LR BOLUS_IV,3056
38,"LIDOCAINE (BUFFERED) 1% WITH EPINEPHRINE 1:200,000 INJ_SUBCUTANEOUS",2879
39,RISPERIDONE_ORAL,2808
40,AMOXICILLIN_ORAL,2696
41,LORAZEPAM_ORAL,2569
42,PROCHLORPERAZINE_IV,2434
43,MAGNESIUM SULFATE IV DOSE_IV,2387
44,GADAVIST_IV,2352
45,VANCOMYCIN_IV,2335
46,LORAZEPAM_IV,2324
47,DIPHENHYDRAMINE_IV,2322
48,METRONIDAZOLE_IV,2295
49,CEFEPIME_IV,2277
50,ESCITALOPRAM_ORAL,2248
51,CEPHALEXIN_ORAL,2236
52,ALBUTEROL SULFATE 2.5 MG/3 ML (0.083 %) SOLUTION FOR NEBULIZATION_INHALATION,2203
53,FAMOTIDINE_ORAL,2190
54,FENTANYL NASAL_NASAL,2167
55,MAALOX_ORAL,2140
56,ACETAMINOPHEN 325 MG/10.15 ML ENTERAL LIQUID (WRAPPED)_ORAL,2116
57,CEFTRIAXONE 2 GRAM/50 ML IN DEXTROSE (ISO-OSM) INJECTION (FROM PREMIX)_IV,2086
58,RACEPINEPHRINE_INHALATION,2085
59,ONDANSETRON 4 MG DISINTEGRATING TABLET_ORAL,2077
60,GUANFACINE EXTENDED RELEASE_ORAL,1982
61,LIDOCAINE 1% BUFFERED 0.25ML FOR J-TIP ADMINISTRATION._INTRADERMAL,1969
62,MIRALAX_ORAL,1962
63,"D5W 1/2NS 1,000 ML_IV",1954
64,DEXAMETHASONE 4 MG/ML INJ FOR PO_ORAL,1902
65,KETAMINE 10 MG/ML INJECTION SOLUTION_IV,1878
66,LAMOTRIGINE_ORAL,1813
67,LEVETIRACETAM_ORAL,1812
68,OLANZAPINE_ORAL,1735
69,HYDROXYZINE_ORAL,1734
70,EMLA 2.5%-2.5% TOPICAL CREAM_OTHER,1695
71,ACETAMINOPHEN_IV,1693
72,GUANFACINE_ORAL,1687
73,INSULIN LISPRO 100 UNIT/ML (HUMALOG)_SUBCUTANEOUS,1670
74,CEFAZOLIN_IV,1646
75,OXYCODONE_ORAL,1629
76,IPRATROPIUM BROMIDE 0.02 % SOLUTION FOR INHALATION_INHALATION,1623
77,ACETAMINOPHEN_ENTERAL,1589
78,OMEPRAZOLE_ORAL,1535
79,OXCARBAZEPINE_ORAL,1534
80,ALBUTEROL SULFATE CONCENTRATE 2.5 MG/0.5 ML SOLUTION FOR NEBULIZATION_INHALATION,1467
81,MIDAZOLAM_IV,1393
82,D5W NS 1000 ML_IV,1385
83,ACETAMINOPHEN 325 MG TABLET_ORAL,1371
84,QUETIAPINE_ORAL,1368
85,METFORMIN_ORAL,1368
86,CHOLECALCIFEROL (VITAMIN D3)_ORAL,1331
87,LIDOCAINE (BUFFERED) 1% (LOCAL ANESTHESIA) ORDER IN ML._SUBCUTANEOUS,1323
88,ZOSYN_IV,1320
89,CONCERTA_ORAL,1318
90,HEPARIN FLUSH 10 UNIT/ML_IV,1274
91,OSELTAMIVIR_ORAL,1266
92,LEVETIRACETAM_IV,1265
93,GABAPENTIN_ORAL,1239
94,HEPARIN FLUSH 100 UNIT/ML_IV,1237
95,MAGIC MOUTHWASH_ORAL,1212
96,AUGMENTIN_ORAL,1208
97,ONDANSETRON HCL 4 MG/2 ML INJECTION SOLUTION (WRAPPED)_IV,1192
98,SENNA_ORAL,1160
99,ACETAMINOPHEN 500 MG TABLET_ORAL,1123
100,LEVETIRACETAM_ENTERAL,1123
101,AMPICILLIN_IV,1105
102,MAGNESIUM SULFATE 2 GRAM/50 ML (4 %) IN WATER INTRAVENOUS PIGGYBACK_IV,1073
103,TRAZODONE_ORAL,1072
104,"CLONIDINE ENTERAL, EXTENDED RELEASE_ORAL",1063
105,CLINDAMYCIN_IV,1061
106,KETOROLAC 15 MG/ML INJECTION SOLUTION_IV,1049
107,AMPICILLIN-SULBACTAM 30 MG/ML IN SODIUM CHLORIDE 0.9 %_IV,1045
108,PROPOFOL INFUSION 10 MG/ML (WRAPPED)_IV,1016
109,FENTANYL_IV,1005
110,HYDROMORPHONE_IV,986
111,IBUPROFEN 400 MG TABLET_ORAL,981
112,INSULIN GLARGINE 100 UNITS/ML (LANTUS)_SUBCUTANEOUS,981
113,LIDOCAINE (BUFFERED) 1% (LOCAL ANESTHESIA) ORDER IN ML_SUBCUTANEOUS,940
114,CEFTRIAXONE IN LIDOCAINE_INTRAMUSCULAR,923
115,BENADRYL_ORAL,906
116,PROPOFOL 500 MG [150 MCG/KG/MIN] + SYRINGE CONTAINS 50 ML_IV,905
117,TOPIRAMATE_ORAL,890
118,METHYLPREDNISOLONE_IV,877
119,ISOVUE-300_IV,872
120,PRAZOSIN_ORAL,869
121,IBUPROFEN 600 MG TABLET_ORAL,859
122,FLUORESCEIN 1 MG OPHTHALMIC TEST_BY_EYE,853
123,ISOVUE-300 ORAL DILUTION_ORAL,843
124,PANTOPRAZOLE_IV,843
125,AZITHROMYCIN_ORAL,836
126,"D5W LR 1,000 ML_IV",834
127,CLOBAZAM_ORAL,829
128,LIDOCAINE VISCOUS 2% MUCOUS MEMBRANE SOLUTION_ORAL,826
129,LIDOCAINE 4 %-RACEPINEPHRINE 0.05 %-TETRACAINE 0.5 % TOPICAL GEL_TOPICAL,826
130,GABAPENTIN_ENTERAL,805
131,AMPICILLIN 30 MG/ML INJECTION IN NS_IV,786
132,BACLOFEN_ENTERAL,770
133,MAGNESIUM HYDROXIDE_ORAL,763
134,OMEPRAZOLE_ENTERAL,761
135,BUSPIRONE_ORAL,742
136,CLONAZEPAM__ORAL,738
137,MINERAL OIL_ORAL,734
138,"NORMAL SALINE 1,000 ML_IV",714
139,BACTRIM_ORAL,701
140,"NS 1,000 ML_IV",691
141,DIAZEPAM_ORAL,683
142,INSULIN REGULAR 50 UNIT [0.1 UNIT/KG/HR] + NS 50 ML_IV,676
143,FAMOTIDINE_IV,665
144,SUCROSE 24% ORAL SOLUTION_ORAL,660
145,CYPROHEPTADINE_ORAL,648
146,CLOBAZAM_ENTERAL,647
147,METRONIDAZOLE 500 MG/100 ML IN SODIUM CHLOR(ISO) INTRAVENOUS PIGGYBACK_IV,636
148,SODIUM CHLORIDE 0.9 % INTRAVENOUS SOLUTION_IV,630
149,DEXMETHYLPHENIDATE EXTENDED RELEASE_ORAL,627
150,CEFAZOLIN 100 MG/ML INJECTION (WRAPPED)_IV,626
151,NAPROXEN_ORAL,625
152,LISDEXAMFETAMINE_ORAL,625
153,ACETAMINOPHEN 10 MG/ML INTRAVENOUS SOLUTION (WRAPPED)_IV,620
154,FUROSEMIDE_IV,617
155,HYDROCORTISONE_IV,611
156,FAMOTIDINE_ENTERAL,608
157,DOXYCYCLINE_ORAL,598
158,"DIVALPROEX, DELAYED RELEASE (DISPENSED AS DEPAKOTE DR)_ORAL",593
159,DIAZEPAM_ENTERAL,592
160,OLANZAPINE ORALLY DISINTEGRATING TABLET_ORAL,591
161,INSULIN REGULAR 50 UNIT [0.05 UNIT/KG/HR] + NS 50 ML_IV,586
162,ADDERALL XR_ORAL,573
163,ASPIRIN_ORAL,570
164,ERYTHROMYCIN 0.5% OPHTHALMIC OINTMENT_BY_EYE,563
165,LITHIUM CARBONATE_ORAL,563
166,LORATADINE_ORAL,561
167,SODIUM CHLORIDE 3% INHALATION SOLUTION_INHALATION,557
168,LIDOCAINE 4% TOPICAL CREAM_OTHER,557
169,IBUPROFEN_ENTERAL,535
170,"PROPOFOL 1,000 MG [150 MCG/KG/MIN] + BOTTLE CONTAINS 100 ML_IV",525
171,SODIUM CHLORIDE 0.9% INHALATION SOLUTION_INHALATION,522
172,CLINDAMYCIN_ORAL,518
173,FENTANYL IV_IV,517
174,LEVALBUTEROL 0.63 MG/3 ML INHALATION SOLUTION_INHALATION,516
175,ONDANSETRON 8 MG DISINTEGRATING TABLET_ORAL,512
176,DULOXETINE_ORAL,511
177,PROPARACAINE 0.5% OPHTHALMIC SOLUTION_BY_EYE,504
178,BENZTROPINE_ORAL,499
179,METRONIDAZOLE_ORAL,495
180,FLUTICASONE 50 MCG/INH NASAL SPRAY_NASAL,494
181,LURASIDONE_ORAL,493
182,BACITRACIN TOPICAL_OTHER,490
183,CHLORPROMAZINE_ORAL,480
184,LEVETIRACETAM IV 15 MG/ML NS_IV,478
185,DIAZEPAM_IV,474
186,TDAP_INTRAMUSCULAR,471
187,AUGMENTIN ES_ORAL,471
188,GLYCERIN SUPP PEDIATRIC_RECTAL,464
189,CITALOPRAM_ORAL,464
190,ATOMOXETINE_ORAL,457
191,PROPRANOLOL_ORAL,457
192,BUDESONIDE 0.5 MG/2 ML INHALATION SUSPENSION_INHALATION,451
193,RITALIN_ORAL,449
194,FERROUS SULFATE_ORAL,443
195,OPTIRAY 320_IV,438
196,CALCIUM CARBONATE_ORAL,432
197,SUCRALFATE_ORAL,430
198,EMLA_OTHER,430
199,VALPROIC ACID INJECTION_IV,430
200,"NS 1000 ML + POTASSIUM ACETATE, IVF 20 MEQ + POTASSIUM PHOSPHATE, IVF 20 MEQ_IV",429
201,OMNIPAQUE 300_IV,427
202,ISOVUE-370_IV,427
203,KETOROLAC 30 MG/ML INJECTION SOLUTION (WRAPPED)_IV,425
204,FLOVENT HFA 44 MCG/INH INHALATION AEROSOL_INHALATION,419
205,OMNIPAQUE 300 ORAL DILUTION_ORAL,416
206,FLOVENT HFA 110 MCG/INH INHALATION AEROSOL_INHALATION,409
207,ALBUTEROL SULFATE HFA 90 MCG/ACTUATION AEROSOL INHALER_INHALATION,406
208,DEXTROSE 5 % AND LACTATED RINGERS INTRAVENOUS SOLUTION_IV,406
209,"D5W NS 1,000 ML + POTASSIUM CHLORIDE, IVF 20 MEQ_IV",403
210,PREDNISOLONE_ORAL,400
211,CYPROHEPTADINE_ENTERAL,400
212,CETIRIZINE 1 MG/ML ORAL SOLUTION (WRAPPED)_ORAL,399
213,LIDOCAINE 5% TOPICAL FILM_TOPICAL,398
214,SMOG 1:1:1 ENEMA CMPD (ED ONLY)_RECTAL,394
215,LEVOTHYROXINE_ORAL,390
216,"D12.5W 1000 ML + SODIUM CHLORIDE, IVF 80 MEQ + POTASSIUM ACETATE, IVF 20 MEQ + POTASSIUM PHOSPHATE,_IV",388
217,LACOSAMIDE_ORAL,382
218,GLYCOPYRROLATE_ENTERAL,374
219,VANCOMYCIN 5 MG/ML INJECTION IN D5W (FROM PREMIX)_IV,373
220,BUPROPION 24 HOUR EXTENDED RELEASE (XL)_ORAL,369
221,AMOXICILLIN 250 MG/5 ML ORAL SUSPENSION_ORAL,367
222,PREDNISONE_ORAL,364
223,INSULIN DEGLUDEC 100 UNITS/ML (TRESIBA)_SUBCUTANEOUS,360
224,ERYTHROMYCIN_ENTERAL,358
225,DOCUSATE_ORAL,353
226,MIDAZOLAM 5 MG/ML NASAL SOLUTION (ED ONLY)_NASAL,352
227,METOCLOPRAMIDE_IV,348
228,LITHIUM CARBONATE EXTENDED RELEASE_ORAL,344
229,CEFDINIR_ORAL,339
230,"D10W 1,000 ML + SODIUM CHLORIDE, IVF 160 MEQ_IV",337
231,CIPROFLOXACIN_IV,336
232,EPINEPHRINE 0.3 MG INJECTABLE KIT_INTRAMUSCULAR,336
233,NALTREXONE_ORAL,334
234,MEDICATION PATCH CHECK_TOPICAL,333
235,OPTIRAY 320 ORAL DILUTION_ORAL,332
236,"RABIES VACCINE, HUMAN (IMOVAX)_INTRAMUSCULAR",331
237,LIDOCAINE (BUFFERED) 1% (LOCAL ANESTHESIA) ORDER IN ML._INTRADERMAL,329
238,OXYMETAZOLINE 0.05% NASAL SOLUTION_NASAL,329
239,ENOXAPARIN_SUBCUTANEOUS,327
240,DEXAMETHASONE SODIUM PHOSPHATE 4 MG/ML INJECTION (WRAPPED)_IV,326
241,CEFEPIME INJECTION 20 MG/ML IN DEXTROSE (ISO-OSMOTIC) (WRAPPED)_IV,321
242,BENADRYL_IV,318
243,AMLODIPINE_ORAL,314
244,D10W 1/2NS INFUSION_IV,314
245,MIRTAZAPINE_ORAL,312
246,CLONIDINE_ENTERAL,312
247,"LR 1,000 ML_IV",310
248,LIDOCAINE-PRILOCAINE 2.5 %-2.5 % TOPICAL CREAM_TOPICAL,305
249,RANITIDINE_ORAL,305
250,OPTIRAY 350_IV,302
251,ADDERALL_ORAL,298
252,BACLOFEN_ORAL,293
253,AZITHROMYCIN_IV,293
254,CLONAZEPAM__ENTERAL,292
255,IOHEXOL 300 MG IODINE/ML INTRAVENOUS SOLUTION_IV,291
256,ONDANSETRON_ENTERAL,290
257,"D10W 1,000 ML + SODIUM CHLORIDE, IVF 80 MEQ_IV",288
258,METFORMIN EXTENDED RELEASE_ORAL,287
259,ACYCLOVIR_IV,287
260,TACROLIMUS (DISPENSED AS PROGRAF)_ORAL,286
261,RACEPINEPHRINE 2.25 % SOLUTION FOR NEBULIZATION_INHALATION,285
262,MONTELUKAST_ORAL,284
263,ONDANSETRON HCL 2 MG/ML INTRAVENOUS SOLUTION_IV,283
264,CEFOXITIN_IV,282
265,ZONISAMIDE_ORAL,278
266,FAMOTIDINE (PF) 20 MG/50 ML IN 0.9 % NACL (ISO) INTRAVENOUS PIGGYBACK_IV,277
267,ZIPRASIDONE_ORAL,276
268,ALUMINUM-MAG HYDROXIDE-SIMETHICONE 200 MG-200 MG-20 MG/5 ML ORAL SUSP_ORAL,273
269,MAGNESIUM OXIDE_ORAL,273
270,VALPROIC ACID SYRUP_ENTERAL,271
271,CEFTAZIDIME_IV,269
272,MEROPENEM_IV,269
273,CLOZAPINE_ORAL,268
274,DEXMETHYLPHENIDATE_ORAL,267
275,NICOTINE GUM_ORAL,261
276,PHENOBARBITAL_ENTERAL,260
277,MIDAZOLAM 5 MG/ML NASAL SOLUTION_NASAL,260
278,DEXAMETHASONE_INTRAMUSCULAR,259
279,EPINEPHRINE 0.15 MG INJECTABLE KIT_INTRAMUSCULAR,258
280,LORAZEPAM_INTRAMUSCULAR,258
281,VENLAFAXINE EXTENDED RELEASE_ORAL,256
282,PCA/NCA MORPHINE 1 MG/ML 50 ML_OTHER,253
283,D10W BOLUS_IV,251
284,LACOSAMIDE_ENTERAL,250
285,D5W 1/2NS 1000 ML_IV,249
286,OLANZAPINE_INTRAMUSCULAR,249
287,PROPOFOL BOLUS FROM BAG_IV,248
288,HYDROCORTISONE_ORAL,248
289,FENTANYL_NASAL,247
290,DIPHENHYDRAMINE 50 MG/ML INJECTION SOLUTION_IV,246
291,ISOVUE-250_ENTERAL,244
292,LIQUID E-Z PAQUE 60% ORAL SUSPENSION_ORAL,244
293,FUROSEMIDE_ORAL,242
294,CLONIDINE HCL 0.1 MG TABLET_ORAL,242
295,LIDOCAINE 1 % BUFFERED WITH 8.4 % SODIUM BICARB (10 ML) INJECTION_SUBCUTANEOUS,242
296,LEVOCARNITINE_ENTERAL,240
297,MORPHINE 4 MG/ML INTRAVENOUS SOLUTION_IV,239
298,HALOPERIDOL_ORAL,239
299,AZITHROMYCIN IV 2 MG/ML NS_IV,231
300,PROCHLORPERAZINE EDISYLATE 10 MG/2 ML (5 MG/ML) INJECTION SOLUTION_IV,231
301,D5W 1/2NS INFUSION_IV,231
302,"NS 1,000 ML + POTASSIUM ACETATE, IVF 20 MEQ + POTASSIUM PHOSPHATE, IVF 20 MEQ_IV",228
303,LIDOCAINE TOPICAL 2% JELLY WITH APPLICATOR_OTHER,226
304,"DIVALPROEX, EXTENDED RELEASE (DISPENSED AS DEPAKOTE ER)_ORAL",226
305,DIVALPROEX (DISPENSED AS DEPAKOTE SPRINKLE CAP)_ORAL,225
306,CIPROFLOXACIN_ORAL,225
307,DILAUDID_IV,225
308,SPIRONOLACTONE_ORAL,223
309,MELATONIN_ENTERAL,222
310,"D10W 1/2 NS 1,000 ML_IV",222
311,RALTEGRAVIR_ORAL,220
312,PIPERACILLIN-TAZOBACTAM INJECTION 200 MG/ML_IV,219
313,ZZ IMS TEMPLATE_ORAL,218
314,LIDOCAINE (BUFFERED) 1% (LOCAL ANESTHESIA) ORDER IN ML_INTRADERMAL,218
315,GADOBUTROL 7.5 MMOL/7.5 ML (1 MMOL/ML) INTRAVENOUS SOLUTION_IV,217
316,NS_IV,217
317,SYMBICORT 160/4.5_INHALATION,215
318,FLUVOXAMINE_ORAL,214
319,SUCROSE 24 % ORAL DROPS_ORAL,213
320,MORPHINE 2 MG/ML IV SYRINGE (ED ONLY)_IV,212
321,OXYBUTYNIN_ORAL,211
322,LORAZEPAM_ENTERAL,210
323,AZITHROMYCIN 40 MG/ML ENTERAL LIQUID_ORAL,209
324,CANNABIDIOL_ORAL,208
325,PANTOPRAZOLE IV 4 MG/ML NS_IV,207
326,RUFINAMIDE_ENTERAL,205
327,LEVOCARNITINE_ORAL,204
328,ACETAMINOPHEN 80 MG RECTAL SUPPOSITORY_RECTAL,204
329,MIDAZOLAM_NASAL,203
330,URSODIOL_ORAL,203
331,IPRATROPIUM MDI_INHALATION,202
332,LIDOCAINE 1% BUFFERED VIA J-TIP INJECTION_INTRADERMAL,199
333,DEXAMETHASONE 4 MG TABLET_ORAL,199
334,ROCURONIUM_IV,198
335,IOHEXOL 300 MG IODINE/ML INTRAVENOUS SOLUTION FOR ORAL USE_ORAL,198
336,CEPHALEXIN 250 MG/5 ML ORAL SUSPENSION_ORAL,197
337,"D12.5W 1,000 ML + SODIUM CHLORIDE, IVF 80 MEQ + POTASSIUM ACETATE, IVF 20 MEQ + POTASSIUM PHOSPHATE_IV",196
338,ACETYLCYSTEINE_IV,196
339,FLUCONAZOLE_ORAL,195
340,COLACE_ORAL,194
341,CAPSAICIN 0.1% TOPICAL CREAM_OTHER,193
342,ACETAMINOPHEN 120 MG RECTAL SUPPOSITORY_RECTAL,193
343,LEVOFLOXACIN_IV,192
344,PCA/NCA HYDROMORPHONE 0.5 MG/ML 50 ML_OTHER,192
345,CETIRIZINE 10 MG TABLET_ORAL,192
346,SYMBICORT 80/4.5_INHALATION,190
347,SUCROSE 24 % ORAL DROPS_OTHER,190
348,PROPOFOL 10 MG/ML IV INJECTION (WRAPPED)_IV,187
349,AMANTADINE_ORAL,187
350,MYCOPHENOLATE MOFETIL - CELLCEPT_ORAL,187
351,FENTANYL (PF) 50 MCG/ML NASAL SOLUTION_NASAL,186
352,"RABIES IMMUNE GLOBULIN, HUMAN_INTRAMUSCULAR",184
353,DESMOPRESSIN ENTERAL (DDAVP)_ORAL,182
354,DEXAMETHASONE_ENTERAL,176
355,SUMATRIPTAN_ORAL,176
356,LAMOTRIGINE_ENTERAL,176
357,LACTATED RINGERS INTRAVENOUS SOLUTION_IV,174
358,SYNERA 70 MG-70 MG TOPICAL FILM_OTHER,174
359,FAMOTIDINE 20 MG TABLET_ORAL,173
360,HYDROCORTISONE 1% TOPICAL OINTMENT_OTHER,173
361,HALOPERIDOL_IV,172
362,OPTIRAY 350 ORAL DILUTION_ORAL,171
363,LEVETIRACETAM 100 MG/ML ORAL SOLUTION_ORAL,169
364,MIDAZOLAM_ORAL,169
365,ENALAPRIL_ORAL,169
366,SIMETHICONE_ORAL,168
367,CLINDAMYCIN INJECTION 12 MG/ML IN D5W (50 ML PREMIX)_IV,167
368,CALCIUM CARBONATE_ENTERAL,167
369,TRUVADA 200 MG-300 MG ORAL TABLET_ORAL,167
370,RUFINAMIDE_ORAL,166
371,SENNA_ENTERAL,164
372,INSULIN LISPRO 100 UNIT/ML (HUMALOG) CORRECTION FACTOR_SUBCUTANEOUS,163
373,EPINEPHRINE 10 MG [0.05 MCG/KG/MIN] + D5W 50 ML_IV,162
374,VALPROIC ACID SYRUP_ORAL,162
375,TOPIRAMATE_ENTERAL,161
376,CANNABIDIOL_ENTERAL,161
377,DIPHENHYDRAMINE_INTRAMUSCULAR,161
378,PYRIDOXINE_ORAL,161
379,FERROUS SULFATE_ENTERAL,160
380,BUPROPION 12 HOUR EXTENDED RELEASE (SR)_ORAL,160
381,LIDOCAINE 1% BUFFERED VIA J-TIP INJECTION_OTHER,159
382,TACROLIMUS_ORAL,159
383,LEVOFLOXACIN_ORAL,158
384,SIMETHICONE_ENTERAL,157
385,ETOMIDATE_IV,156
386,ALBUTEROL 160 MG IN 240 ML NS_INHALATION,156
387,CIPRODEX_BY_EAR,156
388,OXCARBAZEPINE_ENTERAL,154
389,FAMOTIDINE 40 MG/5 ML (8 MG/ML) ORAL SUSPENSION_ORAL,154
390,DIPHENHYDRAMINE 2.5 MG/ML ENTERAL LIQUID_ORAL,153
391,MULTIPLE VITAMINS WITH MINERALS ORAL TABLET_ORAL,152
392,MAALOX & BENADRYL_ORAL,151
393,LISINOPRIL_ORAL,150
394,HYDROXYUREA_ORAL,150
395,HYOSCYAMINE_ORAL,148
396,CRYSELLE 28_ORAL,147
397,FENTANYL (PF) 50 MCG/ML INJECTION SOLUTION_IV,147
398,ACETAZOLAMIDE_ORAL,146
399,"D10W 1000 ML + SODIUM CHLORIDE, IVF 80 MEQ_IV",145
400,MELATONIN 3 MG TABLET_ORAL,145
401,TD (>/= 7 YEARS AND PREVIOUS TDAP)_INTRAMUSCULAR,144
402,ASPIRIN_ENTERAL,144
403,POLYETHYLENE GLYCOL 3350 17 GRAM ORAL POWDER PACKET_ORAL,143
404,"CLONIDINE 0.1 MG/12 HR ORAL TABLET, EXTENDED RELEASE_ORAL",140
405,MIDAZOLAM ENTERAL_ORAL,140
406,AYGESTIN_ORAL,139
407,DIPHENHYDRAMINE IV SYRINGE 10 MG/ML IN SWFI (SIMPLE)_IV,139
408,LINEZOLID_IV,138
409,MAGIC MOUTHWASH (LIDO/BENADRYL/MAALOX) ENTERAL LIQUID CMPD_ORAL,138
410,PROPOFOL_IV,137
411,MELATONIN 5 MG TABLET_ORAL,137
412,DIPHENHYDRAMINE 25 MG TABLET_ORAL,136
413,PENICILLIN G BENZATHINE_INTRAMUSCULAR,136
414,LAMOTRIGINE EXTENDED RELEASE_ORAL,136
415,VALPROIC ACID IV 10 MG/ML NS_IV,135
416,HALOPERIDOL_INTRAMUSCULAR,134
417,MULTIPLE VITAMINS ORAL TABLET_ORAL,134
418,CHARCOAL (ACTIVATED)_ORAL,133
419,ERYTHROMYCIN_ORAL,133
420,NORETHINDRONE_ORAL,133
421,PROPRANOLOL_ENTERAL,133
422,BISACODYL_ORAL,132
423,REGLAN_IV,132
424,TDAP (>/= 7 YEARS AND NO H/O TDAP)_INTRAMUSCULAR,131
425,CEFEPIME IV 40 MG/ML NS_IV,130
426,QUETIAPINE EXTENDED RELEASE_ORAL,130
427,CETIRIZINE_ENTERAL,130
428,ALBUTEROL CONTINUOUS NEB SOLUTION IN NS 240 ML_INHALATION,130
429,"CLONIDINE HCL ER 0.1 MG TABLET,EXTENDED RELEASE,12 HR_ORAL",128
430,BUPROPION_ORAL,128
431,CHOLECALCIFEROL (VITAMIN D3)_ENTERAL,128
432,CEFEPIME 2 GRAM/100 ML IN DEXTROSE (ISO-OSMOTIC) INTRAVENOUS PIGGYBACK_IV,128
433,METHYLPREDNISOLONE 10 MG/ML NS_IV,125
434,INSULIN LISPRO (U-100) 100 UNIT/ML SUBCUTANEOUS SOLUTION_SUBCUTANEOUS,125
435,"LIDOCAINE 1 %-EPINEPHRINE 1:200,000 (BUFFERED)_SUBCUTANEOUS",124
436,CEFTRIAXONE_INTRAMUSCULAR,124
437,ADENOSINE_IV,124
438,POTASSIUM CHLORIDE DOSE (PIV)_IV,123
439,KETOROLAC_INTRAMUSCULAR,122
440,VIGABATRIN_ENTERAL,122
441,LACOSAMIDE_IV,122
442,"GUANFACINE ER 1 MG TABLET,EXTENDED RELEASE 24 HR_ORAL",122
443,FUROSEMIDE_ENTERAL,121
444,OMNIPAQUE 350_IV,120
445,FLUORESCEIN 1 MG EYE STRIPS_BY_EYE,120
446,MIDAZOLAM (PF) 1 MG/ML SYRINGE (ED ONLY)_IV,120
447,ONDANSETRON HCL 4 MG/5 ML ORAL SOLUTION_ORAL,119
448,AMOXICILLIN-CLAVULANATE 80 MG/ML ENTERAL LIQUID_ORAL,119
449,"HEPARIN, PORCINE (PF) 10 UNIT/ML INTRAVENOUS SYRINGE_IV",118
450,LEVALBUTEROL 0.63 MG/3 ML SOLUTION FOR NEBULIZATION_INHALATION,117
451,POTASSIUM CHLORIDE ENTERAL IMMEDIATE RELEASE_ORAL,116
452,LIDOCAINE 1% BUFFERED VIA J-TIP INJECTION_SUBCUTANEOUS,116
453,SPRINTEC_ORAL,116
454,AMITRIPTYLINE_ORAL,116
455,METOCLOPRAMIDE 5 MG/ML INJECTION SOLUTION_IV,115
456,"D10W 1000 ML + SODIUM CHLORIDE, IVF 160 MEQ_IV",115
457,D5W LR 1000 ML_IV,115
458,APIXABAN_ORAL,115
459,PENICILLIN ENTERAL_ORAL,115
460,ACYCLOVIR_ORAL,115
461,"ACETAMINOPHEN 1,000 MG/100 ML (10 MG/ML) INTRAVENOUS SOLUTION_IV",114
462,MORPHINE 1 MG/ML NS (ED ONLY) MIXTURE USING 2 MG/ML SYRINGE_IV,114
463,IOHEXOL 350 MG IODINE/ML INTRAVENOUS SOLUTION_IV,114
464,ATENOLOL_ORAL,113
465,CEFTAZIDIME 100 MG/ML INJECTION_IV,112
466,LORAZEPAM 1 MG TABLET_ORAL,111
467,TRIHEXYPHENIDYL_ENTERAL,111
468,NICOTINE PATCH CHECK_TOPICAL,111
469,LORAZEPAM 0.5 MG TABLET_ORAL,109
470,OSELTAMIVIR_ENTERAL,109
471,RANITIDINE_ENTERAL,109
472,"MULTIPLE VITAMINS WITH MINERALS ORAL TABLET, CHEWABLE_ORAL",109
473,JUNEL FE 1.5/30_ORAL,108
474,CHLORASEPTIC SPRAY TOPICAL SPRAY_OTHER,108
475,PROCHLORPERAZINE IV 1 MG/ML NS_IV,106
476,DEXAMETHASONE SODIUM PHOSPHATE 4 MG/ML INJECTION SOLUTION_IV,106
477,"LACTATED RINGERS 1,000 ML_IV",106
478,PHENOBARBITAL_IV,106
479,LACTOBACILLUS RHAMNOSUS GG_ORAL,106
480,PCA/NCA HYDROMORPHONE 50 ML_OTHER,105
481,FLUDROCORTISONE_ORAL,104
482,LIDOCAINE VISCOUS 2% MUCOUS MEMBRANE SOLUTION_OTHER,104
483,LEVONORGESTREL_ORAL,104
484,FLUTICASONE CFC FREE 110 MCG/INH INHALATION AEROSOL_INHALATION,103
485,MORPHINE 2 MG/ML INTRAVENOUS SYRINGE_IV,102
486,ACETYLCYSTEINE_ORAL,101
487,ETHOSUXIMIDE_ORAL,101
488,ZONISAMIDE_ENTERAL,100
489,NITROFURANTOIN_ORAL,100
490,DIPHTH/PERTUS(ACEL)/TETANUS (ADACEL) VACCINE (STATE SUPPLY)_OTHER,99
491,MIRALAX_ENTERAL,99
492,LORAZEPAM 2 MG/ML INJECTION SOLUTION_IV,99
493,SODIUM CHLORIDE 0.9 % FOR NEBULIZATION_INHALATION,99
494,LACTULOSE_ORAL,99
495,CYCLOBENZAPRINE_ORAL,99
496,AMLODIPINE_ENTERAL,98
497,FISH OIL_ORAL,98
498,LORAZEPAM 1 MG/ML NS (ED ONLY) MIXTURE_IV,96
499,METHADONE_ENTERAL,96
500,SENNOSIDES 8.8 MG/5 ML ORAL SYRUP_ORAL,96
501,FLEET ENEMA (PEDIATRIC)_RECTAL,96
502,LORAZEPAM 2 MG/ML SYRINGE (ED ONLY)_IV,95
503,PCA/NCA HYDROMORPHONE 0.5 MG/ML 30 ML_OTHER,95
504,GLYCOPYRROLATE_ORAL,95
505,"HEPARIN, PORCINE 100 UNIT/ML SYRINGE/VIAL (WRAPPER)_IV",95
506,FOSPHENYTOIN_IV,95
507,TD (ADOL/ADULT)_INTRAMUSCULAR,95
508,GUANFACINE 1 MG TABLET_ORAL,94
509,OXYCODONE 5 MG TABLET_ORAL,93
510,LIDOCAINE 4 % TOPICAL CREAM_TOPICAL,93
511,SODIUM BICARBONATE (BAKING SODA)_ORAL,93
512,ALLOPURINOL_ORAL,93
513,LOPERAMIDE_ENTERAL,93
514,CALCIUM GLUCONATE DOSE (PIV)_IV,92
515,LEVOTHYROXINE_ENTERAL,92
516,VIGABATRIN_ORAL,92
517,LOPERAMIDE_ORAL,92
518,FOLIC ACID_ORAL,91
519,PHENOBARBITAL_ORAL,91
520,LEVETIRACETAM 100 MG/ML ORAL SOLUTION_ENTERAL,90
521,ACETAMINOPHEN 160 MG/5 ML ENTERAL LIQUID (WRAPPED)_ENTERAL,90
522,DICYCLOMINE_ORAL,89
523,OMEPRAZOLE-SODIUM BICARBONATE_ENTERAL,89
524,METHADONE_ORAL,88
525,SODIUM BICARBONATE ENTERAL_ORAL,88
526,TRAZODONE_ENTERAL,88
527,NS 1000 ML_IV,88
528,LABETALOL_IV,88
529,MUPIROCIN 2% TOPICAL CREAM_OTHER,87
530,PHOS-NAK_ORAL,87
531,SODIUM CHLORIDE 0.65% NASAL SPRAY_NASAL,87
532,ESCITALOPRAM 10 MG TABLET_ORAL,86
533,PHENAZOPYRIDINE_ORAL,86
534,REMDESIVIR_IV,86
535,CLOMIPRAMINE_ORAL,86
536,NALOXONE 200 MCG [1 MCG/KG/HR] + NS 50 ML_IV,86
537,SIROLIMUS_ORAL,86
538,DIAZEPAM 5 MG/ML INJECTION SOLUTION (WRAPPED)_IV,85
539,URSODIOL_ENTERAL,85
540,ARIPIPRAZOLE 10 MG TABLET_ORAL,85
541,MAGNESIUM HYDROXIDE 400 MG/5 ML ORAL SUSPENSION_ORAL,85
542,INV-LR BOLUS (PROMPT - P00035748)_IV,84
543,VALACYCLOVIR_ORAL,84
544,CIPROFLOXACIN 400 MG/200 ML IN 5 % DEXTROSE INTRAVENOUS PIGGYBACK_IV,83
545,CETACAINE MUCOUS MEMBRANE AEROSOL_OTHER,83
546,FLUTICASONE CFC FREE 44 MCG/INH INHALATION AEROSOL_INHALATION,83
547,HYDROCORTISONE 2.5% TOPICAL OINTMENT_OTHER,82
548,SULFAMETHOXAZOLE-TRIMETHOPRIM_ORAL,82
549,AMOXICILLIN_ENTERAL,82
550,LIDOCAINE 5 % TOPICAL PATCH_TOPICAL,82
551,CEFTRIAXONE 350 MG/ML IM INJ IN LIDOCAINE_INTRAMUSCULAR,82
552,RISPERIDONE 0.5 MG TABLET_ORAL,81
553,LACTASE_ORAL,81
554,IV FLUID BUILDER_IV,81
555,MINERAL OIL ORAL_ORAL,80
556,LIDOCAINE 1% (LOCAL ANESTHESIA) ORDER IN ML_INTRADERMAL,80
557,VERSED_IV,80
558,DEBROX_BY_EAR,80
559,SPIRONOLACTONE_ENTERAL,80
560,HYDROMORPHONE_ORAL,79
561,HYDROMORPHONE 1 MG/ML NS (ED ONLY) MIXTURE_IV,79
562,EPINEPHRINE 1 MG/ML INJECTABLE SOLUTION_INTRAMUSCULAR,79
563,BACTRIM_IV,78
564,METOCLOPRAMIDE_ORAL,78
565,PCA/NCA MORPHINE 50 ML_OTHER,78
566,GABAPENTIN 250 MG/5 ML ORAL SOLUTION_ENTERAL,78
567,CEPHALEXIN_ENTERAL,78
568,ASCORBIC ACID_ORAL,77
569,METADATE ER_ORAL,77
570,LEVOFLOXACIN 250 MG/50 ML IN 5 % DEXTROSE INTRAVENOUS PIGGYBACK_IV,77
571,TRIAMCINOLONE 0.1% TOPICAL OINTMENT_OTHER,77
572,LAMOTRIGINE 100 MG TABLET_ORAL,76
573,ALBUTEROL 80 MG IN 240 ML NS_INHALATION,76
574,CLONIDINE EXTENDED RELEASE_ORAL,76
575,D10W NS INFUSION_IV,76
576,"NICOTINE 7 MG/24 HR TRANSDERMAL FILM, EXTENDED RELEASE_TOPICAL",75
577,ENALAPRIL_ENTERAL,75
578,DILTIAZEM_IV,74
579,BUDESONIDE 0.5 MG/2 ML SUSPENSION FOR NEBULIZATION_INHALATION,74
580,ACYCLOVIR NS HYDRATION._IV,74
581,RISPERIDONE ORAL DISINTEGRATING TABLET_ORAL,74
582,INSULIN REGULAR 1 UNIT/ML INFUSION IN NS 50 ML_IV,74
583,MECLIZINE_ORAL,74
584,NYSTATIN_ORAL,74
585,HYDROXYZINE HCL 25 MG TABLET_ORAL,73
586,RISPERIDONE_ENTERAL,73
587,INV-NS BOLUS (PROMPT - P00035748)_IV,73
588,CYTRA-2_ORAL,72
589,BACTRIM_ENTERAL,72
590,JUNEL 1/20_ORAL,72
591,TROSPIUM_ORAL,72
592,PREGABALIN_ORAL,72
593,PYRIDOXINE_ENTERAL,72
594,OXYBUTYNIN_ENTERAL,71
595,GLUCOSE_ORAL,71
596,METFORMIN 500 MG TABLET_ORAL,71
597,"DIVALPROEX, DELAYED RELEASE_ORAL",71
598,LEVOCARNITINE_IV,70
599,MORPHINE ENTERAL_ORAL,70
600,MIDODRINE_ORAL,70
601,PROPARACAINE 0.5 % EYE DROPS_BY_EYE,70
602,CALCITRIOL_ORAL,70
603,D10W 1/2 NS 1000 ML_IV,70
604,MUPIROCIN 2% TOPICAL OINTMENT_OTHER,70
605,GADOBUTROL 2 MMOL/2 ML (1 MMOL/ML) INTRAVENOUS SOLUTION_IV,70
606,CARBAMAZEPINE (DISPENSED AS TEGRETOL)_ORAL,70
607,FAMOTIDINE 40 MG/5 ML (8 MG/ML) ORAL SUSPENSION_ENTERAL,70
608,MIDAZOLAM (PF) 5 MG/ML INJECTION SOLUTION_NASAL,70
609,ALTEPLASE (IV CATHETER CLEARANCE)_IV,70
610,EPINEPHRINE 2 MG [0.05 MCG/KG/MIN] + D5W 50 ML_IV,70
611,AZTREONAM_IV,69
612,SODIUM BICARBONATE ENTERAL_ENTERAL,69
613,"CHOLECALCIFEROL (VITAMIN D3) 50 MCG (2,000 UNIT) TABLET_ORAL",69
614,FUROSEMIDE 10 MG/ML INJECTION SOLUTION_IV,68
615,SILDENAFIL ENTERAL_ENTERAL,68
616,APREPITANT_ORAL,68
617,NALOXONE_IV,68
618,MIDAZOLAM (PF) 1 MG/ML INJECTION SOLUTION_IV,68
619,METHYLPREDNISOLONE 10 MG/ML IN NACL 0.9 % INFUSION (MIXTURE)_IV,68
620,SILVER NITRATE TOPICAL STICK_OTHER,67
621,PRUCALOPRIDE_ENTERAL,67
622,SODIUM CHLORIDE_ENTERAL,67
623,ERGOCALCIFEROL_ORAL,67
624,NORMAL SALINE 1000 ML_IV,67
625,METRONIDAZOLE 250 MG TABLET_ORAL,67
626,INSULIN PUMP_SUBCUTANEOUS,67
627,OMNIPAQUE 240_ENTERAL,67
628,POTASSIUM CHLORIDE EXTENDED RELEASE_ORAL,67
629,ISRADIPINE_ORAL,66
630,PROCHLORPERAZINE_ORAL,66
631,INHALATIONAL SPACING DEVICE WITH MEDIUM MASK_OTHER,66
632,CEPHALEXIN 250 MG CAPSULE_ORAL,66
633,RITALIN LA_ORAL,65
634,DKA NS + KACETATE 20 MEQ/L + KPHOS 20 MEQ/L INFUSION_IV,65
635,IPRATROPIUM 500 MCG/2.5 ML INHALATION SOLUTION_INHALATION,65
636,TRAZODONE 50 MG TABLET_ORAL,65
637,MYCOPHENOLATE MOFETIL_ORAL,65
638,TAMSULOSIN_ORAL,65
639,SILDENAFIL_ENTERAL,64
640,"D5W 1/2NS 1,000 ML + POTASSIUM CHLORIDE, IVF 20 MEQ_IV",64
641,"FENTANYL INFUSION 1,250 MCG [1 MCG/KG/HR] + SYRINGE CONTAINS 25 ML_IV",64
642,HYDROCORTISONE_ENTERAL,64
643,ZZ IMS TEMPLATE_RECTAL,64
644,AMOXICILLIN 250 MG CAPSULE_ORAL,63
645,"DIAZEPAM 5 MG/5 ML (1 MG/ML, 5 ML) ORAL SOLUTION_ENTERAL",63
646,COLACE_BY_EAR,63
647,OXACILLIN IV 100 MG/ML_IV,62
648,OCULAR LUBRICANT DROPS_BY_EYE,62
649,MONTELUKAST_ENTERAL,62
650,"NICOTINE 21 MG/24 HR TRANSDERMAL FILM, EXTENDED RELEASE_TOPICAL",62
651,OMEPRAZOLE 2 MG-SODIUM BICARBONATE 84 MG/ML ORAL SUSPENSION_ENTERAL,62
652,HYDRALAZINE_IV,61
653,AZATHIOPRINE_ORAL,61
654,OLANZAPINE 5 MG TABLET_ORAL,61
655,CARGLUMIC ACID_ENTERAL,61
656,DESVENLAFAXINE_ORAL,61
657,LABETALOL_ORAL,61
658,PROPRANOLOL EXTENDED RELEASE_ORAL,60
659,"NICOTINE 14 MG/24 HR TRANSDERMAL FILM, EXTENDED RELEASE_TOPICAL",60
660,ACYCLOVIR INJECTION 5 MG/ML IN D5W_IV,60
661,PRAVASTATIN_ORAL,60
662,GLYCERIN (CHILD) RECTAL SUPPOSITORY_RECTAL,60
663,SODIUM BICARBONATE (BAKING SODA)_ENTERAL,60
664,"EPINEPHRINE 0.3 MG/0.3 ML INJECTION, AUTO-INJECTOR_INTRAMUSCULAR",59
665,AMOXICILLIN-CLAVULANATE 120 MG/ML ENTERAL LIQUID_ORAL,59
666,OFLOXACIN 0.3% OTIC SOLUTION_BY_EAR,59
667,CITRACAL + D_ORAL,59
668,VALPROIC ACID (AS SODIUM SALT) 250 MG/5 ML ORAL SOLUTION_ORAL,59
669,ULIPRISTAL_ORAL,58
670,NADOLOL_ORAL,58
671,LIDOCAINE HCL 2 % MUCOSAL SOLUTION_ORAL,58
672,MORPHINE 1 MG/ML NS (ED ONLY) MIXTURE USING 4 MG/ML VIAL_IV,58
673,LACTULOSE_ENTERAL,58
674,CLOBAZAM 2.5 MG/ML ORAL SUSPENSION_ENTERAL,57
675,OXCARBAZEPINE 300 MG TABLET_ORAL,57
676,CLOTRIMAZOLE 1% TOPICAL CREAM_OTHER,57
677,OLANZAPINE_ENTERAL,57
678,OXYCODONE_ENTERAL,57
679,EPIPEN JUNIOR_INTRAMUSCULAR,57
680,D5W NS 500 ML_IV,57
681,NORETHINDRONE 5 MG ORAL TABLET_ORAL,57
682,GENTAMICIN_IV,56
683,ASPIRIN 81 MG CHEWABLE TABLET_ORAL,56
684,DIVALPROEX DELAYED/ENTERIC (DEPAKOTE DR)_ORAL,56
685,LACTOBACILLUS RHAMNOSUS GG_ENTERAL,56
686,POTASSIUM PHOSPHATE DOSE (PIV)_IV,56
687,DKA D12.5W 1/2NS + KACETATE 20 MEQ/L + KPHOS 20 MEQ/L INFUSION_IV,55
688,AMOXICILLIN 875 MG-POTASSIUM CLAVULANATE 125 MG TABLET_ORAL,55
689,PROPOFOL 200 MG [150 MCG/KG/MIN] + SYRINGE CONTAINS 20 ML_IV,55
690,INSULIN ASPART 100 UNIT/ML (NOVOLOG)_SUBCUTANEOUS,55
691,PREGABALIN_ENTERAL,55
692,INSULIN LISPRO DILUTION 10 UNIT/ML (HUMALOG)_SUBCUTANEOUS,55
693,SULFAMETH-TRIMETH (BACTRIM) D5W DILUENT_IV,55
694,SODIUM CHLORIDE 3 % FOR NEBULIZATION_INHALATION,55
695,TIZANIDINE_ORAL,54
696,"ZENPEP 5000 UNITS-17,000 UNITS-24,000 UNITS ORAL DELAYED RELEASE CAPSULE_ENTERAL",54
697,"OMEPRAZOLE 20 MG CAPSULE,DELAYED RELEASE_ORAL",54
698,ERGOCALCIFEROL_ENTERAL,54
699,BISACODYL_RECTAL,54
700,PREDNISOLONE_ENTERAL,54
701,IBUPROFEN 200 MG TABLET_ORAL,54
702,SODIUM CHLORIDE 7% INHALATION SOLUTION_INHALATION,53
703,DOXYCYCLINE HYCLATE 50 MG CAPSULE_ORAL,53
704,CLOBAZAM 2.5 MG/ML ORAL SUSPENSION_ORAL,53
705,SILDENAFIL ENTERAL_ORAL,53
706,EPINEPHRINE INFUSION IN D5W 50 ML (MIXTURE)_IV,53
707,ADVAIR HFA 115 MCG-21 MCG/INH INHALATION AEROSOL_INHALATION,53
708,DIGOXIN_ORAL,53
709,LIDOCAINE 1 % BUFFERED WITH 8.4 % SODIUM BICARB (10 ML) INJECTION_OTHER,53
710,FENTANYL 10 MCG/ML NS (ED ONLY) MIXTURE_IV,53
711,D5W NS + KCL 20 MEQ/L INFUSION_IV,53
712,MAGNESIUM CITRATE_RECTAL,52
713,"DIVALPROEX, EXTENDED RELEASE_ORAL",52
714,DTAP_INTRAMUSCULAR,52
715,CYPROHEPTADINE 2 MG/5 ML ORAL SYRUP_ENTERAL,52
716,CHLOROTHIAZIDE_ENTERAL,52
717,METOPROLOL EXTENDED RELEASE_ORAL,52
718,ALTEPLASE_IV,52
719,SODIUM CHLORIDE_ORAL,52
720,BECLOMETHASONE 40 MCG/INH INHALATION AEROSOL_INHALATION,52
721,DANTROLENE_ENTERAL,52
722,SUCRALFATE 100 MG/ML ORAL SUSPENSION_ORAL,51
723,POTASSIUM CHLORIDE 0.1 MEQ/ML NS_IV,51
724,IOHEXOL 300 MG IODINE/ML INTRAVENOUS SOLUTION_ENTERAL,51
725,FLUOXETINE 20 MG CAPSULE_ORAL,51
726,LORATADINE_ENTERAL,51
727,EPIPEN ADULT_INTRAMUSCULAR,51
728,AZITHROMYCIN 500 MG TABLET_ORAL,51
729,LOSARTAN_ORAL,50
730,RISPERIDONE 1 MG TABLET_ORAL,50
731,MORPHINE 1 MG/ML NS (ED ONLY) MIXTURE USING 10 MG/ML VIAL_IV,50
732,VANCOMYCIN_ORAL,49
733,PRUCALOPRIDE_ORAL,49
734,ISOVUE-250_ORAL,49
735,CHLORPROMAZINE_INTRAMUSCULAR,49
736,ALBUTEROL 120 MG IN 240 ML NS_INHALATION,49
737,ERYTHROMYCIN 5 MG/GRAM (0.5 %) EYE OINTMENT_BY_EYE,49
738,GABAPENTIN 250 MG/5 ML ORAL SOLUTION_ORAL,49
739,"LIDOCAINE 1 %-EPINEPHRINE 1:200,000 (BUFFERED)_OTHER",49
740,MORPHINE_IV,49
741,NOREPINEPHRINE 10 MG [0.05 MCG/KG/MIN] + D5W 50 ML_IV,49
742,ACYCLOVIR NS HYDRATION_IV,49
743,IBUPROFEN 20 MG/ML ENTERAL LIQUID_ENTERAL,48
744,INSULIN DEGLUDEC (U-100) 100 UNIT/ML SUBCUTANEOUS SOLUTION_SUBCUTANEOUS,48
745,HYDROCHLOROTHIAZIDE_ORAL,48
746,CAPTOPRIL_ORAL,48
747,K-PHOS NEUTRAL_ORAL,48
748,MAGNESIUM HYDROXIDE_ENTERAL,48
749,ATORVASTATIN_ORAL,48
750,GAMMAGARD 1 GM/10 ML IJ SOLN (WRAPPED)_IV,48
751,"DIVALPROEX, SPRINKLE_ORAL",48
752,CLONIDINE PATCH CHECK_OTHER,47
753,ALBUTEROL 56 MG IN 240 ML NS_INHALATION,47
754,ALBUTEROL 48 MG IN 240 ML NS_INHALATION,47
755,KETAMINE_INTRAMUSCULAR,47
756,METADATE CD_ORAL,46
757,NALOXONE INFUSION 800 MCG [1 MCG/KG/HR] + NS 50 ML_IV,46
758,LIDOCAINE 2% OTIC SOLUTION_BY_EAR,46
759,ATOVAQUONE_ORAL,46
760,PPD_INTRADERMAL,46
761,MINOCYCLINE_ORAL,46
762,LANSOPRAZOLE_ENTERAL,45
763,AMINOCAPROIC ACID_ORAL,45
764,"BAMLANIVIMAB 700 MG + ETESEVIMAB 1,400 MG_IV",45
765,NAPROXEN 250 MG TABLET_ORAL,45
766,VENLAFAXINE_ORAL,45
767,PERPHENAZINE_ORAL,45
768,POTASSIUM CHLORIDE ENTERAL IMMEDIATE RELEASE_ENTERAL,45
769,DOCUSATE_RECTAL,44
770,FLEET ENEMA (ADULT)_RECTAL,44
771,TRAMADOL_ORAL,44
772,CIPROFLOXACIN_ENTERAL,44
773,METHYLPREDNISOLONE 20 MG/ML NS_IV,44
774,TRANEXAMIC ACID_OTHER,43
775,SODIUM BICARBONATE RAPID BOLUS_IV,43
776,OXACILLIN_IV,43
777,INFLUENZA VIRUS VACCINE INTRAMUSCULAR SUSPENSION_INTRAMUSCULAR,43
778,OMEPRAZOLE-SODIUM BICARBONATE_ORAL,43
779,DIPHENHYDRAMINE_ENTERAL,43
780,ACETAMINOPHEN 160 MG/5 ML ENTERAL LIQUID (WRAPPED)_OTHER,43
781,IBUPROFEN 20 MG/ML ENTERAL LIQUID_OTHER,43
782,"LIDOCAINE 1% WITH EPINEPHRINE 1:200,000 INJ_OTHER",43
783,ALBUTEROL 64 MG IN 240 ML NS_INHALATION,43
784,CARVEDILOL_ORAL,42
785,BENADRYL_INTRAMUSCULAR,42
786,BUSPIRONE 5 MG TABLET_ORAL,42
787,HYDROXYCHLOROQUINE_ORAL,42
788,LIQUID E-Z PAQUE 60% ORAL SUSPENSION_ENTERAL,42
789,"MIDAZOLAM (PF) 50 MG/50 ML (1 MG/ML) IN SOD CHLOR,ISO-OSM IV SYRINGE_IV",42
790,ALBUMIN HUMAN 5% INTRAVENOUS SOLUTION_IV,42
791,ORTHO MICRONOR_ORAL,42
792,IOHEXOL 240 MG IODINE/ML INTRAVENOUS SOLUTION_ENTERAL,42
793,DILAUDID_ORAL,42
794,"EPINEPHRINE (JR) 0.15 MG/0.3 ML INJECTION,AUTO-INJECTOR_INTRAMUSCULAR",42
795,SERTRALINE 50 MG TABLET_ORAL,41
796,AMINOCAPROIC ACID_IV,41
797,SILDENAFIL_ORAL,41
798,ALBUTEROL 80 MG IN 120 ML IN NS_INHALATION,41
799,WARFARIN - MAINTENANCE DOSING_ORAL,41
800,LINACLOTIDE_ORAL,41
801,OXCARBAZEPINE EXTENDED RELEASE_ORAL,41
802,MOXIFLOXACIN 0.5% OPHTHALMIC SOLUTION_BY_EYE,41
803,HYDROXYZINE HCL 10 MG/5 ML ORAL SOLUTION (WRAPPED)_ORAL,41
804,SODIUM CHLORIDE 3% DOSE_IV,41
805,LEVETIRACETAM 500 MG TABLET_ORAL,40
806,ACETAMINOPHEN 325 MG/10.15 ML ENTERAL LIQUID (WRAPPED)_ENTERAL,40
807,PANTOPRAZOLE INFUSION 40 MG [0.1 MG/KG/HR] + NS 50 ML_IV,40
808,SULFAMETHOXAZOLE 400 MG-TRIMETHOPRIM 80 MG TABLET_ORAL,40
809,PREDNISOLONE ACETATE 1% OPHTHALMIC SUSPENSION_BY_EYE,39
810,"CREON 24,000 UNITS ORAL DELAYED RELEASE CAPSULE_ORAL",39
811,OLANZAPINE 2.5 MG TABLET_ORAL,39
812,ALBUTEROL 100 MG IN 240 ML NS_INHALATION,39
813,OLANZAPINE 5 MG DISINTEGRATING TABLET_ORAL,38
814,MIDAZOLAM INFUSION 50 MG [0.05 MG/KG/HR] + NS 50 ML_IV,38
815,TRIHEXYPHENIDYL_ORAL,38
816,SUMATRIPTAN_SUBCUTANEOUS,38
817,INSULIN GLARGINE (U-100) 100 UNIT/ML SUBCUTANEOUS SOLUTION_SUBCUTANEOUS,38
818,CARBAMAZEPINE (DISPENSED AS TEGRETOL)_ENTERAL,38
819,CELECOXIB_ORAL,38
820,METOCLOPRAMIDE_ENTERAL,38
821,MIDAZOLAM INFUSION 50 MG [0.05 MG/KG/HR] + D5W 50 ML_IV,38
822,DOXYCYCLINE_IV,38
823,"DIAZEPAM 5 MG/5 ML (1 MG/ML, 5 ML) ORAL SOLUTION_ORAL",38
824,CHLOROTHIAZIDE_ORAL,38
825,HYDROMORPHONE 0.2 MG/ML IN NS 50 ML (PCA SYRINGE) - WEIGHT BASED_IV,38
826,SULFAMETHOXAZOLE-TRIMETHOPRIM 8 MG/ML ENTERAL LIQUID_ORAL,38
827,GADOBUTROL 10 MMOL/10 ML (1 MMOL/ML) INTRAVENOUS SOLUTION_IV,38
828,TACROLIMUS (DISPENSED AS PROGRAF)_ENTERAL,38
829,"DIVALPROEX 250 MG TABLET,DELAYED RELEASE_ORAL",38
830,SERTRALINE 100 MG TABLET_ORAL,38
831,IVIG - GAMMAGARD_IV,37
832,INV-LACTATED RINGERS IV BOLUS (P00035748)_IV,37
833,SULFASALAZINE_ORAL,37
834,OPTIRAY 240_ENTERAL,37
835,SUCRALFATE_ENTERAL,37
836,VRAYLAR_ORAL,37
837,CLONIDINE 100 MCG/ML ENTERAL LIQUID CMPD_ENTERAL,37
838,RABIES VACCINE (IMOVAX) HDC VACCINE (BILLABLE)_OTHER,37
839,AVIANE_ORAL,37
840,RIBOFLAVIN_ORAL,37
841,"LEVETIRACETAM 1,500 MG/100 ML IN SODIUM CHLORIDE(ISO-OSM) IV PIGGYBACK_IV",37
842,ALBUMIN HUMAN 25% INTRAVENOUS SOLUTION_IV,37
843,BACLOFEN 25 MG/5 ML (5 MG/ML) ORAL SUSPENSION_ENTERAL,37
844,AUGMENTIN ES_ENTERAL,37
845,METRONIDAZOLE_ENTERAL,37
846,NS FLUSH_IV,36
847,"LIDOCAINE-EPINEPHRINE (PF) 1 %-1:200,000 INJECTION SOLUTION_OTHER",36
848,BUDESONIDE-FORMOTEROL HFA 80 MCG-4.5 MCG/ACTUATION AEROSOL INHALER_INHALATION,36
849,GABAPENTIN 300 MG CAPSULE_ORAL,36
850,LAMOTRIGINE (BRAND MEDICALLY NECESSARY)_ORAL,36
851,EPINEPHRINE 10 MG [0.1 MCG/KG/MIN] + D5W 50 ML_IV,36
852,MEMANTINE_ORAL,36
853,CLINDAMYCIN 1% TOPICAL SOLUTION_OTHER,36
854,MODAFINIL_ORAL,36
855,PAIN EASE MEDIUM STREAM TOPICAL SPRAY_OTHER,36
856,AUGMENTIN_ENTERAL,36
857,GLUCAGON_IV,35
858,LIDOCAINE (BUFFERED) 1% (LOCAL ANESTHESIA) ORDER IN ML._OTHER,35
859,INSULIN LISPRO 100 UNIT/ML (HUMALOG) CARBOHYDRATE RATIO_SUBCUTANEOUS,35
860,HALOPERIDOL LACTATE 5 MG/ML INJECTION SOLUTION_IV,35
861,MESALAMINE_ORAL,35
862,SULFAMETHOXAZOLE-TRIMETHOPRIM SYRINGE + D5W DILUENT BAG (RN TO MIX)_IV,35
863,CHLORHEXIDINE 0.12% MUCOUS MEMBRANE LIQUID_ORAL,35
864,MORPHINE 10 MG/ML INTRAVENOUS SOLUTION_IV,35
865,TACROLIMUS_ENTERAL,35
866,FLUPHENAZINE_ORAL,35
867,BARIUM SULFATE 60 % (W/V) ENTERAL LIQUID_ORAL,35
868,CYPROHEPTADINE 2 MG/5 ML ORAL SYRUP_ORAL,35
869,LAMOTRIGINE 25 MG CHEWABLE DISPERSIBLE TABLET_ORAL,35
870,CAPTOPRIL_ENTERAL,35
871,PROPRANOLOL 10 MG TABLET_ORAL,35
872,OXYMETAZOLINE 0.05 % NASAL SPRAY_NASAL,35
873,ALBUTEROL CONTINUOUS NEB SOLUTION IN NS 48 ML_INHALATION,35
874,HYDROMORPHONE 2 MG/ML SYRINGE WRAPPED (ED ONLY)_IV,34
875,DORNASE ALFA_INHALATION,34
876,SENNOSIDES 8.6 MG TABLET_ORAL,34
877,GLYCEROL PHENYLBUTYRATE_ORAL,34
878,FLUTICASONE PROPIONATE 44 MCG/ACTUATION HFA AEROSOL INHALER_INHALATION,34
879,HEPARIN LOCK FLUSH (PORCINE) 100 UNIT/ML INTRAVENOUS SOLUTION_IV,34
880,MYCOPHENOLIC ACID - MYFORTIC_ORAL,34
881,LACOSAMIDE 10 MG/ML ORAL SOLUTION_ORAL,34
882,"LIDO 0.5%/EPI 1:200,000 (BUFFERED) (BUFFERED LIDO/EPI) (5 ML) SYRINGE_OTHER",34
883,"D5W NS 1000 ML + POTASSIUM CHLORIDE, IVF 20 MEQ_IV",34
884,PHENYTOIN (DISPENSED AS DILANTIN)_ENTERAL,34
885,SOTALOL_ORAL,34
886,PREDNISOLONE SODIUM PHOSPHATE 15 MG/5 ML ORAL SOLUTION (WRAPPED)_ORAL,34
887,COLCHICINE_ORAL,34
888,LURASIDONE 20 MG TABLET_ORAL,34
889,ONDANSETRON IV 2 MG/ML_IV,34
890,CEFDINIR 125 MG/5 ML ORAL SUSPENSION_ORAL,34
891,BRIVARACETAM_ORAL,34
892,TOPIRAMATE 25 MG TABLET_ORAL,34
893,D5W 1/2NS 500 ML_IV,34
894,HYDROCORTISONE 10 MG/ML PF INJECTION_IV,33
895,UBIQUINONE_ORAL,33
896,MORPHINE (PF) 50 MG/50 ML(1 MG/ML) IN 0.9% SOD.CHLORIDE PCA SYRINGE WEIGHT-BASED_IV,33
897,NOVOSEVEN RT_IV,33
898,BACLOFEN 10 MG TABLET_ENTERAL,33
899,OMNITROPE_SUBCUTANEOUS,33
900,NORTRIPTYLINE_ORAL,33
901,ADVAIR DISKUS 250 MCG-50 MCG INHALATION POWDER_INHALATION,33
902,CLOBETASOL 0.05% TOPICAL OINTMENT_OTHER,33
903,GLYCEROL PHENYLBUTYRATE_ENTERAL,32
904,CYCLOSPORINE - NEORAL_ORAL,32
905,ESTRADIOL_ORAL,32
906,FLOVENT HFA 220 MCG/INH INHALATION AEROSOL_INHALATION,32
907,ATROPINE_IV,32
908,"METHYLPHENIDATE ER 27 MG TABLET,EXTENDED RELEASE 24 HR_ORAL",32
909,FLUVOXAMINE EXTENDED RELEASE_ORAL,32
910,KAYEXALATE LIQUID_ORAL,32
911,FLECAINIDE_ORAL,32
912,TACROLIMUS 1 MG/ML ENTERAL LIQUID CMPD_ORAL,32
913,DOCUSATE_ENTERAL,32
914,LEVALBUTEROL 45 MCG/INH INHALATION AEROSOL_INHALATION,31
915,EPINEPHRINE 0.1 MG/ML INJECTABLE SOLUTION_IV,31
916,BUPIVACAINE 0.25% INJECTABLE SOLUTION_SUBCUTANEOUS,31
917,OMNIPAQUE 240_ORAL,31
918,"SCOPOLAMINE 1 MG/72 HR TRANSDERMAL FILM, EXTENDED RELEASE_TOPICAL",31
919,DESMOPRESSIN ENTERAL (DDAVP)_ENTERAL,31
920,NAFCILLIN_IV,31
921,NALBUPHINE_IV,31
922,ARIPIPRAZOLE 2 MG TABLET_ORAL,31
923,TOBRAMYCIN INHALATION_INHALATION,31
924,"D5W 1/4NS 1,000 ML_IV",31
925,VALGANCICLOVIR_ORAL,31
926,CALCITRIOL_ENTERAL,30
927,DIAZEPAM 5 MG TABLET_ORAL,30
928,ISOVUE-300 ORAL DILUTION_ENTERAL,30
929,MYCOPHENOLATE MOFETIL - CELLCEPT_ENTERAL,30
930,LORAZEPAM 2 MG/ML ORAL CONCENTRATE_ORAL,30
931,VERSED_NASAL,30
932,LACOSAMIDE 200 MG/20 ML INTRAVENOUS SOLUTION_IV,30
933,LAMOTRIGINE CHEW TAB_ORAL,30
934,RASBURICASE_IV,30
935,LUBIPROSTONE_ORAL,30
936,GLYCOPYRROLATE 1 MG/5 ML (0.2 MG/ML) ORAL LIQUID_ENTERAL,30
937,IMIG - GAMASTAN S/D_INTRAMUSCULAR,30
938,LEVETIRACETAM EXTENDED RELEASE_ORAL,30
939,LR 1000 ML_IV,30
940,ALBUTEROL 60 MG IN 240 ML NS_INHALATION,30
941,GABAPENTIN 100 MG CAPSULE_ORAL,29
942,"DIVALPROEX, DELAYED RELEASE (DISPENSED AS DEPAKOTE DR)_ENTERAL",29
943,FLUOCINOLONE 0.025% TOPICAL OINTMENT_OTHER,29
944,ADVAIR 250/50_OTHER,29
945,VITAMIN E_ORAL,29
946,RALTEGRAVIR 400 MG TABLET_ORAL,29
947,DIGOXIN_ENTERAL,29
948,"NYSTATIN 100,000 UNITS/G TOPICAL OINTMENT_OTHER",29
949,BUMETANIDE_ENTERAL,29
950,"VANCOMYCIN ORAL, CAPSULE_ORAL",29
951,FENTANYL CITRATE (PF) 50 MCG/ML IJ SOLN (WRAPPED)_IV,29
952,RANITIDINE_IV,29
953,CARGLUMIC ACID_ORAL,29
954,UBIQUINONE_ENTERAL,29
955,LIDOCAINE-PRILOCAINE 2.5 %-2.5 % TOPICAL CREAM_OTHER,29
956,BUPIVACAINE 0.5% INJECTABLE SOLUTION_SUBCUTANEOUS,29
957,LORYNA_ORAL,29
958,PHYTONADIONE_ORAL,29
959,SYEDA_ORAL,29
960,METHYLPHENIDATE 10 MG TABLET_ORAL,29
961,BENZTROPINE 0.5 MG TABLET_ORAL,29
962,BUPIVACAINE 0.25% INJECTABLE SOLUTION_OTHER,29
963,QUETIAPINE 25 MG TABLET_ORAL,29
964,"VANCOMYCIN ORAL, SUGAR-FREE SOLUTION_ORAL",29
965,TETRABENAZINE_ENTERAL,28
966,PREDNISONE 20 MG TABLET_ORAL,28
967,CLOBAZAM 10 MG TABLET_ORAL,28
968,ALBUTEROL 72 MG IN 240 ML NS_INHALATION,28
969,ZINC SULFATE_ORAL,28
970,CITRULLINE_ORAL,28
971,LANSOPRAZOLE_ORAL,28
972,MIDAZOLAM INFUSION 100 MG [0.006 MG/KG/HR] + D5W 50 ML_IV,28
973,SODIUM BICARBONATE SLOW BOLUS_IV,28
974,PANTOPRAZOLE 40 MG INJECTION (VIAL)_IV,28
975,ENOXAPARIN 300 MG/3 ML INJECTION_SUBCUTANEOUS,28
976,REGLAN_ORAL,28
977,OCTREOTIDE_IV,28
978,OXCARBAZEPINE 60 MG/ML SUSPENSION_ORAL,28
979,LIDOCAINE (BUFFERED) 1% (LOCAL ANESTHESIA) ORDER IN ML_OTHER,28
980,"FERROUS SULFATE 325 MG (65 MG IRON) TABLET,DELAYED RELEASE_ORAL",27
981,ESCITALOPRAM 20 MG TABLET_ORAL,27
982,NORMAL SALINE 500 ML_IV,27
983,METHIMAZOLE_ORAL,27
984,D25W BOLUS_IV,27
985,LITHIUM CARBONATE 300 MG TABLET_ORAL,27
986,ALBUTEROL SULFATE 2.5 MG/3 ML (0.083 %) SOLUTION FOR NEBULIZATION_OTHER,27
987,NITROFURANTOIN_ENTERAL,27
988,SERTRALINE_ENTERAL,27
989,MIDODRINE_ENTERAL,27
990,ERYTHROMYCIN ETHYLSUCCINATE 200 MG/5 ML ORAL POWDER FOR SUSPENSION_ENTERAL,27
991,OXYCODONE 5 MG/5 ML ORAL SOLUTION_ORAL,27
992,LIDOCAINE 1% INJECTABLE FOR IV DOSES_IV,26
993,GOLYTELY_ORAL,26
994,AZITHROMYCIN_ENTERAL,26
995,BACLOFEN 10 MG TABLET_ORAL,26
996,HYDROCHLOROTHIAZIDE_ENTERAL,26
997,OCELLA_ORAL,26
998,BUDESONIDE-FORMOTEROL HFA 160 MCG-4.5 MCG/ACTUATION AEROSOL INHALER_INHALATION,26
999,RABAVERT_INTRAMUSCULAR,26
1000,DILTIAZEM_ORAL,26
1001,DIPHENHYDRAMINE 50 MG CAPSULE_ORAL,26
1002,"LIDOCAINE (BUFFERED) 1% WITH EPINEPHRINE 1:200,000 INJ_OTHER",25
1003,CAPSAICIN 0.1 % TOPICAL CREAM_TOPICAL,25
1004,HYDROMORPHONE (PF) 2 MG/ML INJECTION (WRAPPED)_IV,25
1005,ACETYLCYSTEINE (ACETADOTE) IV 30 MG/ML D5W_IV,25
1006,SODIUM CHLORIDE IRRIGATION_OTHER,25
1007,FOSPHENYTOIN IV 25 MG PE/ML NS_IV,25
1008,DEXAMETHASONE 4 MG/ML INJ FOR PO_ENTERAL,25
1009,LIDOCAINE 4% OTIC LIQUID_BY_EAR,25
1010,BREXPIPRAZOLE_ORAL,25
1011,"GUANFACINE 1 MG ORAL TABLET, EXTENDED RELEASE_ORAL",25
1012,PHENOBARBITAL 20 MG/5 ML ORAL ELIXIR_ENTERAL,25
1013,VITAMIN B COMPLEX ORAL CAPSULE_ORAL,25
1014,BENZONATATE_ORAL,25
1015,TRIAMCINOLONE ACETONIDE 0.1 % TOPICAL OINTMENT_TOPICAL,24
1016,"BUPROPION 150 MG/24 HOURS (XL) ORAL TABLET, EXTENDED RELEASE_ORAL",24
1017,METFORMIN 850 MG TABLET_ORAL,24
1018,OXYMETAZOLINE 0.05% NASAL SOLUTION_OTHER,24
1019,FLUTICASONE PROPIONATE 110 MCG/ACTUATION HFA AEROSOL INHALER_INHALATION,24
1020,GUANFACINE_ENTERAL,24
1021,PERAMPANEL_ORAL,24
1022,CANNABIDIOL 100 MG/ML ORAL SOLUTION_ORAL,24
1023,METOPROLOL TARTRATE 25 MG TABLET_ORAL,24
1024,BENADRYL_ENTERAL,24
1025,QUETIAPINE 100 MG TABLET_ORAL,24
1026,ALBUTEROL SULFATE CONCENTRATE 2.5 MG/0.5 ML SOLUTION FOR NEBULIZATION_OTHER,24
1027,SODIUM CHLORIDE 3 % HYPERTONIC INTRAVENOUS BOLUS_IV,24
1028,ALBUTEROL 140 MG IN 240 ML NS_INHALATION,24
1029,LACOSAMIDE 10 MG/ML ORAL SOLUTION_ENTERAL,24
1030,BETHANECHOL_ENTERAL,23
1031,"D10W 1,000 ML_IV",23
1032,TRANEXAMIC ACID_IV,23
1033,PATIENT SUPPLIED HOME PN_IV,23
1034,CLINDAMYCIN 75 MG/5 ML ORAL SOLUTION_ORAL,23
1035,METOPROLOL TARTRATE_ORAL,23
1036,"DIVALPROEX 125 MG CAPSULE,DELAYED RELEASE SPRINKLE_ORAL",23
1037,NUWIQ_IV,23
1038,DRONABINOL_ORAL,23
1039,TRANEXAMIC ACID_ORAL,23
1040,ALBUTEROL 40 MG IN 120 ML NS_INHALATION,23
1041,ATOVAQUONE_ENTERAL,23
1042,CLONIDINE 100 MCG/ML ENTERAL LIQUID CMPD_ORAL,23
1043,BERINERT_IV,23
1044,ISOVUE-300_ENTERAL,23
1045,VALPROIC ACID (AS SODIUM SALT) 250 MG/5 ML ORAL SOLUTION_ENTERAL,23
1046,FERROUS GLUCONATE_ORAL,23
1047,MERCAPTOPURINE_ORAL,23
1048,REMDESIVIR IV 1.25 MG/ML NS_IV,23
1049,OLANZAPINE 10 MG INTRAMUSCULAR SOLUTION_INTRAMUSCULAR,23
1050,CYCLOPENTOLATE 1% OPHTHALMIC SOLUTION_BY_EYE,23
1051,OMEPRAZOLE 2 MG-SODIUM BICARBONATE 84 MG/ML ORAL SUSPENSION_ORAL,23
1052,"METFORMIN ER 500 MG TABLET,EXTENDED RELEASE 24 HR_ORAL",22
1053,LINEZOLID_ORAL,22
1054,GLYCERIN_OTHER,22
1055,SUBOXONE_ORAL,22
1056,POLYETHYLENE GLYCOL 3350  8.5 GRAM ORAL POWDER PACKET_ORAL,22
1057,LORAZEPAM 2 MG/ML SYRINGE (ED ONLY)_INTRAMUSCULAR,22
1058,"D12.5W 1,000 ML + SODIUM CHLORIDE, IVF 80 MEQ_IV",22
1059,IMDEVIMAB_IV,22
1060,SENNOSIDES 8.8 MG/5 ML ORAL SYRUP_ENTERAL,22
1061,INHALATIONAL SPACING DEVICE_OTHER,22
1062,RIVAROXABAN_ORAL,22
1063,CARVEDILOL_ENTERAL,22
1064,COSOPT_BY_EYE,22
1065,PHYTONADIONE_SUBCUTANEOUS,22
1066,SINEMET 25 MG-100 MG ORAL TABLET_ORAL,21
1067,KETAMINE NASAL_NASAL,21
1068,"FLUTICASONE PROPIONATE 50 MCG/ACTUATION NASAL SPRAY,SUSPENSION_NASAL",21
1069,LIDOCAINE 2 % MUCOSAL JELLY IN APPLICATOR_TOPICAL,21
1070,SERTRALINE 25 MG TABLET_ORAL,21
1071,ACETAMINOPHEN 325 MG TABLET_OTHER,21
1072,"D10W 1,000 ML + SODIUM CHLORIDE, IVF 80 MEQ + POTASSIUM CHLORIDE, IVF 20 MEQ_IV",21
1073,DIPHENHYDRAMINE (SUGAR/DYE FREE)_ORAL,21
1074,PHENYTOIN (DISPENSED AS DILANTIN)_ORAL,21
1075,IPRATROPIUM 17 MCG/INH INHALATION AEROSOL_INHALATION,21
1076,ISOVUE-300_ORAL,21
1077,MANNITOL_IV,21
1078,"LIDOCAINE-EPINEPHRINE (PF) 1 %-1:200,000 INJECTION SOLUTION_SUBCUTANEOUS",21
1079,PROCAINAMIDE_IV,21
1080,POTASSIUM CHLORIDE DOSE (CVL) IN NS_IV,21
1081,QUETIAPINE_ENTERAL,21
1082,"NYSTATIN 100,000 UNITS/G TOPICAL CREAM_OTHER",21
1083,"CREON 12,000 UNITS ORAL DELAYED RELEASE CAPSULE_ORAL",21
1084,CYPROHEPTADINE 4 MG TABLET_ORAL,21
1085,RIFAMPIN_ORAL,21
1086,AQUAPHOR TOPICAL OINTMENT_OTHER,21
1087,DEXAMETHASONE SODIUM PHOSPHATE 4 MG/ML INJECTION (WRAPPED)_INTRAMUSCULAR,21
1088,"BUPIVACAINE-EPINEPHRINE 0.25%-1:200,000 INJECTABLE SOLUTION_SUBCUTANEOUS",20
1089,CLONIDINE HCL 0.2 MG TABLET_ORAL,20
1090,CEFPODOXIME_ORAL,20
1091,AMLODIPINE BENZOATE 1 MG/ML ORAL SUSPENSION_ORAL,20
1092,BCH RX RN PATCH CHECK_TOPICAL,20
1093,DIVALPROEX SODIUM DELAYED RELEASE_ORAL,20
1094,INSULIN LISPRO 100 UNIT/ML (HUMALOG) SLIDING SCALE_SUBCUTANEOUS,20
1095,SUMATRIPTAN 25 MG TABLET_ORAL,20
1096,SUMATRIPTAN_NASAL,20
1097,TBO-FILGRASTIM_SUBCUTANEOUS,20
1098,DICYCLOMINE_ENTERAL,20
1099,BAMLANIVIMAB_IV,20
1100,MINOXIDIL_ORAL,20
1101,"DEXMETHYLPHENIDATE ER 5 MG CAPSULE,EXTENDED RELEASE BIPHASIC50-50_ORAL",20
1102,"CEFEPIME 1,500 MG + VANCOMYCIN 3,000 MG + HEPARIN 1,500 UNIT + DEXTROSE 1.5% WITH ELECTROLYTES (DIA_OTHER",20
1103,MORPHINE ENTERAL_ENTERAL,20
1104,"D10W 1,000 ML + SODIUM CHLORIDE, IVF 160 MEQ + POTASSIUM CHLORIDE, IVF 20 MEQ_IV",20
1105,MIDAZOLAM_INTRAMUSCULAR,20
1106,HYDROCORTISONE 10 MG TABLET_ORAL,20
1107,SULFASALAZINE_ENTERAL,20
1108,BUSPIRONE_ENTERAL,20
1109,NOREPINEPHRINE INFUSION 6.4 MG [0.05 MCG/KG/MIN] + NS 50 ML_IV,20
1110,INSULIN DEGLUDEC 100 UNIT/ML_SUBCUTANEOUS,20
1111,TOBRAMYCIN_INHALATION,20
1112,PERAMPANEL_ENTERAL,20
1113,OXYBUTYNIN EXTENDED RELEASE_ORAL,19
1114,APIXABAN 2.5 MG TABLET_ORAL,19
1115,MEXILETINE_ORAL,19
1116,PFIZER-BIONTECH COVID-19 VACCINE PF_INTRAMUSCULAR,19
1117,PROMETHAZINE_IV,19
1118,PHOS-NAK_ENTERAL,19
1119,ARGININE_ENTERAL,19
1120,MAGNESIUM_ORAL,19
1121,TRETINOIN 0.025% TOPICAL CREAM_OTHER,19
1122,CANNABIDIOL 100 MG/ML ORAL SOLUTION_ENTERAL,19
1123,AZELASTINE 0.1% NASAL SPRAY_NASAL,19
1124,CITRULLINE_ENTERAL,19
1125,LIDOCAINE 2% NASAL SOLUTION_NASAL,19
1126,SCOPOLAMINE 1.5 MG PATCH_TOPICAL,19
1127,CIPROFLOXACIN 250 MG TABLET_ORAL,19
1128,CYTRA-2_ENTERAL,19
1129,CLINDAMYCIN_ENTERAL,19
1130,BUMETANIDE_IV,19
1131,INSULIN REGULAR 50 UNIT [0.075 UNIT/KG/HR] + NS 50 ML_IV,18
1132,"DULOXETINE 20 MG CAPSULE,DELAYED RELEASE_ORAL",18
1133,EMTRICITABINE 200 MG-TENOFOVIR DISOPROXIL FUMARATE 300 MG TABLET_ORAL,18
1134,HYOSCYAMINE_ENTERAL,18
1135,MIRTAZAPINE 15 MG TABLET_ORAL,18
1136,SILDENAFIL (PULMONARY HYPERTENSION) 10 MG/ML ORAL POWDR FOR SUSPENSION_ENTERAL,18
1137,VIENVA_ORAL,18
1138,MIDAZOLAM INFUSION 50 MG [0.1 MG/KG/HR] + D5W 50 ML_IV,18
1139,BUMETANIDE_ORAL,18
1140,PHENOBARBITAL 20 MG/5 ML (4 MG/ML) ORAL ELIXIR_ENTERAL,18
1141,LORATADINE 10 MG TABLET_ORAL,18
1142,HYDROMORPHONE_ENTERAL,18
1143,NOREPINEPHRINE 2 MG [0.05 MCG/KG/MIN] + D5W 50 ML_IV,18
1144,LIDOCAINE 4 %-RACEPINEPHRINE 0.05 %-TETRACAINE 0.5 % TOPICAL GEL_OTHER,18
1145,RITUXIMAB-ABBS (TRUXIMA) IV 4 MG/ML NS_IV,18
1146,INSULIN MIX 75/25 (HUMALOG MIX)_SUBCUTANEOUS,18
1147,CLINDAMYCIN HCL 150 MG CAPSULE_ORAL,18
1148,FERROUS SULFATE 220 MG (44 MG IRON)/5 ML ORAL ELIXIR_ORAL,18
1149,CALAMINE 8% TOPICAL LOTION_OTHER,18
1150,PROPOFOL 500 MG [100 MCG/KG/MIN] + SYRINGE CONTAINS. 50 ML_IV,18
1151,OXCARBAZEPINE (BRAND MEDICALLY NECESSARY)_ORAL,18
1152,VIGABATRIN 50 MG/ML ENTERAL LIQUID CMPD_ORAL,18
1153,MUPIROCIN 2 % TOPICAL OINTMENT_TOPICAL,18
1154,INSULIN DEGLUDEC_SUBCUTANEOUS,18
1155,TORSEMIDE_ORAL,18
1156,FLUTICASONE-SALMETEROL ADVAIR DISKUS 500MCG/50MCG_INHALATION,18
1157,CALCIUM 200 MG (AS CALCIUM CARBONATE 500 MG) CHEWABLE TABLET_ORAL,18
1158,"NYSTATIN 100,000 UNITS/G TOPICAL POWDER_OTHER",18
1159,LACOSAMIDE 50 MG TABLET_ORAL,18
1160,CARIPRAZINE_ORAL,18
1161,ALBENDAZOLE_ORAL,18
1162,VIGABATRIN 50 MG/ML ENTERAL LIQUID CMPD_ENTERAL,17
1163,AMITRIPTYLINE_ENTERAL,17
1164,PRAZOSIN_ENTERAL,17
1165,ASENAPINE_ORAL,17
1166,ONDANSETRON HCL 2 MG/ML INTRAVENOUS SOLUTION_OTHER,17
1167,MIGRELIEF_ORAL,17
1168,"D12.5W 1,000 ML + SODIUM CHLORIDE, IVF 160 MEQ_IV",17
1169,LEVOCARNITINE 100 MG/ML ORAL SOLUTION_ENTERAL,17
1170,BACLOFEN 25 MG/5 ML (5 MG/ML) ORAL SUSPENSION_ORAL,17
1171,ROCURONIUM 10 MG/ML INTRAVENOUS SOLUTION_IV,17
1172,PYRIDOSTIGMINE_ORAL,17
1173,DOXYCYCLINE IV 1 MG/ML NS_IV,17
1174,MAGNESIUM OXIDE_ENTERAL,17
1175,ACETAMINOPHEN_OTHER,17
1176,CYANOCOBALAMIN_ORAL,17
1177,DIPHENHYDRAMINE 50 MG/ML INJECTION SOLUTION_INTRAMUSCULAR,17
1178,AMLODIPINE 2.5 MG TABLET_ORAL,17
1179,OPTIRAY 320 ORAL DILUTION_ENTERAL,17
1180,ACETAZOLAMIDE_IV,17
1181,TRANEXAMIC ACID INHALATION_INHALATION,17
1182,LEVOFLOXACIN_ENTERAL,17
1183,PROPRANOLOL 20 MG/5 ML (4 MG/ML) ORAL SOLUTION_ORAL,17
1184,ALBUTEROL 60 MG IN 120 ML NS_INHALATION,17
1185,MANNITOL 20 % INTRAVENOUS SOLUTION_IV,17
1186,BACITRACIN 500 UNIT/GRAM TOPICAL OINTMENT_TOPICAL,17
1187,PANTOPRAZOLE_ORAL,17
1188,ACETAMINOPHEN 500 MG TABLET_OTHER,17
1189,OCULAR LUBRICANT OINTMENT_BY_EYE,17
1190,CLONIDINE HCL 0.1 MG TABLET_ENTERAL,17
1191,"CARBAMAZEPINE, EXTENDED RELEASE (DISPENSED AS TEGRETOL XR)_ORAL",17
1192,CLOPIDOGREL_ORAL,17
1193,ALBUTEROL_INHALATION,17
1194,PYRIDOXINE (VITAMIN B6) 50 MG TABLET_ORAL,16
1195,CASIRIVIMAB-IMDEVIMAB + SODIUM CHLORIDE 0.9% 250 ML_IV,16
1196,"CIPROFLOXACIN 0.3 %-DEXAMETHASONE 0.1 % EAR DROPS,SUSPENSION_BY_EAR",16
1197,ALBUTEROL 160 MG IN NS 48 ML_INHALATION,16
1198,ZIDOVUDINE_ORAL,16
1199,TETANUS IMMUNE GLOBULIN_INTRAMUSCULAR,16
1200,"LIDOCAINE 0.5% WITH EPINEPHRINE 1:200,000 INJ_OTHER",16
1201,AMIODARONE_ORAL,16
1202,CROMOLYN_ENTERAL,16
1203,HYDROCORTISONE 50 MG/ML PF INJECTION_IV,16
1204,HYDROLATUM TOPICAL OINTMENT_OTHER,16
1205,"D10W 1/2 NS 1,000 ML + POTASSIUM CHLORIDE, IVF 20 MEQ_IV",16
1206,RISPERIDONE 0.5 MG DISINTEGRATING TABLET_ORAL,16
1207,ANAKINRA_SUBCUTANEOUS,16
1208,METHYLPREDNISOLONE_ORAL,16
1209,METHYLPHENIDATE_ORAL,16
1210,"CIPROFLOXACIN 0.3 %-DEXAMETHASONE 0.1 % EAR DROPS,SUSPENSION_OTHER",16
1211,RISPERIDONE 1 MG/ML ORAL SOLUTION_ORAL,16
1212,"NS 1,000 ML + POTASSIUM CHLORIDE, IVF 20 MEQ_IV",16
1213,ACETAMINOPHEN 325 MG/10.15 ML ENTERAL LIQUID (WRAPPED)_OTHER,16
1214,LINEZOLID IN 5% DEXTROSE IN WATER 600 MG/300 ML INTRAVENOUS PIGGYBACK_IV,16
1215,RABIES IMMUNE GLOBULIN (HYPERAB) INJECTION 300 UNITS/ML_OTHER,16
1216,CEFTRIAXONE 40 MG/ML INJECTION IN NS_IV,16
1217,"D5W 1,000 ML + SODIUM BICARBONATE, IVF 150 MEQ_IV",16
1218,LEUCOVORIN_ORAL,16
1219,BRIVARACETAM_ENTERAL,16
1220,BALSALAZIDE_ORAL,16
1221,PENTASA ER CAPSULE_ORAL,16
1222,TRI-LO-SPRINTEC_ORAL,16
1223,DOCUSATE_BY_EAR,16
1224,KETAMINE_NASAL,16
1225,"BUPROPION 100 MG/12 HOURS (SR) ORAL TABLET, EXTENDED RELEASE_ORAL",16
1226,"NS, CONTINUOUS FLUSH 1,000 ML_IV",16
1227,INV-AZITHROMYCIN/PLACEBO (P00037744)_ORAL,16
1228,AZITHROMYCIN 250 MG TABLET_ORAL,16
1229,FLUTICASONE 44 MCG/INH INHALATION AEROSOL_INHALATION,16
1230,RUFINAMIDE 40 MG/ML ORAL SUSPENSION_ENTERAL,16
1231,MELOXICAM_ORAL,16
1232,"CEFEPIME 375 MG + VANCOMYCIN 75 MG + HEPARIN 1,500 UNIT_OTHER",16
1233,HUMATE-P (DOSE BASED ON VWF:RCO UNITS)_IV,16
1234,"METHYLPHENIDATE ER 36 MG TABLET,EXTENDED RELEASE 24 HR_ORAL",16
1235,MAGNESIUM GLYCINATE_ORAL,16
1236,EPINEPHRINE 2 MG [0.1 MCG/KG/MIN] + D5W 50 ML_IV,16
1237,KOGENATE FS_IV,15
1238,FUROSEMIDE 10 MG/ML ORAL SOLUTION_ORAL,15
1239,IOHEXOL 240 MG IODINE/ML INTRAVENOUS SOLUTION_ORAL,15
1240,GLYCOPYRROLATE_IV,15
1241,PHENOBARBITAL SODIUM 65 MG/ML INJECTION SOLUTION_IV,15
1242,MAGNESIUM SULFATE_IV,15
1243,CLOBAZAM 10 MG TABLET_ENTERAL,15
1244,CLONAZEPAM 0.1 MG/ML ENTERAL LIQUID CMPD_ORAL,15
1245,PREDNISOLONE 15 MG/5 ML ORAL SYRUP_ORAL,15
1246,FLECAINIDE_ENTERAL,15
1247,ENALAPRIL MALEATE 1 MG/ML ORAL SOLUTION_ORAL,15
1248,MELATONIN 1 MG TABLET_ORAL,15
1249,IOHEXOL 300 MG IODINE/ML INTRAVENOUS SOLUTION_OTHER,15
1250,ACETAMINOPHEN 650 MG RECTAL SUPPOSITORY_RECTAL,15
1251,DIPHENHYDRAMINE IV SYRINGE 10 MG/ML IN SWFI_IV,15
1252,"DEXTROAMPHETAMINE-AMPHETAMINE ER 10 MG 24HR CAPSULE,EXTEND RELEASE_ORAL",15
1253,MORPHINE EXTENDED RELEASE_ORAL,15
1254,BENZTROPINE 1 MG TABLET_ORAL,15
1255,VALGANCICLOVIR_ENTERAL,15
1256,"DEXTROSE 10% WITH 0.45% NACL 1,000 ML_IV",15
1257,MIDAZOLAM 2 MG/ML ORAL SYRUP (WRAPPED)_ORAL,15
1258,WARFARIN - MAINTENANCE DOSING_ENTERAL,15
1259,ONDANSETRON 4 MG DISINTEGRATING TABLET_OTHER,15
1260,CROMOLYN 4% OPHTHALMIC SOLUTION_BY_EYE,15
1261,AMANTADINE_ENTERAL,15
1262,IPRATROPIUM BROMIDE 0.02 % SOLUTION FOR INHALATION_OTHER,15
1263,DIAZEPAM_RECTAL,15
1264,"D5W NS 1,000 ML + POTASSIUM CHLORIDE, IVF 40 MEQ_IV",15
1265,IPRATROPIUM BROMIDE 17 MCG/ACTUATION HFA AEROSOL INHALER_INHALATION,15
1266,URSODIOL 50 MG/ML ENTERAL LIQUID CMPD_ORAL,15
1267,CROMOLYN_ORAL,15
1268,LEVETIRACETAM (BRAND MEDICALLY NECESSARY)_ORAL,15
1269,DEXTROAMPHETAMINE-AMPHETAMINE 5 MG TABLET_ORAL,15
1270,POLY-VI-SOL DROPS_ENTERAL,15
1271,GOLYTELY_OTHER,15
1272,CLONAZEPAM_ORAL,15
1273,"DULOXETINE 30 MG CAPSULE,DELAYED RELEASE_ORAL",15
1274,NALOXONE INFUSION 800 MCG [0.5 MCG/KG/HR] + NS 50 ML_IV,14
1275,FLUDROCORTISONE_ENTERAL,14
1276,DESMOPRESSIN 0.1 MG TABLET_ORAL,14
1277,LISDEXAMFETAMINE 30 MG CAPSULE_ORAL,14
1278,BUPIVACAINE (PF) 0.25 % (2.5 MG/ML) INJECTION SOLUTION_OTHER,14
1279,NS BOLUS_OTHER,14
1280,DAPTOMYCIN_IV,14
1281,ARIPIPRAZOLE_ENTERAL,14
1282,ETHOSUXIMIDE_ENTERAL,14
1283,LAMIVUDINE_ORAL,14
1284,HYDROXYZINE_IV,14
1285,GRANISETRON_ORAL,14
1286,MAGNESIUM OXIDE 400 MG (241.3 MG MAGNESIUM) TABLET_ORAL,14
1287,LEVOCARNITINE 100 MG/ML ORAL SOLUTION_ORAL,14
1288,APIXABAN_ENTERAL,14
1289,LAMOTRIGINE EXTENDED RELEASE (BRAND MEDICALLY NECESSARY)_ORAL,14
1290,NALOXONE 200 MCG [0.5 MCG/KG/HR] + NS 50 ML_IV,14
1291,CLONAZEPAM 1 MG TABLET_ORAL,14
1292,TIOTROPIUM 1.25 MCG/INH INHALATION AEROSOL_INHALATION,14
1293,"PROPOFOL 1,000 MG [100 MCG/KG/MIN] + BOTTLE CONTAINS 100 ML_IV",14
1294,MIDAZOLAM INFUSION 50 MG [0.1 MG/KG/HR] + NS 50 ML_IV,14
1295,ESGIC_ORAL,14
1296,VERAPAMIL 80 MG TABLET_ORAL,14
1297,FUROSEMIDE 10 MG/ML ORAL SOLUTION_ENTERAL,14
1298,DILTIAZEM_ENTERAL,14
1299,CALCIUM GLUCONATE 20 MG/ML NS_IV,14
1300,TERBUTALINE 25 MG [0.4 MCG/KG/MIN] + SYRINGE CONTAINS 25 ML_IV,14
1301,NORETHINDRONE ACETATE 5 MG TABLET_ORAL,14
1302,HUMATROPE_SUBCUTANEOUS,14
1303,"GUANFACINE 3 MG ORAL TABLET, EXTENDED RELEASE_ORAL",14
1304,MULTIVITAMIN W/ MINERALS CHEWABLE_ORAL,14
1305,BENEFIX_IV,14
1306,THIAMINE_ORAL,14
1307,LEVOFLOXACIN 25 MG/ML ENTERAL LIQUID_ORAL,14
1308,FEXOFENADINE_ORAL,14
1309,IVACAFTOR_ORAL,14
1310,GLYCERIN_ENTERAL,14
1311,INSULIN ASPART U-100  100 UNIT/ML SUBCUTANEOUS SOLUTION_SUBCUTANEOUS,14
1312,MIDAZOLAM INFUSION 30 MG [0.05 MG/KG/HR] + D5W 30 ML_IV,14
1313,CYCLOSPORINE - NEORAL_ENTERAL,14
1314,MYCOPHENOLATE MOFETIL 250 MG CAPSULE_ORAL,14
1315,IRON DEXTRAN 5 MG/ML IN NS_IV,14
1316,HYDROXYZINE_ENTERAL,14
1317,PSEUDOEPHEDRINE_ORAL,14
1318,LIDOCAINE 1% (LOCAL ANESTHESIA) ORDER IN ML_OTHER,14
1319,MAGNESIUM SULFATE_ORAL,14
1320,VERAPAMIL_ORAL,14
1321,FENTANYL CITRATE (PF) 50 MCG/ML IJ SOLN (WRAPPED)_NASAL,14
1322,CETACAINE 14%-2%-2% MUCOUS MEMBRANE AEROSOL_OTHER,14
1323,GENTAMICIN_INTRAMUSCULAR,13
1324,"D12.5W 1000 ML + SODIUM CHLORIDE, IVF 160 MEQ_IV",13
1325,CHLORPROMAZINE 25 MG TABLET_ORAL,13
1326,DEFERASIROX_ORAL,13
1327,PHYTONADIONE_IV,13
1328,AMILORIDE_ORAL,13
1329,OLOPATADINE 0.1% OPHTHALMIC SOLUTION_BY_EYE,13
1330,SILDENAFIL (PULMONARY HYPERTENSION) 10 MG/ML ORAL POWDR FOR SUSPENSION_ORAL,13
1331,HEPARIN BOLUS_IV,13
1332,BIOTIN_ORAL,13
1333,ADVATE RAHF-PFM_IV,13
1334,CHLOROTHIAZIDE_IV,13
1335,PAROXETINE_ORAL,13
1336,DESMOPRESSIN INJECTABLE (DDAVP)_IV,13
1337,FENTANYL (PF) 50 MCG/ML IN NS 25 ML IV SYRINGE_IV,13
1338,PRAZOSIN 1 MG CAPSULE_ORAL,13
1339,GIANVI_ORAL,13
1340,"D10W 1,000 ML + POTASSIUM ACETATE, IVF 10 MEQ_IV",13
1341,VANCOMYCIN_ENTERAL,13
1342,"TRANEXAMIC ACID 1,000 MG/10 ML (100 MG/ML) INTRAVENOUS SOLUTION_IV",13
1343,NICOTINE 14 MG/24 HR DAILY TRANSDERMAL PATCH_TOPICAL,13
1344,ENTRESTO 24 MG-26 MG ORAL TABLET_ORAL,13
1345,LEVOFLOXACIN 250 MG TABLET_ORAL,13
1346,HYDROXYUREA 100 MG/ML ENTERAL LIQUID CMPD (NON-ONC)_ORAL,13
1347,"DEXTROSE 5% WITH 0.45% NACL 1,000 ML_IV",13
1348,"D5W 1/2NS 1000 ML + POTASSIUM CHLORIDE, IVF 20 MEQ_IV",13
1349,DOPAMINE INFUSION 160 MG [5 MCG/KG/MIN] + D5W 50 ML_IV,13
1350,TIZANIDINE_ENTERAL,13
1351,CLONAZEPAM 0.125 MG DISINTEGRATING TABLET_ORAL,13
1352,RISPERIDONE 2 MG TABLET_ORAL,13
1353,INSULIN LISPRO_SUBCUTANEOUS,13
1354,ALPRAZOLAM_ORAL,13
1355,CHLOROPROCAINE 2% INJECTABLE SOLUTION_OTHER,13
1356,MORPHINE 1 MG/ML NS (ED ONLY)_IV,13
1357,LACTATED RINGERS 1000 ML_IV,13
1358,DONNATAL_ORAL,13
1359,RACEPINEPHRINE 2.25 % SOLUTION FOR NEBULIZATION_OTHER,13
1360,SODIUM BENZOATE_ENTERAL,13
1361,IBUPROFEN_OTHER,13
1362,CEFDINIR_ENTERAL,13
1363,"ALBUMIN, HUMAN 25 % INTRAVENOUS SOLUTION_IV",13
1364,ETHANOL 70% FOR CATHETER LOCK_IV,13
1365,D50W BOLUS_IV,13
1366,DILTIAZEM 24 HOUR EXTENDED RELEASE_ORAL,13
1367,SODIUM CHLORIDE 0.9% IRRIGATION SOLUTION_OTHER,12
1368,GLYCERIN SUPP ADULT_RECTAL,12
1369,"ANTIHEMOPHILIC FVIII,HEK CELL 1,000 UNIT IV SOLN (NUWIQ)_IV",12
1370,"TOBRAMYCIN 0.3 %-DEXAMETHASONE 0.1 % EYE DROPS,SUSPENSION_BY_EYE",12
1371,COLACE_RECTAL,12
1372,CYCLOMYDRIL_BY_EYE,12
1373,CHOLECALCIFEROL (VITAMIN D3) 10 MCG (400 UNIT) TABLET_ORAL,12
1374,"COAGULATION FACTOR VIIA RECOMB 2 MG (2,000 MCG) INJECTION (NOVOSEVEN-RT)_IV",12
1375,GABAPENTIN 300 MG ORAL CAPSULE_ORAL,12
1376,MAALOX_ENTERAL,12
1377,BUDESONIDE CAPSULE (DELAYED RELEASE)_ORAL,12
1378,PHYSOSTIGMINE 0.4 MG/ML INJECTION SOLUTION (5 ML)_IV,12
1379,GOLYTELY_ENTERAL,12
1380,TOPIRAMATE ER_ORAL,12
1381,"OCTREOTIDE 1,250 MCG [0.5 MCG/KG/HR] + NS 50 ML_IV",12
1382,DEXTROAMPHETAMINE_ORAL,12
1383,CYSTO-CONRAY II_OTHER,12
1384,GUAIFENESIN_ENTERAL,12
1385,FENTANYL 10 MCG/ML IN NS INFUSION (FROM PREMIX)_IV,12
1386,TOPIRAMATE 25 MG/ML ORAL SOLUTION_ORAL,12
1387,DIPHTH/PERTUS(ACEL)/TETANUS (ADACEL) (BILLABLE)_OTHER,12
1388,HYDROXYCHLOROQUINE 200 MG TABLET_ORAL,12
1389,CAFFEINE-SODIUM BENZOATE_IV,12
1390,MINERAL OIL_ENTERAL,12
1391,OCTREOTIDE_SUBCUTANEOUS,12
1392,IBUPROFEN 600 MG TABLET_OTHER,12
1393,ANDROGEL (TESTOSTERONE GEL) 1%_OTHER,12
1394,IVIG - GAMUNEX-C_IV,12
1395,"CEFEPIME 500 MG + VANCOMYCIN 1,000 MG + HEPARIN 500 UNIT_OTHER",12
1396,FOLIC ACID_ENTERAL,12
1397,CEFDINIR 300 MG CAPSULE_ORAL,12
1398,"VANCOMYCIN ORAL, SUGAR-FREE SOLUTION_ENTERAL",12
1399,MEROPENEM 1 G/20ML IV (WET SOLR VIAL)_IV,12
1400,PHYSOSTIGMINE_IV,12
1401,PROPOFOL 500 MG [25 MCG/KG/MIN] + SYRINGE CONTAINS. 50 ML_IV,12
1402,"SIMETHICONE 40 MG/0.6 ML ORAL DROPS,SUSPENSION_ENTERAL",12
1403,SIROLIMUS_ENTERAL,12
1404,ALBUTEROL 40 MG IN 240 ML NS_INHALATION,12
1405,ALBUTEROL 30 MG IN 120 ML NS_INHALATION,12
1406,HYDROMORPHONE 2 MG/ML CUSTOM IJ SOLN (WRAPPED)_IV,12
1407,CIPROFLOXACIN 50 MG/ML ENTERAL LIQUID_ORAL,12
1408,ALBUTEROL 32 MG IN 120 ML NS_INHALATION,12
1409,SALINE ENEMA_RECTAL,12
1410,PRIMIDONE_ORAL,12
1411,OSELTAMIVIR 6 MG/ML ORAL SUSPENSION_ORAL,12
1412,CASIRIVIMAB-IMDEVIMAB_IV,12
1413,CYCLOBENZAPRINE 10 MG TABLET_ORAL,12
1414,"COAGULATION FACTOR VIIA RECOMB 5 MG (5,000 MCG) INJECTION (NOVOSEVEN-RT)_IV",12
1415,MIDAZOLAM (PF) 5 MG/ML INJECTION SOLUTION_IV,12
1416,SPIRONOLACTONE 5 MG/ML SUSPENSION_ENTERAL,12
1417,CHOLESTYRAMINE_ENTERAL,12
1418,FLUCONAZOLE_ENTERAL,12
1419,ONDANSETRON HCL 4 MG/5 ML ORAL SOLUTION_ENTERAL,12
1420,PCA/NCA MORPHINE 30 ML_OTHER,12
1421,"OCTREOTIDE 1,250 MCG [50 MCG/HR] + NS 50 ML_IV",12
1422,"HOME PN UNTIL BCH PN CAN BE PROVIDED 1,000 ML_IV",11
1423,REGLAN_ENTERAL,11
1424,NEPHRO-VITE_ORAL,11
1425,ETOMIDATE 2 MG/ML INTRAVENOUS SOLUTION_IV,11
1426,SINEMET 25 MG-100 MG ORAL TABLET_ENTERAL,11
1427,PROPOFOL 10 MG/ML INTRAVENOUS EMULSION_IV,11
1428,CETIRIZINE 1 MG/ML ORAL SOLUTION (WRAPPED)_ENTERAL,11
1429,FERROUS SULFATE 220 MG (44 MG IRON)/5 ML ORAL ELIXIR_ENTERAL,11
1430,NORETHINDRONE 5 MG ORAL TABLET_ENTERAL,11
1431,TRANEXAMIC ACID NEBULIZER SOLUTION 100 MG/ML_INHALATION,11
1432,MULTITHERA VITAMIN_ORAL,11
1433,LABETALOL_ENTERAL,11
1434,TOLTERODINE_ORAL,11
1435,CALCIUM CARBONATE 250 MG/ML (100 MG/ML ELEMENTAL) ENTERAL LIQUID CMPD_ENTERAL,11
1436,CLONIDINE TTS-1 PATCH [2 PATCHES = 200 MCG/DAY]_TOPICAL,11
1437,HEPARIN FLUSH 100 UNIT/ML_OTHER,11
1438,ACETAZOLAMIDE_ENTERAL,11
1439,HYOSCYAMINE 0.125 MG SUBLINGUAL TABLET_ORAL,11
1440,RIFAXIMIN_ENTERAL,11
1441,SIMVASTATIN_ORAL,11
1442,"DEXMETHYLPHENIDATE ER 20 MG CAPSULE,EXTENDED RELEASE BIPHASIC50-50_ORAL",11
1443,AZATHIOPRINE_ENTERAL,11
1444,OXCARBAZEPINE 60 MG/ML SUSPENSION_ENTERAL,11
1445,POTASSIUM CHLORIDE 20 MEQ ORAL PACKET_ORAL,11
1446,VYVANSE_ORAL,11
1447,TOBRAMYCIN_IV,11
1448,CALCIUM GLUCONATE DOSE (CVL)_IV,11
1449,SODIUM CHLORIDE 0.65 % NASAL SPRAY AEROSOL_NASAL,11
1450,L-THEANINE_ORAL,11
1451,ACETAMINOPHEN 80 MG CHEWABLE TABLET_ORAL,11
1452,"PROPRANOLOL ER 60 MG CAPSULE,24 HR,EXTENDED RELEASE_ORAL",11
1453,NORETHINDRONE_ENTERAL,11
1454,EVEROLIMUS_ORAL,11
1455,ALBUTEROL 48 MG IN NS 48 ML_INHALATION,11
1456,ZZ EXTEMPORANEOUS TEMPLATE_ORAL,11
1457,FLUOXETINE 10 MG CAPSULE_ORAL,11
1458,BUDESONIDE 90 MCG/INH INHALATION POWDER_INHALATION,11
1459,FLUTICASONE_INHALATION,11
1460,PERMETHRIN 5% TOPICAL CREAM_OTHER,11
1461,CLARITHROMYCIN_ORAL,11
1462,UNABLE TO FIND_ENTERAL,11
1463,POTASSIUM CHLORIDE 0.4 MEQ/ML SWFI_IV,11
1464,DESMOPRESSIN INJECTABLE (DDAVP)_SUBCUTANEOUS,11
1465,PYRIDOSTIGMINE_ENTERAL,11
1466,IVABRADINE_ORAL,11
1467,SIMETHICONE 20 MG/0.3 ML ORAL SYRINGE (ORAL USE)_ORAL,11
1468,LIDOCAINE 2% (LOCAL ANESTHESIA) ORDER IN ML_INTRADERMAL,11
1469,MIDAZOLAM 1 MG/ML INJECTION SOLUTION_IV,11
1470,NITROGLYCERIN_ORAL,11
1471,ASCORBIC ACID_ENTERAL,11
1472,ARGININE_IV,11
1473,TOBRAMYCIN 0.3% OPTH SOLN_BY_EYE,11
1474,BRIMONIDINE 0.15% OPHTHALMIC SOLUTION_BY_EYE,11
1475,PROMETHAZINE_ORAL,11
1476,ACETAMINOPHEN 120 MG RECTAL SUPPOSITORY_OTHER,10
1477,DOCUSATE SODIUM 50 MG/5 ML ORAL LIQUID_ORAL,10
1478,DEXMETHYLPHENIDATE 5 MG TABLET_ORAL,10
1479,SODIUM BICARBONATE 1 MEQ/ML ENTERAL LIQUID CMPD_ENTERAL,10
1480,ERYTHROMYCIN ETHYLSUCCINATE 200 MG/5 ML ORAL POWDER FOR SUSPENSION_ORAL,10
1481,TERBUTALINE_IV,10
1482,THIAMINE_IV,10
1483,VANCOMYCIN 125 MG CAPSULE_ORAL,10
1484,MAGNESIUM SULFATE_ENTERAL,10
1485,"NYSTATIN 100,000 UNIT/ML ENTERAL LIQUID_ORAL",10
1486,"TREPROSTINIL 500,000 NG [18.31 NG/KG/MIN] + NS 50 ML_IV",10
1487,TROPICAMIDE 1% OPHTHALMIC SOLUTION_BY_EYE,10
1488,BRIVARACETAM 10 MG/ML ORAL SOLUTION_ORAL,10
1489,OMNIPAQUE 300 ORAL DILUTION_ENTERAL,10
1490,ZIPRASIDONE 20 MG CAPSULE_ORAL,10
1491,METHADONE 5 MG/5 ML ORAL SOLUTION_ENTERAL,10
1492,CLONIDINE 5 MCG/ML ENTERAL LIQUID CMPD_ENTERAL,10
1493,PERPHENAZINE 4 MG TABLET_ORAL,10
1494,PYRIDOXINE_IV,10
1495,BOSENTAN_ENTERAL,10
1496,PHENOBARBITAL 20 MG/5 ML (4 MG/ML) ORAL ELIXIR_ORAL,10
1497,RUXOLITINIB_ORAL,10
1498,MIDAZOLAM 5 MG/ML SYRINGE (ED ONLY)_NASAL,10
1499,BRIVARACETAM_IV,10
1500,TAMSULOSIN 0.4 MG CAPSULE_ORAL,10
1501,MIDAZOLAM 5 MG/ML INJECTION SOLUTION_NASAL,10
1502,"METHYLPHENIDATE 10 MG/8 HR ORAL TABLET, EXTENDED RELEASE_ORAL",10
1503,ASPIRIN 81 MG CHEWABLE TABLET_ENTERAL,10
1504,DEXMEDETOMIDINE 400 MCG [0.5 MCG/KG/HR] + NS 100 ML_IV,10
1505,PREDNISOLONE ORALLY DISINTEGRATING TAB_ORAL,10
1506,LACOSAMIDE (BRAND MEDICALLY NECESSARY)_ORAL,10
1507,COLACE_ENTERAL,10
1508,ACETAZOLAMIDE 250 MG TABLET_ORAL,10
1509,HALOPERIDOL LACTATE 5 MG/ML INJECTION SOLUTION_INTRAMUSCULAR,10
1510,AMITRIPTYLINE 10 MG TABLET_ORAL,10
1511,GLUCOSE GEL 15 GRAM/31 ML ORAL PACKET_ORAL,10
1512,SARS-COV-2 MRNA (TOZINAMERAN 5Y-11Y) VACCINE_INTRAMUSCULAR,10
1513,MELATONIN 3 MG TABLET_ENTERAL,10
1514,"KETAMINE, INFUSION 250 MG [8.4 MG/HR] + NS 50 ML_IV",10
1515,CLONIDINE_TOPICAL,10
1516,FELBAMATE_ORAL,10
1517,IBUPROFEN 400 MG TABLET_OTHER,10
1518,PROPOFOL 500 MG [50 MCG/KG/MIN] + SYRINGE CONTAINS. 50 ML_IV,10
1519,LIRAGLUTDIE (NON-INSULIN PEN)_SUBCUTANEOUS,10
1520,IRON SUCROSE_IV,10
1521,GLYCOPYRROLATE 1 MG TABLET_ENTERAL,10
1522,VALINE_ENTERAL,10
1523,LIDOCAINE 1% BUFFERED 0.25ML FOR J-TIP ADMINISTRATION._SUBCUTANEOUS,10
1524,VALACYCLOVIR 500 MG TABLET_ORAL,10
1525,FENTANYL INFUSION 1250 MCG [2 MCG/KG/HR] + SYRINGE CONTAINS 25 ML_IV,10
1526,PROPOFOL 500 MG [75 MCG/KG/MIN] + SYRINGE CONTAINS. 50 ML_IV,10
1527,METHYLPREDNISOLONE 20 MG/ML IN NACL 0.9 % INFUSION (MIXTURE)_IV,10
1528,CYTRA-K_ORAL,10
1529,RIFAXIMIN_ORAL,10
1530,MEDROXYPROGESTERONE ENTERAL_ORAL,10
1531,PROPOFOL._IV,10
1532,INSULIN LISPRO 100 UNIT/ML (HUMALOG) CONTINUOUS PUMP 300 UNIT + BOTTLE CONTAINS 3 ML_SUBCUTANEOUS,10
1533,SODIUM BENZOATE_ORAL,10
1534,MIRABEGRON_ORAL,10
1535,"KETAMINE, INFUSION 250 MG [6.9 MG/HR] + NS 50 ML_IV",10
1536,AYGESTIN_ENTERAL,10
1537,INSULIN REGULAR 50 UNIT [0.025 UNIT/KG/HR] + NS 50 ML_IV,10
1538,BUPIVACAINE 0.5% INJECTABLE SOLUTION_OTHER,10
1539,"D10W NS (ED ONLY) 1,000 ML_IV",10
1540,OMNIPAQUE 300_ENTERAL,10
1541,DILTIAZEM 5 MG/ML INTRAVENOUS SOLUTION_IV,10
1542,ENTRESTO 49 MG-51 MG ORAL TABLET_ORAL,10
1543,FLUTICASONE 110 MCG/INH INHALATION AEROSOL_INHALATION,10
1544,KETOROLAC 15 MG/ML INJECTION SOLUTION_INTRAMUSCULAR,10
1545,CAFFEINE CITRATE_ORAL,10
1546,"KETAMINE, INFUSION 250 MG [6.5 MG/HR] + NS 50 ML_IV",10
1547,CYSTO-CONRAY II_RECTAL,10
1548,TRIKAFTA COMBO ORANGE TAB- ADULT FORMULATION (ELEXACAFTOR 100 MG/IVACAFTOR 75 MG/ TEZACAFTOR 50 MG)_ORAL,10
1549,"ESOMEPRAZOLE MAGNESIUM 20 MG CAPSULE,DELAYED RELEASE_ORAL",9
1550,ZONISAMIDE 100 MG/5 ML ORAL SUSPENSION_ORAL,9
1551,CLONAZEPAM 0.1 MG/ML ENTERAL LIQUID CMPD_ENTERAL,9
1552,MINERAL OIL ORAL_RECTAL,9
1553,VERAPAMIL_ENTERAL,9
1554,FLUTICASONE CFC FREE 220 MCG/INH INHALATION AEROSOL_INHALATION,9
1555,ALBUTEROL 56 MG IN NS 48 ML_INHALATION,9
1556,DANTROLENE_ORAL,9
1557,THIAMINE_ENTERAL,9
1558,GAMUNEX-C 1 GM/10 ML IJ SOLN (WRAPPED)_IV,9
1559,"GUANFACINE 4 MG ORAL TABLET, EXTENDED RELEASE_ORAL",9
1560,ACETAMINOPHEN 80 MG RECTAL SUPPOSITORY_OTHER,9
1561,D10W INFUSION_IV,9
1562,"D10W 1,000 ML + SODIUM CHLORIDE, IVF 40 MEQ_IV",9
1563,FERUMOXYTOL_IV,9
1564,PHENYLEPHRINE_OTHER,9
1565,"D12.5W 500 ML + SODIUM CHLORIDE, IVF 80 MEQ + POTASSIUM ACETATE, IVF 12.5 MEQ + POTASSIUM PHOSPHATE_IV",9
1566,BENZTROPINE_ENTERAL,9
1567,QUETIAPINE ER_ORAL,9
1568,RISPERIDONE 1 MG ORAL TABLET_ORAL,9
1569,VALPROIC ACID_ORAL,9
1570,"POTASSIUM, SODIUM PHOSPHATES 280 MG-160 MG-250 MG ORAL POWDER PACKET_ORAL",9
1571,TACROLIMUS EXTENDED RELEASE_ORAL,9
1572,DIPHENHYDRAMINE-MAALOX COMPOUND_ORAL,9
1573,PALIPERIDONE_ORAL,9
1574,HYDROXYZINE HCL 10 MG/5 ML ORAL SOLUTION_ORAL,9
1575,MIDAZOLAM 2 MG/ML ORAL SYRUP_ORAL,9
1576,INHALATIONAL SPACING DEVICE WITH INTERMEDIATE MASK_OTHER,9
1577,CHOLECALCIFEROL (VITAMIN D3) 10 MCG/ML (400 UNIT/ML) ORAL DROPS_ENTERAL,9
1578,NIFEDIPINE EXTENDED RELEASE_ORAL,9
1579,"COAGULATION FACTOR VIIA RECOMB 1 MG (1,000 MCG) INJECTION (NOVOSEVEN-RT)_IV",9
1580,OXCARBAZEPINE (BRAND MEDICALLY NECESSARY)_ENTERAL,9
1581,BENZTROPINE_INTRAMUSCULAR,9
1582,TRETINOIN 0.05% TOPICAL CREAM_OTHER,9
1583,TOPIRAMATE 25 MG/ML ORAL SOLUTION_ENTERAL,9
1584,HALOPERIDOL 1 MG TABLET_ORAL,9
1585,PHENYLEPHRINE 2.5% OPHTHALMIC SOLUTION_BY_EYE,9
1586,PFIZER-BIONTECH COVID-19 VACCINE (DO NOT DILUTE)_INTRAMUSCULAR,9
1587,JORNAY PM_ORAL,9
1588,LEVETIRACETAM (BRAND MEDICALLY NECESSARY)_ENTERAL,9
1589,ADENOSINE 3 MG/ML INTRAVENOUS SOLUTION_IV,9
1590,NORTRIPTYLINE_ENTERAL,9
1591,E-Z-DISK_ORAL,9
1592,ZONISAMIDE 100 MG CAPSULE_ORAL,9
1593,CLONAZEPAM 0.5 MG TABLET_ORAL,9
1594,DROSPIRENONE_ORAL,9
1595,LATANOPROST 0.005% OPHTHALMIC SOLUTION_BY_EYE,9
1596,BETAINE_ENTERAL,9
1597,NAFCILLIN IV 40 MG/ML NS_IV,9
1598,"LIDO 0.5%/EPI 1:200,000 (BUFFERED) (BUFFERED LIDO/EPI) (5 ML) SYRINGE_SUBCUTANEOUS",9
1599,FLUCONAZOLE 100 MG TABLET_ORAL,9
1600,SCOPOLAMINE PATCH CHECK_OTHER,9
1601,"METHYLPHENIDATE 27 MG/24 HR ORAL TABLET, EXTENDED RELEASE_ORAL",9
1602,TERBINAFINE 1% TOPICAL CREAM_OTHER,9
1603,FOCALIN XR_ORAL,9
1604,BOSENTAN_ORAL,9
1605,NAPROXEN 125 MG/5 ML ORAL SUSPENSION_ORAL,9
1606,BENZTROPINE_IV,9
1607,DILAUDID_ENTERAL,9
1608,INFLUENZA VIRUS VACCINE (GREATER THAN 36 MOS OLD)_INTRAMUSCULAR,9
1609,ACETAZOLAMIDE 25 MG/ML ENTERAL LIQUID CMPD_ORAL,9
1610,SODIUM BICARBONATE 325 MG TABLET_ORAL,9
1611,OPTIRAY 240_ORAL,9
1612,SILDENAFIL (PULMONARY HYPERTENSION) 10 MG/12.5 ML INTRAVENOUS SOLUTION_IV,9
1613,HYDROCORTISONE 2 MG/ML ENTERAL LIQUID CMPD_ENTERAL,9
1614,"LACTASE 3,000 UNIT TABLET_ORAL",9
1615,TRETENION OINTMENT .025%_OTHER,9
1616,ASCORBIC ACID (VITAMIN C) 250 MG TABLET_ORAL,9
1617,LORAZEPAM 2 MG/ML INJECTION SOLUTION_INTRAMUSCULAR,9
1618,PEG 3350-ELECTROLYTES 236 GRAM-22.74 GRAM-6.74 GRAM-5.86 GRAM SOLUTION_OTHER,9
1619,"ALBUMIN, HUMAN 5 % INTRAVENOUS SOLUTION_IV",9
1620,DIPHENHYDRAMINE 2.5 MG/ML ENTERAL LIQUID_OTHER,9
1621,SULFAMETHOXAZOLE-TRIMETHOPRIM INJECTION 1 MG/ML IN D5W (MIXTURE)_IV,9
1622,"BUPROPION HCL XL 150 MG 24 HR TABLET, EXTENDED RELEASE_ORAL",9
1623,METFORMIN 500 MG/5 ML ORAL SOLUTION_ORAL,9
1624,EPINEPHRINE 0.1 MG/ML INJECTABLE SOLUTION_OTHER,9
1625,LISINOPRIL 5 MG TABLET_ORAL,8
1626,OXYCODONE EXTENDED RELEASE_ORAL,8
1627,NOREPINEPHRINE 10 MG [0.14 MCG/KG/MIN] + D5W 50 ML_IV,8
1628,MYCOPHENOLATE MOFETIL 200 MG/ML ENTERAL LIQUID CMPD_ORAL,8
1629,MIDAZOLAM INFUSION 50 MG [0.12 MG/KG/HR] + NS 50 ML_IV,8
1630,MONTELUKAST 5 MG CHEWABLE TABLET_ORAL,8
1631,SODIUM CHLORIDE 3 % HYPERTONIC INTRAVENOUS INFUSION  SOLUTION_IV,8
1632,VALPROIC ACID SYRUP (DISPENSED AS DEPAKENE)_ENTERAL,8
1633,"AMINOCAPROIC ACID 4,000 MG [20 MG/KG/HR] + NS 200 ML_IV",8
1634,"BUPROPION HCL SR 100 MG TABLET,12 HR SUSTAINED-RELEASE_ORAL",8
1635,ALBUTEROL 80 MG IN NS 48 ML_INHALATION,8
1636,GUAIFENESIN_ORAL,8
1637,"PROPOFOL 1,000 MG [25 MCG/KG/MIN] + BOTTLE CONTAINS. 100 ML_IV",8
1638,FENTANYL INFUSION 300 MCG [1 MCG/KG/HR] + D5W 30 ML_IV,8
1639,TRI-LO-MARZIA_ORAL,8
1640,DIAZOXIDE_ENTERAL,8
1641,IRON DEXTRAN_IV,8
1642,CYTRA-K_ENTERAL,8
1643,DIAZEPAM 2 MG TABLET_ENTERAL,8
1644,FLUOXETINE_ENTERAL,8
1645,SIMETHICONE 20 MG/0.3 ML ORAL SYRINGE (ORAL USE)_ENTERAL,8
1646,"D5W 1,000 ML_IV",8
1647,DOXYCYCLINE MONOHYDRATE 25 MG/5 ML ORAL SUSPENSION_ORAL,8
1648,PCA/NCA HYDROMORPHONE 0.2 MG/ML 50 ML_OTHER,8
1649,BETAXOLOL_ORAL,8
1650,PRAVASTATIN_ENTERAL,8
1651,SODIUM PHOSPHATE DOSE (PIV)_IV,8
1652,"D10W 1,000 ML + SODIUM CHLORIDE, IVF 80 MEQ + POTASSIUM CHLORIDE, IVF 10 MEQ_IV",8
1653,PRUCALOPRIDE 1 MG TABLET_ORAL,8
1654,PEPPERMINT SPIRIT OIL_OTHER,8
1655,ESLICARBAZEPINE_ORAL,8
1656,HEPATITIS B PEDIATRIC VACCINE_INTRAMUSCULAR,8
1657,"FLUVOXAMINE 100 MG ORAL CAPSULE, EXTENDED RELEASE_ORAL",8
1658,INSULIN LISPRO DILUTION 10 UNIT/ML (HUMALOG) CORRECTION FACTOR_SUBCUTANEOUS,8
1659,FENTANYL INFUSION 1250 MCG [1 MCG/KG/HR] + SYRINGE CONTAINS 25 ML_IV,8
1660,IPRATROPIUM 42 MCG/INH (0.06%) NASAL SPRAY_NASAL,8
1661,ESOMEPRAZOLE MAGNESIUM DR 10 MG GRANULES DELAYED RELEASE FOR SUSP_ENTERAL,8
1662,SODIUM BICARBONATE 1 MEQ/ML ENTERAL LIQUID CMPD_ORAL,8
1663,NOREPINEPHRINE 2 MG [0.1 MCG/KG/MIN] + D5W 50 ML_IV,8
1664,CARVEDILOL 1 MG/ML ENTERAL LIQUID CMPD_ORAL,8
1665,"OCTREOTIDE 1,250 MCG [25 MCG/HR] + NS 50 ML_IV",8
1666,MIDAZOLAM INFUSION 30 MG [0.1 MG/KG/HR] + D5W 30 ML_IV,8
1667,"TACROLIMUS 1 MG CAPSULE, IMMEDIATE-RELEASE_ORAL",8
1668,METOCLOPRAMIDE 10 MG TABLET_ORAL,8
1669,NALOXONE 800 MCG [1 MCG/KG/HR] + NS 200 ML_IV,8
1670,DOPAMINE INFUSION 100 MG [5 MCG/KG/MIN] + D5W 50 ML_IV,8
1671,LEUCOVORIN_ENTERAL,8
1672,EPINEPHRINE 10 MG [0.2 MCG/KG/MIN] + D5W 50 ML_IV,8
1673,"LAMOTRIGINE ER 100 MG TABLET,EXTENDED RELEASE 24 HR_ORAL",8
1674,TOBRAMYCIN OPHTHALMIC 14 MG/ML SOLUTION (COMPOUND)_BY_EYE,8
1675,VANCOMYCIN FORTIFIED OPHTHALMIC SOLN_BY_EYE,8
1676,"NS 1,000 ML + POTASSIUM CHLORIDE, IVF 10 MEQ_IV",8
1677,DEXTROSE 10% WITH 0.45% NACL 1000 ML_IV,8
1678,VORICONAZOLE_ORAL,8
1679,"PREDNISOLONE ACETATE 1 % EYE DROPS,SUSPENSION_BY_EYE",8
1680,SODIUM CHLORIDE 1 MEQ/ML ENTERAL LIQUID CMPD_ENTERAL,8
1681,ULIPRISTAL 30 MG TABLET_ORAL,8
1682,WILATE (DOSE BASED ON VWF:RCO UNITS)_IV,8
1683,FOMEPIZOLE_IV,8
1684,"HEPARIN 5,000 UNIT [20 UNIT/KG/HR] + D5W 50 ML_IV",8
1685,ZZ IMS TEMPLATE_ENTERAL,8
1686,"BUPIVACAINE-EPINEPHRINE 0.25%-1:200,000 PRESERVATIVE-FREE INJECTABLE SOLUTION_OTHER",8
1687,TOPIRAMATE SPRINKLES_ORAL,8
1688,"KETAMINE, INFUSION 250 MG [7 MG/HR] + NS 50 ML_IV",8
1689,CIPROFLOXACIN 0.3% OPHTHALMIC SOLUTION_BY_EYE,8
1690,SEVELAMER CARBONATE_ENTERAL,8
1691,"CEFEPIME 375 MG + VANCOMYCIN 75 MG + HEPARIN 1,500 UNIT + DEXTROSE 1.5% WITH ELECTROLYTES (DIANEAL_OTHER",8
1692,BENZOYL PEROXIDE 5% TOPICAL GEL_OTHER,8
1693,DIAZEPAM 2 MG TABLET_ORAL,8
1694,BISOPROLOL_ORAL,8
1695,SOTALOL_ENTERAL,8
1696,MAGNESIUM CITRATE_ORAL,8
1697,TOPIRAMATE (BRAND MEDICALLY NECESSARY)_ORAL,8
1698,ISOVUE-250_OTHER,8
1699,MORPHINE (PF) 50 MG/50 ML(1 MG/ML) IN 0.9% SOD.CHLORIDE PCA SYRINGE FLAT-D0SE_IV,8
1700,METOPROLOL TARTRATE_ENTERAL,8
1701,"DIPHTHERIA-TETANUS-PERTUSSIS (DTAP, DAPTACEL) VACCINE (BILLABLE)_OTHER",8
1702,EOVIST_IV,8
1703,IBUPROFEN 800 MG TABLET_ORAL,8
1704,CLONIDINE TTS-1 PATCH [1 PATCH = 100 MCG/DAY]_TOPICAL,8
1705,HYDROCHLOROTHIAZIDE 10 MG/ML ENTERAL LIQUID CMPD_ENTERAL,8
1706,"CEFEPIME 1,500 MG + VANCOMYCIN 3,000 MG + HEPARIN 1,500 UNIT_OTHER",8
1707,SODIUM CHLORIDE 0.45 % INTRAVENOUS SOLUTION_IV,8
1708,SODIUM BICARBONATE POWDER (7 MEQ PACKET)_ORAL,8
1709,LIDOCREAM 4% TOPICAL CREAM_OTHER,8
1710,BENZOYL PEROXIDE 10% TOPICAL GEL_OTHER,8
1711,EPINEPHRINE 10 MG [0.06 MCG/KG/MIN] + D5W 50 ML_IV,8
1712,"D10W 1000 ML + SODIUM CHLORIDE, IVF 160 MEQ + POTASSIUM CHLORIDE, IVF 20 MEQ_IV",8
1713,MYCOPHENOLATE MOFETIL_ENTERAL,8
1714,AMLODIPINE BENZOATE 1 MG/ML ORAL SUSPENSION_ENTERAL,8
1715,SIMILASE JR_ORAL,8
1716,"METHYLPHENIDATE 36 MG/24 HR ORAL TABLET, EXTENDED RELEASE_ORAL",8
1717,EPINEPHRINE 2 MG [0.2 MCG/KG/MIN] + D5W 50 ML_IV,8
1718,ALPHANATE (DOSE BASED ON F-VIII UNITS)_IV,8
1719,DABRAFENIB_ORAL,8
1720,DAPAGLIFLOZIN PROPANEDIOL 5 MG TABLET_ORAL,8
1721,LOSARTAN 25 MG TABLET_ORAL,8
1722,VERSED_ORAL,8
1723,"HEPARIN 1,500 UNIT + CEFEPIME 375 MG + VANCOMYCIN 75 MG_OTHER",8
1724,"HEPARIN 1,500 UNIT + CEFEPIME 1,500 MG + VANCOMYCIN 3,000 MG_OTHER",8
1725,DEXAMETHASONE SODIUM PHOSPHATE 4 MG/ML INJECTION SOLUTION_INTRAMUSCULAR,8
1726,NADOLOL_ENTERAL,8
1727,"MESALAMINE ER 250 MG CAPSULE,EXTENDED RELEASE_ORAL",7
1728,CIPRODEX_OTHER,7
1729,INSULIN DETEMIR 100 UNITS/ML (LEVEMIR)_SUBCUTANEOUS,7
1730,RIFAMPIN_ENTERAL,7
1731,FAMOTIDINE 20 MG TABLET_ENTERAL,7
1732,SULFAMETHOXAZOLE-TRIMETHOPRIM 8 MG/ML ENTERAL LIQUID_ENTERAL,7
1733,LACTULOSE 10 GRAM/15 ML ORAL SOLUTION (WRAPPED)_ORAL,7
1734,CALCITRIOL 1 MCG/ML ORAL SOLUTION_ORAL,7
1735,RITALIN_ENTERAL,7
1736,ACYCLOVIR_ENTERAL,7
1737,FLUTICASONE 110 MCG/PUFF MDI_INHALATION,7
1738,FLUVOXAMINE 50 MG TABLET_ORAL,7
1739,KAYEXALATE LIQUID_ENTERAL,7
1740,ANAKINRA_IV,7
1741,VORTIOXETINE (TRINTELLIX)_ORAL,7
1742,CEFIXIME_ORAL,7
1743,OXYBUTYNIN CHLORIDE 5 MG/5 ML ORAL SYRUP_ORAL,7
1744,D10W 1000 ML_IV,7
1745,CLONAZEPAM 1 MG TABLET_ENTERAL,7
1746,SUMATRIPTAN 20 MG/INH NASAL SPRAY_NASAL,7
1747,KETOCONAZOLE 2% TOPICAL CREAM_OTHER,7
1748,LEVORA 0.15/30 OCP_ORAL,7
1749,GADOBUTROL 15 MMOL/15 ML (1 MMOL/ML) INTRAVENOUS SOLUTION_IV,7
1750,NORGESTREL 0.3 MG ETHINYL ESTRADIOL 30 MCG (SINGLE TABLET)_ORAL,7
1751,SPIRONOLACTONE 5 MG/ML SUSPENSION_ORAL,7
1752,"D5W NS 1,000 ML + POTASSIUM CHLORIDE, IVF 10 MEQ_IV",7
1753,KEPPRA 100 MG/ML ORAL SOLUTION_ORAL,7
1754,LET_BY_EYE,7
1755,GENTAMICIN 50 MCG/ML IN NS BLADDER IRRIGATION_OTHER,7
1756,QELBREE_ORAL,7
1757,SODIUM CHLORIDE 0.9%_IV,7
1758,"LAMOTRIGINE 50 MG ORAL TABLET, EXTENDED RELEASE_ORAL",7
1759,VASELINE TOPICAL OINTMENT_OTHER,7
1760,LIDOCAINE 1% (BUFFERED) INJECTABLE SOLUTION_INTRADERMAL,7
1761,VITRON- C_ORAL,7
1762,DOXYCYCLINE_ENTERAL,7
1763,HYDROMORPHONE 2 MG TABLET_ORAL,7
1764,CYCLOSPORINE_ENTERAL,7
1765,ISRADIPINE 1 MG/ML ENTERAL LIQUID CMPD_ORAL,7
1766,POLYETHYLENE GLYCOL 3350  8.5 GRAM ORAL POWDER PACKET_ENTERAL,7
1767,FIBER_ORAL,7
1768,PENICILLIN V POTASSIUM 50 MG/ML ENTERAL LIQUID_ORAL,7
1769,ISONIAZID_ORAL,7
1770,METHADONE_IV,7
1771,CENTRUM ORAL TABLET_ORAL,7
1772,FLUOXETINE 20 MG/5 ML (4 MG/ML) ORAL SOLUTION_ORAL,7
1773,METHYLPHENIDATE 5 MG TABLET_ORAL,7
1774,NORETHINDRONE ACETATE 5 MG ORAL TABLET_ORAL,7
1775,ATOVAQUONE 150 MG/ML ENTERAL LIQUID_ORAL,7
1776,EPINEPHRINE 10 MCG/ML INJECTABLE SOLUTION_IV,7
1777,"D5W NS 1,000 ML + POTASSIUM PHOSPHATE, IVF 20 MEQ_IV",7
1778,DESVENLAFAXINE ER_ORAL,7
1779,PENICILLIN IV_IV,7
1780,TRIKAFTA IVACAFTOR ONLY BLUE TAB -ADULT FORMULATION (IVACAFTOR 150 MG)_ORAL,7
1781,HEPATITIS B ADULT VACCINE_INTRAMUSCULAR,7
1782,NS FLUSH_OTHER,7
1783,"CALCIUM 500 MG (AS CALCIUM CARBONATE 1,250 MG) TABLET_ORAL",7
1784,"D10W 1000 ML + SODIUM CHLORIDE, IVF 80 MEQ + POTASSIUM CHLORIDE, IVF 20 MEQ_IV",7
1785,HYDRALAZINE_ORAL,7
1786,IPRATROPIUM_INHALATION,7
1787,CREON 6000 UNITS ORAL DELAYED RELEASE CAPSULE_ORAL,7
1788,ZZ EXTEMPORANEOUS TEMPLATE_ENTERAL,7
1789,TRIKAFTA IVACAFTOR ONLY/BLUE TABLET_ORAL,7
1790,PERAMPANEL 2 MG TABLET_ENTERAL,7
1791,KAYEXALATE POWDER_OTHER,7
1792,ALLOPURINOL_IV,7
1793,CONJUGATED ESTROGENS_ORAL,7
1794,GLYCEROL PHENYLBUTYRATE 1.1 GRAM/ML ORAL LIQUID_ORAL,7
1795,DEXMEDETOMIDINE 400 MCG/100 ML (4 MCG/ML) IN 0.9 % SODIUM CHLORIDE IV_IV,7
1796,QUINAPRIL_ORAL,7
1797,HEPARIN FLUSH 10 UNIT/ML_OTHER,7
1798,ASPIRIN 40.5 MG CHEWABLE SPLIT TABLET_ORAL,7
1799,EPINEPHRINE 0.1 MG/ML INJECTION SYRINGE_IV,7
1800,LET_BY_EAR,7
1801,VRAYLAR 1.5MG_ORAL,7
1802,MEMANTINE 10 MG_ORAL,7
1803,DESMOPRESSIN IV (DDAVP)_IV,7
1804,ISRADIPINE_ENTERAL,7
1805,"NS 1,000 ML + POTASSIUM ACETATE, IVF 25 MEQ + POTASSIUM PHOSPHATE, IVF 15 MEQ_IV",7
1806,NORTREL 1/35_ORAL,7
1807,CEFTAZIDIME IV 40 MG/ML NS_IV,7
1808,INSULIN ASPART 100 UNIT/ML (NOVOLOG) CORRECTION FACTOR_SUBCUTANEOUS,7
1809,DUOLERA_INHALATION,7
1810,HYDROCHLOROTHIAZIDE 10 MG/ML ENTERAL LIQUID CMPD_ORAL,7
1811,CYSTOGRAFIN-DILUTE_RECTAL,7
1812,CLONAZEPAM_ENTERAL,7
1813,LIDOCAINE HCL 10 MG/ML (1 %) INJECTION SOLUTION_INTRADERMAL,7
1814,PREGABALIN 50 MG CAPSULE_ORAL,7
1815,CAFFEINE 200 MG ORAL TABLET_ORAL,7
1816,WARFARIN - INITIAL DOSING (FIRST 7 DAYS)_ORAL,7
1817,SIROLIMUS 1 MG/ML LIQUID_ORAL,7
1818,ALBUTEROL 120 MG IN NS 48 ML_INHALATION,7
1819,APREPITANT 125 MG CAPSULE_ORAL,7
1820,ALTEPLASE 1 MG/ML CATH LOCK SYRINGE_IV,7
1821,LACTOBACILLUS RHAMNOSUS GG 15 BILLION CELL SPRINKLE CAPSULE_ORAL,7
1822,ATOMOXETINE 10 MG CAPSULE_ORAL,7
1823,PENICILLIN ENTERAL_ENTERAL,7
1824,INHALATIONAL SPACING DEVICE WITH LARGE MASK_OTHER,7
1825,CEFOTAXIME_IV,7
1826,LEVOTHYROXINE 25 MCG TABLET_ORAL,7
1827,DEKAS PLUS ORAL LIQUID_ENTERAL,7
1828,DICYCLOMINE 10 MG CAPSULE_ORAL,7
1829,POTASSIUM CITRATE_ORAL,7
1830,FAT EMULSION 20 % INTRAVENOUS SOLUTION (INTRALIPID/NUTRILIPID)_IV,7
1831,TIMOLOL MALEATE 0.5% OPHTHALMIC SOLUTION_BY_EYE,7
1832,COARTEM_ORAL,7
1833,VALPROIC ACID_ENTERAL,7
1834,COSYNTROPIN_IV,7
1835,LORAZEPAM 2 MG/ML ORAL CONCENTRATE_ENTERAL,7
1836,DOCUSATE SODIUM 100 MG CAPSULE_ORAL,7
1837,AMINOCAPROIC ACID_OTHER,7
1838,K-PHOS NEUTRAL_ENTERAL,7
1839,POLYETHYLENE GLYCOL 3350 17 GRAM ORAL POWDER PACKET_ENTERAL,7
1840,GABAPENTIN (BRAND MEDICALLY NECESSARY)_ORAL,6
1841,TOBRADEX 0.3%-0.1% OPHTHALMIC SUSPENSION_BY_EYE,6
1842,TERBUTALINE 25 MG [0.2 MCG/KG/MIN] + SYRINGE CONTAINS 25 ML_IV,6
1843,MELATONIN 5 MG TABLET_ENTERAL,6
1844,RAMELTEON_ORAL,6
1845,GABAPENTIN (BRAND MEDICALLY NECESSARY)_ENTERAL,6
1846,SILVER NITRATE APPLICATORS 75 %-25 % TOPICAL STICK_TOPICAL,6
1847,LACTOBACILLUS RHAMNOSUS GG 15 BILLION CELL SPRINKLE CAPSULE_ENTERAL,6
1848,MULTIPLE VITAMINS WITH MINERALS ORAL LIQUID_ENTERAL,6
1849,EPINEPHRINE INFUSION 2 MG [0.05 MCG/KG/MIN] + D5W 50 ML_IV,6
1850,"KETAMINE, INFUSION 250 MG [6 MG/HR] + NS 50 ML_IV",6
1851,"NORMAL SALINE 1,000 ML + POTASSIUM CHLORIDE, IVF 20 MEQ_IV",6
1852,ATOMOXETINE 18 MG CAPSULE_ORAL,6
1853,LAMOTRIGINE (BRAND MEDICALLY NECESSARY)_ENTERAL,6
1854,DEXTROSE 1.5% WITH ELECTROLYTES (DIANEAL PD-2) INTRAPERITONEAL SOLUTION_OTHER,6
1855,FLUTICASONE 50 MCG/INH NASAL SPRAY_INHALATION,6
1856,QVAR 40 MCG_INHALATION,6
1857,OMNIPAQUE 300_ORAL,6
1858,DEXTROMETHORPHAN-GUAIFENESIN_ORAL,6
1859,VORICONAZOLE_ENTERAL,6
1860,MIDAZOLAM INFUSION 50 MG [2.5 MG/HR] + NS 50 ML_IV,6
1861,BISACODYL_ENTERAL,6
1862,ADVAIR DISKUS 100 MCG-50 MCG INHALATION POWDER_INHALATION,6
1863,MIDAZOLAM INFUSION 50 MG [0.07 MG/KG/HR] + NS 50 ML_IV,6
1864,SENNA S_ORAL,6
1865,ONDANSETRON ORALLY DISINTEGRATING TAB_OTHER,6
1866,TRINTELIX_ORAL,6
1867,ENTRESTO 49 MG-51 MG ORAL TABLET_ENTERAL,6
1868,LOPERAMIDE 2 MG TABLET_ORAL,6
1869,MULTIVITAMIN-IRON 9 MG-FOLIC ACID 400 MCG-CALCIUM AND MINERALS TABLET_ORAL,6
1870,"PROPOFOL 1,000 MG [50 MCG/KG/MIN] + BOTTLE CONTAINS. 100 ML_IV",6
1871,UNABLE TO FIND_ORAL,6
1872,THIAMINE HCL (VITAMIN B1) 100 MG TABLET_ORAL,6
1873,ATOMOXETINE 25 MG CAPSULE_ORAL,6
1874,"FENTANYL INFUSION 1,250 MCG [2 MCG/KG/HR] + SYRINGE CONTAINS 25 ML_IV",6
1875,KETOROLAC 15 MG/ML INJECTION SOLUTION_OTHER,6
1876,CIPRO HC_BY_EAR,6
1877,FLUPHENAZINE 1 MG TABLET_ORAL,6
1878,MINOCYCLINE_IV,6
1879,RIBOFLAVIN_ENTERAL,6
1880,FLUPHENAZINE 1MG TABLET_ORAL,6
1881,NEPHRONEX_ENTERAL,6
1882,LR BOLUS_OTHER,6
1883,RUFINAMIDE 40 MG/ML ORAL SUSPENSION_ORAL,6
1884,"ANTIOXIDANT MULTIPLE VITAMINS (A,D,E,K-INTENSIVE) AND MINERALS ORAL CAPSULE_ORAL",6
1885,LAMIVUDINE 10 MG/ML ENTERAL LIQUID_ORAL,6
1886,FOSAPREPITANT_IV,6
1887,SIMVASTATIN_ENTERAL,6
1888,"KETAMINE, INFUSION 250 MG [6.6 MG/HR] + NS 50 ML_IV",6
1889,URSODIOL 300 MG CAPSULE_ORAL,6
1890,PHYTONADIONE_INTRAMUSCULAR,6
1891,NALOXONE INFUSION 400 MCG [1 MCG/KG/HR] + NS 100 ML_IV,6
1892,"DEKAS PLUS ORAL TABLET, CHEWABLE_ORAL",6
1893,HYDROMORPHONE 4 MG TABLET_ORAL,6
1894,INV-KETAMINE (P00038432)_ORAL,6
1895,TRIKAFTA COMBO/ORANGE TABLET_ORAL,6
1896,MIDAZOLAM INFUSION 50 MG [0.2 MG/KG/HR] + NS 50 ML_IV,6
1897,OSELTAMIVIR 75 MG CAPSULE_ORAL,6
1898,MIDAZOLAM INFUSION 50 MG [0.2 MG/KG/HR] + D5W 50 ML_IV,6
1899,KAYEXALATE LIQUID_RECTAL,6
1900,MERCAPTOPURINE (FOR NON-ONCOLOGY USE ONLY)_ORAL,6
1901,QUILLICHEW ER_ORAL,6
1902,ATENOLOL_ENTERAL,6
1903,"FENTANYL INFUSION 1,250 MCG [50 MCG/HR] + SYRINGE CONTAINS 25 ML_IV",6
1904,FOMEPIZOLE IV 25 MG/ML NS_IV,6
1905,SAPROPTERIN DIHYDROCHLORIDE POWDER_ORAL,6
1906,HYDROCORTISONE_INTRAMUSCULAR,6
1907,OPTIRAY 320_ENTERAL,6
1908,HYDROCORTISONE 1 % TOPICAL OINTMENT_TOPICAL,6
1909,URSODIOL 50 MG/ML ENTERAL LIQUID CMPD_ENTERAL,6
1910,MYCOPHENOLATE MOFETIL 200 MG/ML ORAL POWDER FOR SUSPENSION_ORAL,6
1911,BACITRACIN IRRIGATION_OTHER,6
1912,JUNEL 1.5/30_ORAL,6
1913,CLOPIDOGREL_ENTERAL,6
1914,LEVOCARNITINE 200 MG/ML INTRAVENOUS SOLUTION_IV,6
1915,AZITHROMYCIN 40 MG/ML ENTERAL LIQUID_ENTERAL,6
1916,LANSOPRAZOLE SOLU-TAB_ENTERAL,6
1917,ZIDOVUDINE 10 MG/ML ENTERAL LIQUID_ORAL,6
1918,TRIHEXYPHENIDYL 0.4 MG/ML ORAL ELIXIR_ENTERAL,6
1919,"HEPARIN 5,000 UNIT [1000 UNIT/HR] + D5W 50 ML_IV",6
1920,"KETAMINE, INFUSION 250 MG [7.3 MG/HR] + NS 50 ML_IV",6
1921,PRUCALOPRIDE 1 MG TABLET_ENTERAL,6
1922,IVERMECTIN_ORAL,6
1923,ALBUTEROL 40 MG IN 48 ML (0.083% UNDILUTED)_INHALATION,6
1924,ZINC OXIDE 20% TOPICAL OINTMENT_OTHER,6
1925,CHLORPROMAZINE 100 MG TABLET_ORAL,6
1926,ETHINYL ESTRADIOL-NORGESTIMATE 35 MCG-0.25 MG ORAL TABLET_ORAL,6
1927,DEXAMETHASONE 0.5 MG/5 ML ORAL RINSE_ORAL,6
1928,EVEROLIMUS (ANTINEOPLASTIC) 2.5 MG TABLET_ORAL,6
1929,MICAFUNGIN_IV,6
1930,GLYCOPYRROLATE 1 MG/5 ML (0.2 MG/ML) ORAL LIQUID_ORAL,6
1931,NALOXONE 200 MCG [0.75 MCG/KG/HR] + NS 50 ML_IV,6
1932,CYCLOSPORINE 0.05% OPHTHALMIC EMULSION_BY_EYE,6
1933,LIDOCAINE 1% BUFFERED VIA J-TIP INJECTION_TOPICAL,6
1934,CEFAZOLIN_INTRAMUSCULAR,6
1935,VALACYCLOVIR_ENTERAL,6
1936,"KETAMINE, INFUSION 250 MG [5 MG/HR] + NS 50 ML_IV",6
1937,MIDAZOLAM_ENTERAL,6
1938,PHENAZOPYRIDINE 100 MG TABLET_ORAL,6
1939,BUTAMBEN-TETRACAINE-BENZOCAINE 2 %-2 %-14 % (200 MG/SEC) TOPICAL SPRAY_TOPICAL,6
1940,CENOBAMATE 50 MG TABLET_ORAL,6
1941,INSULIN ASPART_SUBCUTANEOUS,6
1942,FLUCONAZOLE_IV,6
1943,ARIPIPRAZOLE 1 MG/ML ORAL SOLUTION_ORAL,6
1944,TACROLIMUS 0.03% TOPICAL OINTMENT_OTHER,6
1945,ZINC SULFATE_ENTERAL,6
1946,SODIUM CHLORIDE 1 MEQ/ML ENTERAL LIQUID CMPD_ORAL,6
1947,"FENTANYL INFUSION 1,250 MCG [3 MCG/KG/HR] + SYRINGE CONTAINS 25 ML_IV",6
1948,NALOXONE_NASAL,6
1949,FUROSEMIDE 20 MG TABLET_ORAL,6
1950,POLY-VI-SOL DROPS_ORAL,6
1951,"KETAMINE, INFUSION 250 MG [10.5 MG/HR] + NS 50 ML_IV",6
1952,POTASSIUM CHLORIDE 20 MEQ/15 ML ORAL LIQUID_ENTERAL,6
1953,DESMOPRESSIN 4 MCG/ML INJECTION SOLUTION_SUBCUTANEOUS,6
1954,FENOFENADINE_ORAL,6
1955,ATENOLOL 25 MG TABLET_ORAL,6
1956,CITRULLINE 100 MG/ML ENTERAL LIQUID CMPD_ORAL,6
1957,PROPOFOL 500 MG [175 MCG/KG/MIN] + SYRINGE CONTAINS 50 ML_IV,6
1958,DORNASE ALFA 1 MG/ML SOLUTION FOR INHALATION_INHALATION,6
1959,QUETIAPINE 200 MG TABLET_ORAL,6
1960,BISACODYL 10 MG RECTAL SUPPOSITORY_RECTAL,6
1961,ISOTRETINOIN 40 MG CAP_ORAL,6
1962,KETOROLAC 30 MG/ML INJECTION SOLUTION (WRAPPED)_INTRAMUSCULAR,6
1963,"FENTANYL INFUSION 1,250 MCG [1.5 MCG/KG/HR] + SYRINGE CONTAINS 25 ML_IV",6
1964,D5W 1/2NS 250 ML_IV,6
1965,"KETAMINE, INFUSION 250 MG [12.6 MG/HR] + NS 50 ML_IV",6
1966,JORNAY PM 80 MG CAPSULE_ORAL,6
1967,LEVOCARNITINE 330 MG TABLET_ORAL,6
1968,CAFFEINE-NA BENZOATE 0.5 MG/ML NS_IV,6
1969,FLONASE 50 MCG/INH NASAL SPRAY_NASAL,6
1970,RAVICTI_ORAL,6
1971,MULTIPLE VITAMINS WITH MINERALS ORAL LIQUID_ORAL,6
1972,ETHINYL-ESTRADIOL LEVONORGESTREL LARISSIA 100MCG-20MCG_ORAL,6
1973,CLONIDINE TTS-1 PATCH [3 PATCHES = 300 MCG/DAY]_TOPICAL,6
1974,"ZENPEP 5000 UNITS-17,000 UNITS-24,000 UNITS ORAL DELAYED RELEASE CAPSULE_ORAL",6
1975,GLUCAGON_INTRAMUSCULAR,6
1976,SODIUM DI- AND MONOPHOSPHATE-POTASSIUM PHOS MONOBASIC 250 MG TABLET_ORAL,6
1977,LORAZEPAM 2 MG/ML INJECTION SOLUTION_OTHER,6
1978,"D10W 1,000 ML + SODIUM CHLORIDE 160 MEQ_IV",6
1979,RUFINAMIDE 200 MG TABLET_ENTERAL,6
1980,FENTANYL 10 MCG/ML NS (ED ONLY)_IV,6
1981,"D10W 1/2 NS 1,000 ML + POTASSIUM CHLORIDE, IVF 10 MEQ_IV",6
1982,PAZOPANIB_ORAL,6
1983,CYCLOPENTOLATE 1 % EYE DROPS_BY_EYE,6
1984,DIVALPROEX SODIUM 250 MG ORAL DELAYED RELEASE TABLET_ORAL,6
1985,ENSKYCE OCP_ORAL,6
1986,LABETALOL 5 MG/ML INTRAVENOUS SOLUTION_IV,6
1987,DEXMEDETOMIDINE 400 MCG [0.2 MCG/KG/HR] + NS 100 ML_IV,6
1988,LORAZEPAM 2 MG/ML INJECTION SYRINGE_IV,6
1989,FLUCONAZOLE 50 MG TABLET_ORAL,6
1990,CLONIDINE 0.1 MG/24 HR WEEKLY TRANSDERMAL PATCH_TOPICAL,6
1991,VALPROIC ACID SYRUP (DISPENSED AS DEPAKENE)_ORAL,6
1992,"ANTIHEMOPHILIC FACTOR VIII, FULL LENGTH 2,000 (+/-) UNIT IV (ADVATE)_IV",6
1993,REXULTI_ORAL,6
1994,D25W BOLUS - RN MIX AT BEDSIDE_IV,6
1995,PROCAINAMIDE 25 MG/ML NS_IV,6
1996,LARISSIA_ORAL,6
1997,DIHYDROERGOTAMINE_IV,6
1998,"MULTIVITAMIN, PRENATAL_ORAL",6
1999,LIDOCAINE 1% (LOCAL ANESTHESIA) ORDER IN ML_SUBCUTANEOUS,6
2000,FLUORIDE_ORAL,6
2001,KALETRA_ORAL,6
2002,METHOCARBAMOL_ORAL,6
2003,BUMETANIDE 0.5 MG/ML ENTERAL LIQUID CMPD_ENTERAL,6
2004,EPINEPHRINE 10 MG [0.18 MCG/KG/MIN] + D5W 50 ML_IV,6
2005,HYDRALAZINE IV 1 MG/ML NS_IV,6
2006,NOREPINEPHRINE 10 MG [0.1 MCG/KG/MIN] + D5W 50 ML_IV,6
2007,EPINEPHRINE 0.5 MG [0.05 MCG/KG/MIN] + D10W 50 ML_IV,6
2008,"LITHIUM 300 MG ORAL TABLET, EXTENDED RELEASE_ORAL",6
2009,VITAMIN D3 GUMMY_ORAL,6
2010,NORETHINDRONE 1.5 MG-ETHINYL ESTRADIOL 30 MCG(21)/IRON 75 MG(7) TABLET_ORAL,5
2011,PHENYLEPHRINE 0.25% NASAL SPRAY_NASAL,5
2012,EPIDIOLEX_ORAL,5
2013,LANSOPRAZOLE SOLU-TAB_ORAL,5
2014,PERCOCET 5/325 ORAL TABLET_ORAL,5
2015,ACYCLOVIR 40 MG/ML ENTERAL LIQUID_ORAL,5
2016,TROSPIUM_ENTERAL,5
2017,DT PEDIATRIC_INTRAMUSCULAR,5
2018,AMIKACIN_IV,5
2019,CENOBAMATE_ORAL,5
2020,ATROPINE 0.4 MG/ML INTRAVENOUS SOLUTION_IV,5
2021,GLYCOPYRROLATE 1 MG TABLET_ORAL,5
2022,EPINEPHRINE 1 MG/ML INJECTION SOLUTION (WRAPPER)_INTRAMUSCULAR,5
2023,KEPPRA 100 MG/ML ORAL SOLUTION_ENTERAL,5
2024,EPINEPHRINE 10 MG [0.03 MCG/KG/MIN] + D5W 50 ML_IV,5
2025,ALBUTEROL 80 MG IN NS 24 ML_INHALATION,5
2026,POTASSIUM PHOSPHATE_ORAL,5
2027,LOPERAMIDE 2 MG TABLET_ENTERAL,5
2028,FENFLURAMINE_ORAL,5
2029,IRON 100 PLUS_ORAL,5
2030,LIDOCAINE 1% PRESERVATIVE-FREE (LOCAL ANESTHESIA) ORDER IN ML_INTRADERMAL,5
2031,MULTIVITAMIN_ORAL,5
2032,ESOMEPRAZOLE_ORAL,5
2033,MEDROXYPROGESTERONE 150 MG/ML INTRAMUSCULAR SUSPENSION_INTRAMUSCULAR,5
2034,"IMMUNE BIOGREENCELL, CONTENTS IN ORDER COMMENTS_ORAL",5
2035,TADALAFIL_ORAL,5
2036,LIDOCAINE HCL 10 MG/ML (1 %) INJECTION SOLUTION_OTHER,5
2037,PERMETHRIN 1% TOPICAL LOTION_OTHER,5
2038,PHENOBARBITAL 20 MG/5 ML ORAL ELIXIR_ORAL,5
2039,DIMENHYDRINATE 50 MG TABLET_ORAL,5
2040,"D5W 1/2NS 1,000 ML + SODIUM BICARBONATE, IVF 80 MEQ_IV",5
2041,LOVAZA_ENTERAL,5
2042,OXCARBAZEPINE ER 300 MG_ORAL,5
2043,POTASSIUM CHLORIDE 20 MEQ/15 ML ORAL LIQUID_ORAL,5
2044,ETHOSUXIMIDE 250 MG/5 ML ORAL SOLUTION_ORAL,5
2045,TRANEXAMIC ACID 100 MG/ML INFUSION 30 ML (FROM PREMIX)_IV,5
2046,NS 500 ML_IV,5
2047,CLOZAPINE 25 MG TABLET_ORAL,5
2048,AQUADEKS ORAL LIQUID_ORAL,5
2049,"SODIUM CHLORIDE 0.45% 1,000 ML_IV",5
2050,D5W NS + POTASSIUM CHLORIDE 10 MEQ/L_IV,5
2051,DIPHENHYDRAMINE 2.5 MG/ML ENTERAL LIQUID_ENTERAL,5
2052,AMBISOME_IV,5
2053,ULTIMATE OMEGA JR_ORAL,5
2054,METHADONE 5 MG TABLET_ORAL,5
2055,DESVENLAFAXINE ER 50 MG TAB_ORAL,5
2056,ENALAPRIL MALEATE 5 MG TABLET_ORAL,5
2057,HALOPERIDOL LACTATE 2 MG/ML ORAL CONCENTRATE_ORAL,5
2058,IRON BISGLYCINATE_ORAL,5
2059,IVABRADINE 5 MG/5 ML ORAL SOLUTION_ENTERAL,5
2060,"HEPARIN, PORCINE (PF) 10 UNIT/ML INTRAVENOUS SYRINGE_OTHER",5
2061,THROMBIN RECOMBINANT 5000 INTL UNITS TOPICAL POWDER FOR RECONSTITUTION_OTHER,5
2062,"OLANZAPINE 5 MG ORAL TABLET, DISINTEGRATING_ORAL",5
2063,PEPPERMINT_OTHER,5
2064,LIDOCAINE 2% PF INJECTABLE FOR IV DOSES_IV,5
2065,PROPRANOLOL 20 MG/5 ML (4 MG/ML) ORAL SOLUTION_ENTERAL,5
2066,SODIUM CITRATE-CITRIC ACID 500 MG-334 MG/5 ML ORAL SOLUTION_ORAL,5
2067,INSULIN REGULAR 100 UNIT/ML_IV,5
2068,ASPIRIN 300 MG RECTAL SUPPOSITORY_RECTAL,5
2069,DAPAGLIFLOZIN_ENTERAL,5
2070,NICOTINE 21 MG/24 HR DAILY TRANSDERMAL PATCH_TOPICAL,5
2071,SOLU-CORTEF_IV,5
2072,"D12.5W 1000 ML + SODIUM CHLORIDE, IVF 80 MEQ_IV",5
2073,NALBUPHINE IV 0.5 MG/ML NS_IV,5
2074,HYDROMORPHONE 0.2 MG/ML IN NS 50 ML (PCA SYRINGE) - FLAT DOSE_IV,5
2075,LEVONORGESTREL/ETHINYL ESTRADIOL_ORAL,5
2076,SCOPOLAMINE 1 MG OVER 3 DAYS TRANSDERMAL PATCH_TOPICAL,5
2077,FENTANYL IV_NASAL,5
2078,INSULIN REGULAR 100 UNIT/ML_SUBCUTANEOUS,5
2079,HYDROXYZINE PAMOATE_ORAL,5
2080,VERAPAMIL 12 HOUR EXTENDED RELEASE_ORAL,5
2081,ALBUTEROL 36 MG IN 120 ML NS_INHALATION,5
2082,ZOLPIDEM 5 MG TABLET_ORAL,5
2083,TRIAMCINOLONE 0.1% TOPICAL CREAM_OTHER,5
2084,ALBUTEROL 20 MG IN 120 ML NS_INHALATION,5
2085,"1/2NS 1,000 ML + SODIUM BICARBONATE, IVF 40 MEQ_IV",5
2086,LIDOCAINE 4 % TOPICAL CREAM_OTHER,5
2087,DEXAMETHASONE 100 MCG/ML ORAL RINSE_ORAL,5
2088,LIDOCAINE (PF) 10 MG/ML (1 %) INJECTION SOLUTION_OTHER,5
2089,"LIPASE-PROTEASE-AMYLASE 25,000-79,000-105,000 UNIT CAPSULE,DELAYED REL_ORAL",5
2090,HEPATITIS B IMMUNE GLOBULIN INJECTABLE SOLUTION_INTRAMUSCULAR,5
2091,BREXPIPRAZOLE (REXULTI)_ORAL,5
2092,MAGONATE ENTERAL LIQUID (ORDER BY ELEMENTAL MAGNESIUM_ORAL,5
2093,POTASSIUM IODIDE_ORAL,5
2094,DEXAMETHASONE 0.1% OPHTHALMIC SOLUTION_OTHER,5
2095,"NS 50 ML + HEPARIN, CONTINUOUS FLUSH 50 UNIT_OTHER",5
2096,ALBUTEROL 40 MG IN NS 48 ML_INHALATION,5
2097,PCA/NCA MORPHINE 1 MG/ML 50 MG + SODIUM CHLORIDE 0.9% 50 ML_OTHER,5
2098,LOPINAVIR-RITONAVIR 400 MG-100 MG/5 ML ORAL SOLUTION_ORAL,5
2099,DEXTROSE 50 % IN WATER (D50W) INTRAVENOUS SYRINGE_IV,5
2100,BETAINE_ORAL,5
2101,VANCOMYCIN 50 MG/ML ORAL SOLUTION_ENTERAL,5
2102,METHYLPHENIDATE 20 MG/9 HR DAILY TRANSDERMAL PATCH_TOPICAL,5
2103,OXYBUTYNIN CHLORIDE 5 MG/5 ML ORAL SYRUP_ENTERAL,5
2104,PHENYLEPHRINE_INTRADERMAL,5
2105,LACOSAMIDE (BRAND MEDICALLY NECESSARY)_ENTERAL,5
2106,LEVOTHYROXINE 125 MCG TABLET_ORAL,5
2107,NIFEDIPINE_ORAL,5
2108,SUMATRIPTAN 5 MG NASAL SPRAY_NASAL,5
2109,INSULIN SUBCUTANEOUS PUMP (LISPRO) 100 UNITS/ML INSULIN PUMP INFUSION_SUBCUTANEOUS,5
2110,"LITHIUM CARBONATE ER 300 MG TABLET,EXTENDED RELEASE_ORAL",5
2111,FEIBA NF_IV,5
2112,AZTREONAM INHALATION_INHALATION,5
2113,ADALIMUMAB_SUBCUTANEOUS,5
2114,HYDROXYUREA 500 MG CAPSULE (NON-ONC)_ORAL,5
2115,ESTARYLLA TABLETS_ORAL,5
2116,LEVOCARNITINE 330 MG TABLET_ENTERAL,5
2117,FIDAXOMICIN_ORAL,5
2118,MAALOX & BENADRYL_OTHER,5
2119,SUCRALFATE 100 MG/ML ORAL SUSPENSION_ENTERAL,5
2120,TOBRAMYCIN 300 MG/4 ML SOLUTION FOR NEBULIZATION_INHALATION,5
2121,FLUORIDE_ENTERAL,5
2122,CALCITRIOL_IV,5
2123,DORZOLAMIDE 2% OPHTHALMIC SOLUTION_BY_EYE,5
2124,MOXIFLOXACIN_ORAL,5
2125,GABAPENTIN 300 MG CAPSULE_ENTERAL,5
2126,ZONISAMIDE (BRAND MEDICALLY NECESSARY)_ORAL,5
2127,VERSED_INTRAMUSCULAR,5
2128,CLINDAMYCIN 1%_OTHER,5
2129,ALLOPURINOL 20 MG/ML ENTERAL LIQUID CMPD_ORAL,5
2130,SODIUM CITRATE-CITRIC ACID 500 MG-334 MG/5 ML ORAL SOLUTION_ENTERAL,5
2131,VALINE_ORAL,5
2132,AMOXICILLIN 250 MG/5 ML ORAL SUSPENSION_ENTERAL,5
2133,ISOLEUCINE_ORAL,5
2134,SULFAMETHOXAZOLE-TRIMETHOPRIM_ENTERAL,5
2135,HYDROCORTISONE 2.5% LOTION_OTHER,5
2136,ALBUTEROL 72 MG IN NS 48 ML_INHALATION,5
2137,CARBOXYMETHYLCELLULOSE SODIUM 0.5 % EYE DROPS IN A DROPPERETTE_BY_EYE,5
2138,"TACROLIMUS 0.5 MG CAPSULE, IMMEDIATE-RELEASE_ORAL",5
2139,LEVOTHYROXINE_IV,5
2140,PENICILLIN V POTASSIUM 250 MG TABLET_ORAL,5
2141,"1/2NS 1,000 ML + SODIUM BICARBONATE, IVF 80 MEQ_IV",5
2142,CLORAZEPATE_ENTERAL,5
2143,THIAMINE HCL (VITAMIN B1) 100 MG/ML INJECTION SOLUTION_IV,5
2144,OLANZAPINE 2.5 MG TABLET_ENTERAL,5
2145,KETOROLAC 30 MG/ML INJECTION SOLUTION (WRAPPED)_OTHER,5
2146,SIMETHICONE 80 MG CHEWABLE TABLET_ORAL,5
2147,INV-SODIUM CHLORIDE 0.9 % IV BOLUS (P00035748)_IV,5
2148,LIDOCAINE 4% TOPICAL SOLUTION_OTHER,5
2149,MIDODRINE 5 MG TABLET_ORAL,5
2150,"D10W 1,000 ML + SODIUM CHLORIDE, IVF 20 MEQ + POTASSIUM CHLORIDE, IVF 10 MEQ_IV",5
2151,CYCLOSPORINE MODIFIED_ORAL,5
2152,MUPIROCIN 2% TOPICAL OINTMENT_NASAL,5
2153,POTASSIUM CHLORIDE 20 MEQ/50 ML IN STERILE WATER INTRAVENOUS PIGGYBACK_IV,5
2154,"D5W NS 1,000 ML + POTASSIUM ACETATE, IVF 25 MEQ + POTASSIUM PHOSPHATE, IVF 15 MEQ_IV",5
2155,GLYCERIN LIQUID (WRAPPED)_RECTAL,5
2156,ALBUTEROL 50 MG IN 120 ML NS_INHALATION,5
2157,TRIHEXYPHENIDYL 2 MG TABLET_ENTERAL,5
2158,FOLIC ACID 1 MG TABLET_ORAL,5
2159,PHENOL 1.4 % MUCOSAL AEROSOL SPRAY_ORAL,5
2160,NAPHCON-A_BY_EYE,5
2161,IOHEXOL 300 MG IODINE/ML INTRAVENOUS SOLUTION_ORAL,5
2162,"HEPARIN 25,000 UNIT [22 UNIT/KG/HR] + D5W 250 ML_IV",5
2163,"PROPOFOL 1,000 MG [150 MCG/KG/MIN] + BOTTLE CONTAINS. 100 ML_IV",5
2164,METHADONE 5 MG/5 ML ORAL SOLUTION_ORAL,5
2165,SACUBITRIL 24 MG-VALSARTAN 26 MG TABLET_ORAL,5
2166,ESTRADIOL_OTHER,5
2167,EPOETIN ALFA-EPBX_SUBCUTANEOUS,5
2168,AMOXICILLIN-CLAVULANATE 400 MG-57 MG/5 ML ORAL LIQUID_ORAL,5
2169,OFLOXACIN 0.3% OPHTHALMIC SOLUTION_BY_EYE,5
2170,ALLOPURINOL 100 MG TABLET_ORAL,5
2171,"ZENPEP 20,000 UNITS-63,000 UNITS-84,000 UNITS ORAL DELAYED RELEASE CAPSULE_ORAL",5
2172,DAPAGLIFLOZIN_ORAL,5
2173,DIAZOXIDE_ORAL,5
2174,HYDROXYZINE HCL 10 MG TABLET_ORAL,5
2175,"METHYLPHENIDATE ER 10 MG TABLET,EXTENDED RELEASE_ORAL",5
2176,LISINOPRIL_ENTERAL,5
2177,"AQUADEKS ORAL TABLET, CHEWABLE_ORAL",5
2178,DEXMEDETOMIDINE_IV,5
2179,LEVOTHYROXINE 75 MCG TABLET_ORAL,5
2180,CALCIUM CARBONATE 250 MG/ML (100 MG/ML ELEMENTAL) ENTERAL LIQUID CMPD_ORAL,4
2181,HYDROCORTISONE SODIUM SUCCINATE 100 MG SOLUTION FOR INJECTION_IV,4
2182,SODIUM PHENYLBUTYRATE 200MG/ML_ORAL,4
2183,ETRAVIRINE_ENTERAL,4
2184,ISOVUE-300_OTHER,4
2185,EPINEPHRINE 10 MG [0.02 MCG/KG/MIN] + D5W 50 ML_IV,4
2186,DESOGESTREL ETHINYL ESTRADIOL (KARIVA)_ORAL,4
2187,POTASSIUM PHOSPHATE-SODIUM PHOSPHATE 250 MG-280 MG-160 MG ORAL POWDER FOR RECONSTITUTION_ORAL,4
2188,PROPOFOL 1000 MG [100 MCG/KG/MIN] + BOTTLE CONTAINS. 100 ML_IV,4
2189,ISOLEUCINE_ENTERAL,4
2190,SEVELAMER CARBONATE_ORAL,4
2191,MIDAZOLAM INFUSION 100 MG [0.05 MG/KG/HR] + D5W 50 ML_IV,4
2192,LAMICTAL 25 MG CHEWABLE DISPERSIBLE TABLET_ORAL,4
2193,MINERAL OIL_OTHER,4
2194,"D10W 403 ML + AMMONUL 4,025 MG + ARGININE 3,220 MG_IV",4
2195,D10W + AMMONUL + ARGININE (>20 KG)_IV,4
2196,KARIVA (DESOGESTREL/ETHINYL ESTRADIOL AND ETHINYL ESTRADIOL)_ORAL,4
2197,LORATADINE 5 MG/5 ML ORAL SOLUTION_ENTERAL,4
2198,PREDNISONE 50 MG TABLET_ORAL,4
2199,APIXABAN 2.5 MG TABLET_ENTERAL,4
2200,"D15W 500 ML + SODIUM CHLORIDE, IVF 27.5 MEQ + POTASSIUM CHLORIDE, IVF 11 MEQ_IV",4
2201,OPTIRAY 320_ORAL,4
2202,INSULIN LISPRO DILUTED 10 UNITS/ML_SUBCUTANEOUS,4
2203,NALOXONE 0.4 MG/ML INJECTION SOLUTION_IV,4
2204,ULTIMA REPLINISHER ELECTROLYTE DRINK MIX_ORAL,4
2205,D20W 500 ML_ENTERAL,4
2206,DAYTRANA_OTHER,4
2207,DROSPIRENONE (SLYND) OCP_ORAL,4
2208,"KETAMINE, INFUSION 250 MG [7.092 MG/HR] + NS 50 ML_IV",4
2209,CYCLOPENTOLATE 1 %-TROPICAM 1 %-PHENYLEPHRINE 2.5 % IN WATER EYE DROPS_BY_EYE,4
2210,HYDROCORTISONE 5 MG TABLET_ORAL,4
2211,PROPOFOL 1000 MG [150 MCG/KG/MIN] + BOTTLE CONTAINS. 100 ML_IV,4
2212,DEXAMETHASONE 4 MG/ML INJ FOR PO_OTHER,4
2213,CARBAMAZEPINE 200 MG TABLET_ORAL,4
2214,OPTIRAY 350 ORAL DILUTION_ENTERAL,4
2215,LOSARTAN_ENTERAL,4
2216,NOREPINEPHRINE INFUSION 16 MG [0.05 MCG/KG/MIN] + NS 250 ML_IV,4
2217,"CEFEPIME 1,500 MG + VANCOMYCIN 3,000 MG + HEPARIN 1,500 UNIT + DEXTROSE 2.5% WITH ELECTROLYTES (DIA_OTHER",4
2218,FDGARD_ORAL,4
2219,FLUCONAZOLE 40 MG/ML ENTERAL LIQUID_ORAL,4
2220,CHOLECALCIFEROL (VIT D3) 10 MCG/ML(400 UNIT/ML) ORAL SYRINGE(ORAL USE)_ORAL,4
2221,CAPTOPRIL 1 MG/ML ENTERAL LIQUID CMPD_ENTERAL,4
2222,MULTIVIT AND MINERALS-FERROUS GLUCONATE 9 MG IRON/15 ML ORAL LIQUID_ORAL,4
2223,ORTHO EVRA_TOPICAL,4
2224,"NOREPINEPHRINE 16,000 MCG [0.05 MCG/KG/MIN] + SODIUM CHLORIDE 0.9% 250 ML_IV",4
2225,"PROPOFOL 1,000 MG [75 MCG/KG/MIN] + BOTTLE CONTAINS 100 ML_IV",4
2226,PROPOFOL 250 MG [50 MCG/KG/MIN] + SYRINGE CONTAINS. 25 ML_IV,4
2227,"PROPOFOL 1,000 MG [200 MCG/KG/MIN] + BOTTLE CONTAINS. 100 ML_IV",4
2228,DESOGESTREL-ETHINYL ESTRADIOL_ORAL,4
2229,"TREPROSTINIL 7,500,000 NG [74 NG/KG/MIN] + STERILE WATER DILUENT WITH ADDITIVES 100 ML_IV",4
2230,DIGOXIN 50 MCG/ML (0.05 MG/ML) ORAL SOLUTION_ORAL,4
2231,MIDAZOLAM BOLUS FROM BAG_IV,4
2232,FENTANYL BOLUS FROM BAG_IV,4
2233,DIATRIZOATE MEGLUMINE 18 % URETHRAL SOLUTION_RECTAL,4
2234,LEVOFLOXACIN 25 MG/ML ENTERAL LIQUID_ENTERAL,4
2235,IMMUNE BIOGREENCELL SUSPENSION_ORAL,4
2236,NORMAL SALINE 250 ML_IV,4
2237,D10W + NACL 20 MEQ/L + KCL 10 MEQ/L INFUSION_IV,4
2238,OXYMETAZOLINE 0.05 % NASAL SPRAY_OTHER,4
2239,"LITHIUM CARBONATE ER 450 MG TABLET,EXTENDED RELEASE_ORAL",4
2240,METRONIDAZOLE 100 MG/ML ENTERAL LIQUID_ORAL,4
2241,MIDAZOLAM INFUSION 50 MG [0.14 MG/KG/HR] + NS 50 ML_IV,4
2242,"CEFEPIME 500 MG + VANCOMYCIN 1,000 MG + HEPARIN 500 UNIT + DEXTROSE 1.5% WITH ELECTROLYTES (DIANEAL_OTHER",4
2243,NEOSPORIN TOPICAL OINTMENT_OTHER,4
2244,ALBUTEROL 60 MG IN NS 48 ML_INHALATION,4
2245,"D5W 1000 ML + SODIUM BICARBONATE, IVF 150 MEQ_IV",4
2246,PALIPERIDONE ER_ORAL,4
2247,ALBUTEROL 20 MG IN 24 ML (0.083% UNDILUTED)_INHALATION,4
2248,NORETHINDRONE ACETATE 1 MG-ETHINYL ESTRADIOL 20 MCG TABLET_ORAL,4
2249,LAMOTRIGINE CHEW TAB_ENTERAL,4
2250,DEKAS PLUS ORAL LIQUID_ORAL,4
2251,DEXMEDETOMIDINE 400 MCG [1.5 MCG/KG/HR] + NS 100 ML_IV,4
2252,STOOL SOFTNER PLUS STIMULANT LAXATIVE: DOCUSATE SODIUM 50 MG + SENNOSIDES 8.6 MG PER CAPSULE_ORAL,4
2253,OCTREOTIDE 500 MCG [2 MCG/KG/HR] + NS 50 ML_IV,4
2254,DIAZOXIDE 50 MG/ML ORAL SUSPENSION_ORAL,4
2255,D5W 1/4NS 1000 ML_IV,4
2256,LIDOCAINE 1 % BUFFERED WITH 8.4 % SODIUM BICARB (10 ML) INJECTION_INTRADERMAL,4
2257,ZONISAMIDE 25 MG CAPSULE_ORAL,4
2258,DEXMEDETOMIDINE 400 MCG [1 MCG/KG/HR] + NS 100 ML_IV,4
2259,"SODIUM CHLORIDE 0.9% 1,000 ML_IV",4
2260,ALLOPURINOL_ENTERAL,4
2261,VARICELLA VIRUS VACCINE_SUBCUTANEOUS,4
2262,POTASSIUM BICARBONATE-CITRIC ACID 10 MEQ EFFERVESCENT TABLET_ORAL,4
2263,CLORAZEPATE_ORAL,4
2264,CHOLECALCIFEROL (VITAMIN D3) 10 MCG/ML (400 UNIT/ML) ORAL DROPS_ORAL,4
2265,"MULTIVITAMIN 10 ML + FOLIC ACID 1 MG + THIAMINE 100 MG + NS 1,000 ML_IV",4
2266,SYMDEKO IVACAFTOR ONLY/BLUE TABLET_ORAL,4
2267,"DESVENLAFAXINE SUCCINATE ER 50 MG TABLET,EXTENDED RELEASE 24 HR_ORAL",4
2268,LEVETIRACETAM (BRAND MEDICALLY NECESSARY)_IV,4
2269,EPINEPHRINE INFUSION 0.5 MG + D10W 50 ML_IV,4
2270,RIFAMPIN 25 MG/ML ENTERAL LIQUID CMPD_ORAL,4
2271,NORTREL 7-7-7_ORAL,4
2272,HYDROCORTISONE 2.5 % TOPICAL OINTMENT_TOPICAL,4
2273,EPINEPHRINE 10 MG [0.14 MCG/KG/MIN] + D5W 50 ML_IV,4
2274,MULTIPLE VITAMINS ORAL LIQUID_ORAL,4
2275,"HEPARIN, PORCINE 100 UNIT/ML SYRINGE/VIAL (WRAPPER)_OTHER",4
2276,EPLERENONE_ORAL,4
2277,HUMALOG_SUBCUTANEOUS,4
2278,LAMICTAL XR_ORAL,4
2279,ALBUTEROL 36 MG IN NS 24 ML_INHALATION,4
2280,PHYTONADIONE_ENTERAL,4
2281,ENTRESTO 4 MG/ML LIQUID (COMPOUND)_ENTERAL,4
2282,BRIVARACETAM 50 MG TABLET_ORAL,4
2283,HYDROCORTISONE 1 MG/ML PF INJECTION_IV,4
2284,FLUPHENAZINE 2.5MG TABLET_ORAL,4
2285,MILRINONE 5 MG [0.75 MCG/KG/MIN] + D10W 50 ML_IV,4
2286,MELATONIN 1 MG TABLET_ENTERAL,4
2287,VARICELLA ZOSTER IMMUNE GLOBULIN_INTRAMUSCULAR,4
2288,MONO-LINYAH 0.25-35 MG-MCG TAB_ORAL,4
2289,DESITIN 40% TOPICAL OINTMENT_OTHER,4
2290,ENALAPRILAT_IV,4
2291,AMOXICILLIN-CLAVULANATE 120 MG/ML ENTERAL LIQUID_ENTERAL,4
2292,"ZENPEP 3000 UNITS-10,000 UNITS-14,000 UNITS ORAL DELAYED RELEASE CAPSULE_ORAL",4
2293,LIDOCAINE 1% BUFFERED 0.25ML FOR J-TIP ADMINISTRATION._IV,4
2294,"DIVALPROEX 125 MG TABLET,DELAYED RELEASE_ORAL",4
2295,MORPHINE INFUSION 100 MG [2 MG/HR] + NS 50 ML_IV,4
2296,DRONABINOL_ENTERAL,4
2297,FENTANYL INFUSION 1250 MCG [0.75 MCG/KG/HR] + SYRINGE CONTAINS 25 ML_IV,4
2298,NALTREXONE 50 MG ORAL TABLET_ORAL,4
2299,"KETAMINE, INFUSION 250 MG [5.88 MG/HR] + NS 50 ML_IV",4
2300,"VANCOMYCIN 3,000 MG + CEFEPIME 1,500 MG + HEPARIN, IVF 1,500 UNIT_OTHER",4
2301,ADULT FIBER SUPPLIMENT_ORAL,4
2302,SODIUM PHOSPHATE_ORAL,4
2303,PROCAINAMIDE 400 MG [20 MCG/KG/MIN] + NS 50 ML_IV,4
2304,NICARDIPINE INFUSION 40 MG [0.75 MCG/KG/MIN] + NS 200 ML_IV,4
2305,CONCERTA 27 MG TAB_ORAL,4
2306,G TUBE FEEDS_OTHER,4
2307,ERTAPENEM_IV,4
2308,D5W NS 250 ML_IV,4
2309,NOREPINEPHRINE INFUSION 16 MG/250 ML (64 MCG/ML) IN NS (PREMIX)_IV,4
2310,"MULTIPLE VITAMINS WITH MINERALS ORAL TABLET, CHEWABLE_ENTERAL",4
2311,CYCLOSPORINE_ORAL,4
2312,CISAPRIDE_ORAL,4
2313,"FENTANYL INFUSION 1,250 MCG [0.5 MCG/KG/HR] + SYRINGE CONTAINS 25 ML_IV",4
2314,"METHYLPHENIDATE ER 18 MG TABLET,EXTENDED RELEASE 24 HR_ORAL",4
2315,D10W NS BOLUS (ED ONLY)_IV,4
2316,PEG 3350-ELECTROLYTES 236 GRAM-22.74 GRAM-6.74 GRAM-5.86 GRAM SOLUTION_ENTERAL,4
2317,"ADDERALL XR 10 MG ORAL CAPSULE, EXTENDED RELEASE_ORAL",4
2318,DEXAMETHASONE SODIUM PHOSPHATE 4 MG/ML INJECTION SOLUTION_ORAL,4
2319,TRI-ESTARYLLA (NORGESTIMATE AND ETHINYL ESTRADIOL)_ORAL,4
2320,ACETYLCYSTEINE 600 MG CAPSULE_ORAL,4
2321,CALCITRIOL 1 MCG/ML ORAL SOLUTION_ENTERAL,4
2322,HYOSCYAMINE ER_ORAL,4
2323,NOREPINEPHRINE 10 MG [0.3 MCG/KG/MIN] + D5W 50 ML_IV,4
2324,DIAZEPAM_INTRAMUSCULAR,4
2325,NITROGLYCERIN 2% TRANSDERMAL OINTMENT_OTHER,4
2326,"VANCOMYCIN 1,000 MG + HEPARIN FLUSH 500 UNIT + CEFEPIME 500 MG_OTHER",4
2327,"VANCOMYCIN 1,000 MG + HEPARIN 500 UNIT + CEFEPIME 500 MG_OTHER",4
2328,"SIMETHICONE 40 MG/0.6 ML ORAL DROPS,SUSPENSION_ORAL",4
2329,RASBURICASE IV 0.2 MG/ML NS_IV,4
2330,FLUOCINONIDE 0.05% TOPICAL OINTMENT_OTHER,4
2331,CARBAMIDE PEROXIDE 6.5 % EAR DROPS_BY_EAR,4
2332,PROPOFOL 500 MG [35 MCG/KG/MIN] + SYRINGE CONTAINS. 50 ML_IV,4
2333,POTASSIUM CHLORIDE DOSE (CVL)_IV,4
2334,KEPPRA_ORAL,4
2335,"VANCOMYCIN 1,000 MG + HEPARIN, IVF 500 UNIT + CEFEPIME 500 MG_OTHER",4
2336,POSACONAZOLE_ORAL,4
2337,SULFASALAZINE 500 MG TABLET_ORAL,4
2338,MIDAZOLAM INFUSION 50 MG [0.15 MG/KG/HR] + NS 50 ML_IV,4
2339,"VANCOMYCIN 3,000 MG + CEFEPIME 1,500 MG + HEPARIN 1,500 UNIT_OTHER",4
2340,ELTROMBOPAG_ORAL,4
2341,"VANCOMYCIN 75 MG + HEPARIN 1,500 UNIT_OTHER",4
2342,EPINEPHRINE 0.5 MG [0.05 MCG/KG/MIN] + D5W 50 ML_IV,4
2343,"VANCOMYCIN 75 MG + CEFEPIME 375 MG + HEPARIN 1,500 UNIT_OTHER",4
2344,"HEPARIN 500 UNIT + CEFEPIME 500 MG + VANCOMYCIN 1,000 MG_OTHER",4
2345,WARFARIN_ORAL,4
2346,"VANCOMYCIN 1,000 MG + CEFEPIME 500 MG + HEPARIN 500 UNIT_OTHER",4
2347,"PENICILLIN G POTASSIUM INJECTION 50,000 UNITS/ML_IV",4
2348,ENALAPRIL MALEATE 1 MG/ML ORAL SOLUTION_ENTERAL,4
2349,CYSTOGRAFIN-DILUTE_OTHER,4
2350,JUNEL_ORAL,4
2351,PROPOFOL 500 MG + SYRINGE CONTAINS 50 ML_IV,4
2352,"METHYLPHENIDATE 5 MG/ML (25 MG/5 ML) ORAL SUSP,EXTENDED RELEASE 24 HR_ENTERAL",4
2353,"LIDOCAINE 20 MG/ML (2 %)-EPINEPHRINE 1:100,000 INJECTION SOLUTION_OTHER",4
2354,"SODIUM BICARBONATE, IVF_IV",4
2355,"NS. 1,000 ML_IV",4
2356,KETOCONAZOLE_OTHER,4
2357,BACITRACIN 500 UNITS/G OPHTHALMIC OINTMENT_BY_EYE,4
2358,HYDROXOCOBALAMIN_INTRAMUSCULAR,4
2359,PROPOFOL 250 MG [100 MCG/KG/MIN] + SYRINGE CONTAINS. 25 ML_IV,4
2360,VERAPAMIL_IV,4
2361,"KETAMINE, INFUSION 250 MG [13 MG/HR] + NS 50 ML_IV",4
2362,HYOSCYAMINE 0.125 MG/5 ML ORAL ELIXIR_ORAL,4
2363,FLOVENT  HFA_OTHER,4
2364,L-METHYLFOLATE_ENTERAL,4
2365,LABETALOL 40 MG/ML ENTERAL LIQUID CMPD_ORAL,4
2366,VALARIAN ROOT_ORAL,4
2367,TETRABENAZINE_ORAL,4
2368,EPINEPHRINE 0.5 MG [0.01 MCG/KG/MIN] + D10W 50 ML_IV,4
2369,"D10W 1000 ML + POTASSIUM ACETATE, IVF 10 MEQ_IV",4
2370,"VENLAFAXINE ER 75 MG CAPSULE,EXTENDED RELEASE 24 HR_ORAL",4
2371,PREDNISONE_ENTERAL,4
2372,CEFTAZIDIME 250 MG + VANCOMYCIN 500 MG + HEPARIN 500 UNIT_OTHER,4
2373,"CEFTAZIDIME 375 MG + VANCOMYCIN 60 MG + HEPARIN 1,500 UNIT_OTHER",4
2374,DESMOPRESSIN IV (DDAVP)_SUBCUTANEOUS,4
2375,HYDROCORTISONE SOD SUCCINATE (PF) 100 MG/2 ML SOLUTION FOR INJECTION_IV,4
2376,TRAMADOL_ENTERAL,4
2377,PRISTIQ (DESVENLAFAXINE)_ORAL,4
2378,BENZOYL PEROXIDE-ERYTHROMYCIN 5%-3% TOPICAL GEL_OTHER,4
2379,"KETAMINE, INFUSION 250 MG [6.2 MG/HR] + NS 50 ML_IV",4
2380,LIDOCAINE 2000 MG [2 MG/MIN] + D5W 500 ML_IV,4
2381,ACYCLOVIR 200 MG CAPSULE_ORAL,4
2382,HEPARIN 5000 UNIT [22 UNIT/KG/HR] + D5W 50 ML_IV,4
2383,"VANCOMYCIN ORAL, CAPSULE_ENTERAL",4
2384,MAGNESIUM HYDROXIDE 400 MG/5 ML ORAL SUSPENSION_ENTERAL,4
2385,L-TRYPTOPHAN_ORAL,4
2386,"1/2NS 1,000 ML + SODIUM BICARBONATE, IVF 40 MEQ + POTASSIUM CHLORIDE, IVF 10 MEQ_IV",4
2387,SILVER SULFADIAZINE 1% TOPICAL CREAM_OTHER,4
2388,"DIVALPROEX, DELAYED RELEASE_ENTERAL",4
2389,"KETAMINE, INFUSION 250 MG [5.6 MG/HR] + NS 50 ML_IV",4
2390,ZOLPIDEM_ORAL,4
2391,TROSPIUM EXTENDED RELEASE_ORAL,4
2392,FENTANYL INFUSION 1250 MCG [1.69 MCG/KG/HR] + SYRINGE CONTAINS 25 ML_IV,4
2393,DILTIAZEM 1 MG/ML INFUSION IN D5W (MIXTURE)_IV,4
2394,SPIRONOLACTONE 25 MG TABLET_ORAL,4
2395,VECURONIUM_IV,4
2396,ALTEPLASE IV_IV,4
2397,NOREPINEPHRINE 10 MG [0.02 MCG/KG/MIN] + D5W 50 ML_IV,4
2398,METFORMIN_ENTERAL,4
2399,LORAZEPAM_OTHER,4
2400,INSULIN LISPRO-INSULIN LISPRO PROTAMINE_SUBCUTANEOUS,4
2401,"CYANOCOBALAMIN (VIT B-12) 1,000 MCG TABLET_ORAL",4
2402,PROPOFOL 500 MG [125 MCG/KG/MIN] + SYRINGE CONTAINS. 50 ML_IV,4
2403,NALTREXONE 50 MG TABLET_ORAL,4
2404,ATORVASTATIN 10 MG TABLET_ORAL,4
2405,CLONAZEPAM_(BRAND MEDICALLY NECESSARY)_ORAL,4
2406,LABETALOL 100 MG TABLET_ORAL,4
2407,MESALAMINE_RECTAL,4
2408,KETOTIFEN FUMARATE 0.035%_OTHER,4
2409,PROPAFENONE_ORAL,4
2410,"D5W 1,000 ML + SODIUM CHLORIDE, IVF 65 MEQ + SODIUM ACETATE, IVF 25 MEQ + POTASSIUM CHLORIDE, IVF 1_IV",4
2411,TOPIRAMATE 100 MG TABLET_ORAL,4
2412,GANCICLOVIR_IV,4
2413,"LANSOPRAZOLE 15 MG DELAYED RELEASE,DISINTEGRATING TABLET_ORAL",4
2414,PHENYTOIN EXTENDED RELEASE (DISPENSED AS DILANTIN)_ORAL,4
2415,NICARDIPINE INFUSION 40 MG [0.5 MCG/KG/MIN] + NS 200 ML_IV,4
2416,"KETAMINE, INFUSION 250 MG [10.3 MG/HR] + NS 50 ML_IV",4
2417,MIRTAZAPINE_ENTERAL,4
2418,"VERSED ENTERAL, ANESTHESIA_ORAL",4
2419,HUMALOG_OTHER,4
2420,TOBRADEX 0.3%-0.1% OPHTHALMIC OINTMENT_BY_EYE,4
2421,"KETAMINE, INFUSION 250 MG [6.7 MG/HR] + NS 50 ML_IV",4
2422,NALOXONE 400 MCG [1 MCG/KG/HR] + NS 100 ML_IV,4
2423,BREXPIPRAZOLE 2 MG TABLET_ORAL,4
2424,AURUVELA_ORAL,4
2425,DEFLAZACORT_ORAL,4
2426,LEVETIRACETAM 500 MG TABLET_ENTERAL,4
2427,"POTASSIUM CITRATE-CITRIC ACID 1,100 MG-334 MG/5 ML ORAL SOLUTION_ENTERAL",4
2428,LIDOCAINE 1% (LOCAL ANESTHESIA) ORDER IN ML_NASAL,4
2429,TOFACITINIB_ORAL,4
2430,LESSINA_ORAL,4
2431,MILRINONE 10 MG [0.5 MCG/KG/MIN] + D5W 50 ML_IV,4
2432,APREPITANT 40 MG CAPSULE_ORAL,4
2433,PCA/NCA MORPHINE 1 MG/ML 50 MG_OTHER,4
2434,OXYBUTYNIN PATCH [1 PATCH = 3.9 MG/24 HR]_TOPICAL,4
2435,ATOMOXETINE_ENTERAL,4
2436,"LAMOTRIGINE 100 MG ORAL TABLET, EXTENDED RELEASE_ORAL",4
2437,LEUCOVORIN_IV,4
2438,ESLICARBAZEPINE_ENTERAL,4
2439,CITALOPRAM_ENTERAL,4
2440,"METOPROLOL SUCCINATE ER 25 MG TABLET,EXTENDED RELEASE 24 HR_ORAL",4
2441,PROPOFOL 1000 MG [60 MCG/KG/MIN] + BOTTLE CONTAINS. 100 ML_IV,4
2442,AZATHIOPRINE 50 MG TABLET_ORAL,4
2443,BISACODYL_OTHER,4
2444,DOPAMINE INFUSION 160 MG [3 MCG/KG/MIN] + D5W 50 ML_IV,4
2445,GRANISETRON_ENTERAL,4
2446,TOPIRAMATE (BRAND MEDICALLY NECESSARY)_ENTERAL,4
2447,CEFTAROLINE_IV,4
2448,THIAMINE 100 MG + FOLIC ACID 1 MG + MULTIVITAMIN 10 ML_IV,4
2449,MONTELUKAST 5 MG CHEWABLE TABLET_ENTERAL,4
2450,PROPOFOL 500 MG [150 MCG/KG/MIN] + SYRINGE CONTAINS. 50 ML_IV,4
2451,ETHINYL ESTRADIOL-NORGESTREL_ORAL,4
2452,ATROPINE 1% OPHTHALMIC SOLUTION_BY_EYE,4
2453,POTASSIUM ACETATE DOSE (PIV)_IV,4
2454,FEXOFENADINE HCL/PSEUDOEPHEDRINE HCL_ORAL,4
2455,PHENOBARBITAL 100 MG TABLET_ENTERAL,4
2456,SYNTHROID_ORAL,4
2457,HYDROMORPHONE 1 MG/ML ORAL LIQUID_ENTERAL,3
2458,KYANI SUNRISE LIQUID SUPPLEMENT_ORAL,3
2459,TBO-FILGRASTIM_IV,3
2460,LIDOCAINE TOPICAL_OTHER,3
2461,PROMETHAZINE IV 1 MG/ML NS_IV,3
2462,SPRINTEC 0.25MG-35MCG_ORAL,3
2463,BUSPIRONE 5 MG TABLET_ENTERAL,3
2464,GENTAMICIN_OTHER,3
2465,DEXTROAMPHETAMINE_ENTERAL,3
2466,AMOXICILLIN-CLAVULANATE 80 MG/ML ENTERAL LIQUID_ENTERAL,3
2467,CLOTRIMAZOLE 1% VAGINAL CREAM WITH APPLICATOR_OTHER,3
2468,ALBUTEROL 28 MG IN NS 24 ML_INHALATION,3
2469,"D10W 478 ML + AMMONUL 4,775 MG + ARGININE 3,820 MG_IV",3
2470,"D10W 415 ML + AMMONUL 4,150 MG + ARGININE 3,320 MG_IV",3
2471,CARIPRAZINE (VRAYLAR)_ORAL,3
2472,PROPRANOLOL_IV,3
2473,HALOPERIDOL DECANOATE_INTRAMUSCULAR,3
2474,METOLAZONE_ORAL,3
2475,"1/2NS 500 ML + SODIUM BICARBONATE, IVF 40 MEQ_IV",3
2476,DIMENHYDRINATE_ORAL,3
2477,NALOXONE 16 MCG/ML 50 ML IN NS_IV,3
2478,BAMLANIVIMAB 350 MG + ETESEVIMAB 700 MG + SYRINGE CONTAINS 30 ML_IV,3
2479,INHALATIONAL SPACING DEVICE WITH SMALL MASK_OTHER,3
2480,DOCUSATE SODIUM 50 MG/5 ML ORAL LIQUID_ENTERAL,3
2481,"POTASSIUM CITRATE-CITRIC ACID 1,100 MG-334 MG/5 ML ORAL SOLUTION_ORAL",3
2482,DICLOFENAC 1 % TOPICAL GEL_TOPICAL,3
2483,ESZOPICLONE_ORAL,3
2484,LEVONORGESTREL 1.5 MG TABLET_ORAL,3
2485,DULAGLUTIDE_SUBCUTANEOUS,3
2486,METHYLNALTREXONE IV_IV,3
2487,BISMUTH SUBSALICYLATE_ORAL,3
2488,CLOTRIMAZOLE 1 % TOPICAL CREAM_TOPICAL,3
2489,CYCLOSPORINE MODIFIED 100 MG/ML ENTERAL LIQUID_ORAL,3
2490,ENOXAPARIN 40 MG/0.4 ML SUBCUTANEOUS SYRINGE_SUBCUTANEOUS,3
2491,TRI-LO-MARZIA (NORGESTIMATE AND ETHINYL ESTRADIOL TABLETS)_ORAL,3
2492,TACROLIMUS 0.1% TOPICAL OINTMENT_OTHER,3
2493,PEDIATRIC MULTIVITAMIN NO.192 250 MCG-50 MG-10 MCG/ML ORAL DROPS_ENTERAL,3
2494,"D12.5W 1,000 ML + SODIUM CHLORIDE, IVF 100 MEQ + POTASSIUM CHLORIDE, IVF 10 MEQ_IV",3
2495,NORMAL SALINE 200 ML_IV,3
2496,PETROLATUM TOPICAL OINTMENT_OTHER,3
2497,"PANTOPRAZOLE 20 MG TABLET,DELAYED RELEASE_ORAL",3
2498,"D5W 1/2NS 1,000 ML + SODIUM ACETATE, IVF 80 MEQ_IV",3
2499,KETAMINE 50 MG/ML NASAL SOLUTION_NASAL,3
2500,LIDOCAINE 1% BUFFERED 0.25ML FOR J-TIP ADMINISTRATION._OTHER,3
2501,"BUPROPION HCL XL 300 MG 24 HR TABLET, EXTENDED RELEASE_ORAL",3
2502,CARAPRAZINE_ORAL,3
2503,SUCCIMER_ORAL,3
2504,CLINDAMYCIN 1% AND BENZOYL PEROXIDE 5%_OTHER,3
2505,SALT STICK VITASSIUM_ORAL,3
2506,DANAZOL_ORAL,3
2507,ALBUTEROL_ENTERAL,3
2508,MAGNESIUM GLUCONATE_ORAL,3
2509,EPINEPHRINE 10 MCG/ML INJECTABLE SOLUTION_OTHER,3
2510,"D15W 500 ML + SODIUM CHLORIDE, IVF 45 MEQ + POTASSIUM CHLORIDE, IVF 12.5 MEQ_IV",3
2511,EPINEPHRINE 2 MG [0.12 MCG/KG/MIN] + D5W 50 ML_IV,3
2512,TRETINOIN CREAM 0.1%_OTHER,3
2513,SALICYLIC ACID 17%_OTHER,3
2514,GUANFACINE EXTENDED RELEASE_ENTERAL,3
2515,METHOTREXATE_ORAL,3
2516,ANUSOL-HC 25 MG RECTAL SUPPOSITORY_RECTAL,3
2517,ESTARYLLA_ORAL,3
2518,DEXMEDETOMIDINE 400 MCG [0.4 MCG/KG/HR] + NS 100 ML_IV,3
2519,"THIAMINE 100 MG + FOLIC ACID 1 MG + NS 1,000 ML_IV",3
2520,BIKTARVY_ENTERAL,3
2521,COLCHICINE_ENTERAL,3
2522,MYDAYIS_ORAL,3
2523,LIDOCAINE 1% BUFFERED 0.25 ML FOR J-TIP ADMINISTRATION_OTHER,3
2524,GUANFACINE 1 MG TABLET_ENTERAL,3
2525,"HOME PN UNTIL BCH PN CAN BE PROVIDED 1,425 ML_IV",3
2526,NAIR_OTHER,3
2527,FOSPHENYTOIN IV 5 MG PE/ML NS_IV,3
2528,ARIPIPRAZOLE 2 MG TABLET_ENTERAL,3
2529,NORCO 5 MG-325 MG ORAL TABLET_ORAL,3
2530,IMIPENEM-CILASTATIN_IV,3
2531,IBUPROFEN 200 MG TABLET_OTHER,3
2532,SERTRALINE 20 MG/ML ORAL CONCENTRATE_ORAL,3
2533,FLUPHENAZINE 1MG TAB_ORAL,3
2534,ESOMEPRAZOLE_ENTERAL,3
2535,"BUPROPION 300 MG/24 HOURS (XL) ORAL TABLET, EXTENDED RELEASE_ORAL",3
2536,MULTIGENICS MULTIVITAMIN_ORAL,3
2537,FOLATE_ORAL,3
2538,"D5W 1/2NS 1,000 ML + POTASSIUM CHLORIDE, IVF 30 MEQ_IV",3
2539,SODIUM BICARBONATE POWDER (7 MEQ PACKET)_ENTERAL,3
2540,FLUORESCEIN 1 MG EYE STRIPS_OTHER,3
2541,"LIDOCAINE (BUFFERED) 1% WITH EPINEPHRINE 1:200,000 INJ_INTRADERMAL",3
2542,INTRALIPID 20% INTRAVENOUS EMULSION 288 ML_IV,3
2543,DIPHENHYDRAMINE 50 MG/ML INJECTION SOLUTION_OTHER,3
2544,LUMATEPERONE (CAPLYTA)_ORAL,3
2545,"D10W 1000 ML + SODIUM CHLORIDE, IVF 154 MEQ + POTASSIUM ACETATE, IVF 25 MEQ + POTASSIUM PHOSPHATE,_IV",3
2546,NEILMED SINUS RINSE PEDIATRIC KIT NASAL POWDER FOR RECONSTITUTION_NASAL,3
2547,BUDESONIDE 180 MCG/ACTUATION BREATH ACTIVATED POWDER INHALER_INHALATION,3
2548,HUMALOG MIX 75-25 KWIKPEN_SUBCUTANEOUS,3
2549,LAMOTRIGINE CHEW TAB (BRAND MEDICALLY NECESSARY)_ORAL,3
2550,CIPROFLOXACIN 250 MG TABLET_ENTERAL,3
2551,SODIUM CHLORIDE 3% CONTINUOUS 500 ML_IV,3
2552,TBO-FILGRASTIM 300 MCG/ML INJECTION SOLUTION_SUBCUTANEOUS,3
2553,NORETHINDRONE ACETATE 5 MG TABLET_ENTERAL,3
2554,SODIUM BICARBONATE POWDER (MEQ)_ENTERAL,3
2555,MAGNESIUM CITRATE_OTHER,3
2556,ZIPRASIDONE_INTRAMUSCULAR,3
2557,DIPHENHYDRAMINE 12.5 MG/5 ML ORAL ELIXIR_ORAL,3
2558,TRICITRATES SF_ENTERAL,3
2559,FLUMAZENIL_IV,3
2560,PROPOFOL 500 MG [200 MCG/KG/MIN] + SYRINGE CONTAINS 50 ML_IV,3
2561,BENZOYL PEROXIDE 10% WASH_OTHER,3
2562,TRETINOIN 0.025% CREAM_OTHER,3
2563,"PENICILLIN G BENZATHINE 1,200,000 UNIT/2 ML INTRAMUSCULAR SYRINGE_INTRAMUSCULAR",3
2564,DICLOFENAC 1% TOPICAL GEL_OTHER,3
2565,DEXAMETHASONE_OTHER,3
2566,DIPHENHYDRAMINE 12.5 MG/5 ML ORAL LIQUID_ORAL,3
2567,BUPIVACAINE 0.25% PRESERVATIVE-FREE INJECTABLE SOLUTION_OTHER,3
2568,INSULIN REGULAR 0.2 UNIT/ML INFUSION IN NS (MIXTURE)_IV,3
2569,PHENOBARBITAL 100 MG TABLET_ORAL,3
2570,DIVALPROEX SODIUM_ORAL,3
2571,CEFTAZIDIME 250 MG + VANCOMYCIN 500 MG_OTHER,3
2572,QUILLIVANT_ORAL,3
2573,SUCRALFATE 1 GRAM TABLET_ORAL,3
2574,SODIUM PHOSPHATES 9.5 GRAM-3.5 GRAM/59 ML ENEMA_RECTAL,3
2575,CLONAZEPAM 0.5 MG DISINTEGRATING TABLET_ORAL,3
2576,CEFTAROLINE 12 MG/ML INJECTION IN NS_IV,3
2577,"NYSTATIN 100,000 UNIT/GRAM TOPICAL CREAM_TOPICAL",3
2578,ERYTHROMYCIN OPHTHALMIC_BY_EYE,3
2579,"D5W LR 3,000 ML_IV",3
2580,"SCOPOLAMINE 1 MG/72 HR TRANSDERMAL FILM, EXTENDED RELEASE_OTHER",3
2581,PNEUMOCOCCAL 13-VALENT CONJUGATE VACCINE_INTRAMUSCULAR,3
2582,LIDOCAINE 5% TOPICAL FILM_OTHER,3
2583,SODIUM CHLORIDE 0.9 % (FLUSH) INJECTION SYRINGE_IV,3
2584,FIBER POWDER SUPPLEMETN_ORAL,3
2585,TOPIRAMATE 15 MG SPRINKLE CAPSULE_ORAL,3
2586,NITAZOXANIDE_ORAL,3
2587,TIZANIDINE 4 MG TABLET_ORAL,3
2588,DILTIAZEM 12 MG/ML ENTERAL LIQUID CMPD_ORAL,3
2589,OMEGA-3 1000 MG_ORAL,3
2590,"METFORMIN 500 MG ORAL TABLET, EXTENDED RELEASE_ORAL",3
2591,"VENLAFAXINE ER 150 MG CAPSULE,EXTENDED RELEASE 24 HR_ORAL",3
2592,PREDNISOLONE 15 MG/5 ML ORAL SYRUP_ENTERAL,3
2593,DIVALPROEX EXTENDED RELEASE (DEPAKOTE ER)_ORAL,3
2594,SIROLIMUS 1 MG TABLET_ORAL,3
2595,ZINC_ORAL,3
2596,SILDENAFIL (PULMONARY HYPERTENSION) 20 MG TABLET_ORAL,3
2597,SODIUM BICARBONATE SOLUTION 2.1%_OTHER,3
2598,FERUMOXYTOL IV 8 MG/ML NS_IV,3
2599,DEXTROMETHORPHAN EXTENDED RELEASE_ORAL,3
2600,CETIRIZINE 10 MG TABLET_OTHER,3
2601,"D5W NS 1,000 ML + POTASSIUM ACETATE, IVF 40 MEQ_IV",3
2602,DIGOXIN 125 MCG (0.125 MG) TABLET_ORAL,3
2603,MEDERMA_OTHER,3
2604,METHIMAZOLE 10 MG TABLET_ORAL,3
2605,BUDESONIDE 180 MCG/INH INHALATION POWDER_INHALATION,3
2606,ASCORBIC ACID 100 MG/ML D5W_IV,3
2607,ISOVUE-370_OTHER,3
2608,"D5W 1/2NS 1,000 ML + POTASSIUM CHLORIDE, IVF 15 MEQ_IV",3
2609,CLOPIDOGREL 75 MG TABLET_ORAL,3
2610,HEPARIN 500 UNIT + CEFEPIME 500 MG_OTHER,3
2611,ELOCTATE WITH FC FUSION PROTEIN_IV,3
2612,"FACTOR VIII RECOMB, FC FUSION PROTEIN 500 UNIT INTRAVENOUS SOLUTION (ELOCTATE)_IV",3
2613,CEFEPIME 375 MG + VANCOMYCIN 75 MG_OTHER,3
2614,D5W LR_IV,3
2615,GABAPENTIN 100 MG CAPSULE_ENTERAL,3
2616,"D5W 1000 ML + SODIUM CHLORIDE, IVF 65 MEQ + SODIUM ACETATE, IVF 25 MEQ + POTASSIUM CHLORIDE, IVF 10_IV",3
2617,"EPINEPHRINE (JR) 0.15 MG/0.3 ML INJECTION,AUTO-INJECTOR_OTHER",3
2618,ADVAIR HFA 230 MCG-21 MCG/INH INHALATION AEROSOL_INHALATION,3
2619,"D15W 500 ML + SODIUM CHLORIDE, IVF 40 MEQ + POTASSIUM CHLORIDE, IVF 5 MEQ_IV",3
2620,POLYETHYLENE GLYCOL 3350 17 GRAM/DOSE ORAL POWDER_ORAL,3
2621,LEFLUNOMIDE_ORAL,3
2622,RISPERIDONE 1 MG DISINTEGRATING TABLET_ORAL,3
2623,"D10W 1,000 ML + POTASSIUM CHLORIDE, IVF 10 MEQ_IV",3
2624,"LIDOCAINE-EPINEPHRINE (PF) 1 %-1:200,000 INJECTION SOLUTION_INTRADERMAL",3
2625,"LIDOCAINE 1 %-EPINEPHRINE 1:200,000 (BUFFERED)_INTRADERMAL",3
2626,CLONIDINE 5 MCG/ML ENTERAL LIQUID CMPD_ORAL,3
2627,D5W NS 200 ML_IV,3
2628,GLUCOSE_ENTERAL,3
2629,PHYTONADIONE (VITAMIN K1) 10 MG/ML INJECTION SOLUTION_INTRAMUSCULAR,3
2630,MEMANTINE 5 MG TABLET_ORAL,3
2631,LR_IV,3
2632,6MP_ORAL,3
2633,"SODIUM CHLORIDE 0.45% 1,000 ML + POTASSIUM CHLORIDE, IVF 10 MEQ + SODIUM BICARBONATE, IVF 40 MEQ_IV",3
2634,LIDO-EPIN-TETR 40-0.5-5MG/ML GEL CMPD_TOPICAL,3
2635,BUDESONIDE 0.5 MG/2 ML INHALATION SUSPENSION_ORAL,3
2636,GRANISETRON_IV,3
2637,"HOME PN UNTIL BCH PN CAN BE PROVIDED 2,300 ML_IV",3
2638,SARNA 0.5%-0.5% TOPICAL LOTION_OTHER,3
2639,DESMOPRESSIN 0.1 MG TABLET_ENTERAL,3
2640,D5W LR BOLUS_IV,3
2641,LIDOCAINE HCL 10 MG/ML (1 %) INJECTION SOLUTION_SUBCUTANEOUS,3
2642,DEXEDRINE SPANSULE_ORAL,3
2643,FAT EMULSION (OMEGAVEN) 10 % INFUSION_IV,3
2644,"NORMAL SALINE 2,000 ML_IV",3
2645,FLUOXETINE 20 MG/5 ML (4 MG/ML) ORAL SOLUTION_ENTERAL,3
2646,L-THEANINE 200 MG CAPSULE_ORAL,3
2647,CREON 6000 UNITS ORAL DELAYED RELEASE CAPSULE_ENTERAL,3
2648,NIKKI 3MG-0.02MG_ORAL,3
2649,LABETALOL 250 MG [0.25 MG/KG/HR] + SYRINGE CONTAINS 50 ML_IV,3
2650,"ANTIHEMOPHILIC FVIII,HEK CELL 250 UNIT IV SOLN (NUWIQ)_IV",3
2651,FUROSEMIDE IV 5 MG/ML NS_IV,3
2652,"LEVEVTIRACETAM, EXTENDED RELEASE (BRAND MEDICALLY NECESSARY)_ORAL",3
2653,CAPTOPRIL 1 MG/ML ENTERAL LIQUID CMPD_ORAL,3
2654,COLCHICINE 0.6 MG TABLET_ORAL,3
2655,CYANOCOBALAMIN_ENTERAL,3
2656,MULTIVITAMIN WITH FOLIC ACID 400 MCG TABLET_ORAL,3
2657,CITALOPRAM 20 MG TABLET_ORAL,3
2658,TRILEPTAL 300 MG/5 ML (60 MG/ML) ORAL SUSPENSION_ORAL,3
2659,APREPITANT_ENTERAL,3
2660,TOBRAMYCIN 0.3% OPHTHALMIC OINTMENT_BY_EYE,3
2661,"NS 1,000 ML + POTASSIUM CHLORIDE, IVF 40 MEQ_IV",3
2662,MEASLES/MUMPS/RUBELLA VIRUS VACCINE_SUBCUTANEOUS,3
2663,INTRALIPID 20% INTRAVENOUS EMULSION 70 ML_IV,3
2664,TRIKAFTA IVACAFTOR ONLY/BLUE TAB (IVACAFTOR 150 MG)_ORAL,3
2665,"HOME PN UNTIL BCH PN CAN BE PROVIDED 3,800 ML_IV",3
2666,CLONIDINE TTS-1 PATCH [1 PATCH = 100 MCG/DAY]_OTHER,3
2667,INDOMETHACIN EXTENDED RELEASE_ORAL,3
2668,MCT OIL_ORAL,3
2669,PEDIA-LAX 400 MG ORAL CHEW TABS_ORAL,3
2670,MOXIFLOXACIN_IV,3
2671,LABETALOL 40 MG/ML ENTERAL LIQUID CMPD_ENTERAL,3
2672,ESTRADIOL_TOPICAL,3
2673,L-METHYLFOLATE_ORAL,3
2674,BAMLANIVIMAB 175 MG + ETESEVIMAB 350 MG + SYRINGE CONTAINS 15 ML_IV,3
2675,TOLTERODINE EXTENDED RELEASE_ORAL,3
2676,"CARBAMAZEPINE, SUSTAINED RELEASE (DISPENSED AS CARBATROL)_ORAL",3
2677,PERAMPANEL 2 MG TABLET_ORAL,3
2678,SODIUM PHOSPHATES 19 GRAM-7 GRAM/118 ML ENEMA_RECTAL,3
2679,TIGECYCLINE_IV,3
2680,KETAMINE_ENTERAL,3
2681,GABAPENTIN 250 MG/5 ML (5 ML) ORAL SOLUTION_ENTERAL,3
2682,SYMDEKO COMBO/YELLOW TABLET_ORAL,3
2683,VRAYLAR 3 MG CAPSULE_ORAL,3
2684,AMITRIPTYLINE 1 MG/ML ENTERAL LIQUID CMPD_ENTERAL,3
2685,FOLIC ACID_IV,3
2686,CYPROHEPTADINE 4 MG TABLET_ENTERAL,3
2687,TRANEXAMIC ACID_INHALATION,3
2688,PROCHLORPERAZINE MALEATE 5 MG TABLET_ORAL,3
2689,NITROFURANTOIN MACROCRYSTAL 50 MG CAPSULE_ORAL,3
2690,VITAMIN E_ENTERAL,3
2691,DESONIDE 0.05 % TOPICAL OINTMENT_TOPICAL,3
2692,IRON SUCROSE IV 1 MG/ML NS OVER 90 MIN_IV,3
2693,CARBAMAZEPINE 100 MG/5 ML ORAL SUSPENSION (WRAPPED)_ORAL,3
2694,POLYETHYLENE GLYCOL 3350_ENTERAL,3
2695,TACROLIMUS 1 MG/ML ENTERAL LIQUID CMPD_ENTERAL,3
2696,METHYLPHENIDATE (JORNEY)_ORAL,3
2697,ALBUTEROL 70 MG IN 120 ML NS_INHALATION,3
2698,PIMECROLIMUS 1% TOPICAL CREAM_OTHER,3
2699,INFLUENZA VIRUS VACCINE (BETWEEN 6 - 36 MONTHS OLD)_INTRAMUSCULAR,3
2700,CROMOLYN 100 MG/5 ML ORAL CONCENTRATE_ENTERAL,3
2701,DALBAVANCIN IV 5 MG/ML D5W_IV,3
2702,PSYLLIUM_ORAL,3
2703,DROSPIRENONE 3 MG-ETHINYL ESTRADIOL 0.03 MG TABLET_ORAL,3
2704,MORPHINE 15 MG IMMEDIATE RELEASE TABLET_ORAL,3
2705,ADVAIR HFA 45 MCG / 21 MCG INHALER_INHALATION,3
2706,GRANISETRON 1 MG/ML INJ FOR PO_ENTERAL,3
2707,CYCLOBENZAPRINE_ENTERAL,3
2708,PRUCALOPRIDE 0.75 MG/ML ENTERAL LIQUID CMPD_ORAL,3
2709,CHLOROTHIAZIDE SODIUM 500 MG INTRAVENOUS SOLUTION_IV,3
2710,LISINOPRIL 20 MG TABLET_ORAL,3
2711,ETHINYL ESTRADIOL 0.1MG/LEVONORGESTRAL 0.2 MG_ORAL,3
2712,AVYCAZ_IV,3
2713,RUFINAMIDE 400 MG TABLET_ORAL,3
2714,FUROSEMIDE IV 1 MG/ML NS_IV,3
2715,CELECOXIB 100 MG CAPSULE_ORAL,3
2716,THIAMINE 100 MG + FOLIC ACID 1 MG_IV,3
2717,ACETAMINOPHEN 160 MG/5 ML ENTERAL LIQUID - DYE FREE_ORAL,3
2718,LISDEXAMFETAMINE 10 MG CAPSULE_ORAL,3
2719,ONDANSETRON 8 MG DISINTEGRATING TABLET_OTHER,3
2720,"D5W 1/2NS 1,000 ML + POTASSIUM CHLORIDE, IVF 40 MEQ_IV",3
2721,DEXTROSE 2.5% WITH ELECTROLYTES (DIANEAL PD-2) INTRAPERITONEAL SOLUTION_OTHER,3
2722,LIDOCAINE 1% BUFFERED 0.25 ML FOR J-TIP ADMINISTRATION_SUBCUTANEOUS,3
2723,SELEXIPAG_ORAL,3
2724,SODIUM BICARBONATE 325 MG TABLET_ENTERAL,3
2725,"TRANEXAMIC ACID 1,000 MG/10 ML (100 MG/ML) INTRAVENOUS SOLUTION_TOPICAL",3
2726,OLOPATADINE HCL 0.2% (PATADAY)_BY_EYE,3
2727,ALBUTEROL 60 MG IN NS 24 ML_INHALATION,3
2728,LUBIPROSTONE 8 MCG CAPSULE_ORAL,3
2729,RIVASTIGMINE 9.5 MG/24 HOUR TRANSDERMAL PATCH_TOPICAL,3
2730,POTASSIUM ACETATE 0.1 MEQ/ML NS_IV,3
2731,D5W NS 400 ML_IV,3
2732,PRAVASTATIN 10 MG TABLET_ORAL,3
2733,K2+D3 CALCIUM GUMMIES_ORAL,3
2734,DYNAVEL_ORAL,3
2735,ALBUTEROL 100 MG IN NS 48 ML_INHALATION,3
2736,DEXAMETHASONE 0.1% OPHTHALMIC SOLUTION_NASAL,3
2737,DROSPIRENONE 3 MG /  ETHINYL ESTRADIOL 0.02 MG (NIKKI)_ORAL,3
2738,ALBUTEROL SULFATE HFA 90 MCG/ACTUATION AEROSOL INHALER_OTHER,3
2739,HOME PN UNTIL BCH PN CAN BE PROVIDED 1000 ML_IV,3
2740,ADULT MULTIVITAMIN GUMMIES_ORAL,3
2741,OFLOXACIN 0.3 % EAR DROPS_OTHER,3
2742,FIBERWELL GUMMIES_ORAL,3
2743,VIACTIV SOFT CALCIUM CHEWS_ORAL,3
2744,"D10W 1,000 ML + SODIUM CHLORIDE, IVF 40 MEQ + POTASSIUM CHLORIDE, IVF 20 MEQ_IV",3
2745,MESALAMINE DR 1.2 G TABLET_ORAL,3
2746,"D5NS 1,000 ML_IV",3
2747,OSELTAMIVIR 6 MG/ML ORAL SUSPENSION_ENTERAL,3
2748,ALLOPURINOL 100 MG TABLET_ENTERAL,3
2749,SUMATRIPTAN 5 MG/ACTUATION NASAL SPRAY_OTHER,3
2750,CARVEDILOL 1 MG/ML ENTERAL LIQUID CMPD_ENTERAL,3
2751,ATROPINE_INTRAMUSCULAR,3
2752,AMPHETAMINE-DEXTROAMPHETAMINE_ORAL,3
2753,KETAMINE 2 MG/ML NS (ED ONLY) MIXTURE_IV,3
2754,DEXMEDETOMIDINE 200 MCG/50 ML (4 MCG/ML) IN 0.9 % SODIUM CHLORIDE IV_IV,3
2755,FENTANYL INFUSION 300 MCG [2 MCG/KG/HR] + D5W 30 ML_IV,3
2756,PANTOPRAZOLE_ENTERAL,3
2757,AZELASTINE HCL NASAL SPRAY_OTHER,3
2758,LIDOCAINE 1% PF FOR INHALATION OR SUCTIONING_INHALATION,3
2759,INSULIN LISPRO 100 UNITS/ML INJECTABLE SOLUTION_SUBCUTANEOUS,3
2760,SODIUM BICARBONATE 1 MEQ/ML (8.4 %) INTRAVENOUS SOLUTION_IV,3
2761,ARGININE_ORAL,3
2762,RUFINAMIDE 200 MG TABLET_ORAL,3
2763,MULTIPLE VITAMINS ORAL TABLET_ENTERAL,3
2764,FENTANYL PATCH CHECK_OTHER,3
2765,SYMBICORT 160 MCG-4.5 MCG/INH INHALATION AEROSOL_INHALATION,3
2766,OXYBUTYNIN CHLORIDE 5 MG TABLET_ORAL,3
2767,NITROUS OXIDE_INHALATION,3
2768,NON-FORMULARY_SUBCUTANEOUS,3
2769,INTRALIPID 20% INTRAVENOUS EMULSION 79.2 ML_IV,3
2770,DIVALPROEX (DISPENSED AS DEPAKOTE SPRINKLE CAP)_ENTERAL,3
2771,CLOBETASOL 0.05 % TOPICAL OINTMENT_TOPICAL,3
2772,HYDROXYUREA 100 MG/ML ENTERAL LIQUID CMPD_ORAL,3
2773,LAMOTRIGINE 25 MG CHEWABLE DISPERSIBLE TABLET_ENTERAL,3
2774,HYDROCORTISONE 2.5 % TOPICAL CREAM_TOPICAL,3
2775,"MORPHINE ER 15 MG TABLET,EXTENDED RELEASE_ORAL",3
2776,ONE A DAY WOMEN'S VITAMINS_ORAL,3
2777,DAPAGLIFLOZIN PROPANEDIOL 5 MG TABLET_ENTERAL,3
2778,"CALCIUM 500 MG (AS CALCIUM CARBONATE 1,250 MG) CHEWABLE TABLET_ORAL",3
2779,PRAZOSIN 5 MG CAPSULE_ORAL,3
2780,FENTANYL INFUSION 300 MCG [0.5 MCG/KG/HR] + D5W 30 ML_IV,3
2781,POSACONAZOLE DELAYED RELEASE_ORAL,3
2782,GALAXTRA_ENTERAL,3
2783,RITALIN-SR_ORAL,3
2784,"INTRALIPID 20% INTRAVENOUS EMULSION 1,000 ML_IV",3
2785,ISRADIPINE 2.5 MG CAPSULE_ORAL,3
2786,"VENLAFAXINE 37.5 MG ORAL CAPSULE, EXTENDED RELEASE_ORAL",3
2787,"DIVALPROEX ER 500 MG TABLET,EXTENDED RELEASE 24 HR_ORAL",3
2788,DESIPRAMINE_ORAL,3
2789,LIDOCAINE (BUFFERED) 1% (LOCAL ANESTHESIA) ORDER IN ML._IV,3
2790,AZTREONAM IV 40 MG/ML D5W_IV,3
2791,VALGANCICLOVIR 50 MG/ML ENTERAL LIQUID_ORAL,3
2792,NITROFURANTOIN 25 MG/5 ML ORAL SUSPENSION_ORAL,3
2793,"POTASSIUM CHLORIDE, ENTERAL_ORAL",3
2794,VANCOMYCIN 50 MG/ML ORAL SOLUTION_ORAL,3
2795,"OMEPRAZOLE 10 MG CAPSULE,DELAYED RELEASE_ORAL",3
2796,D5NS_IV,3
2797,FELBAMATE_ENTERAL,3
2798,DOCUSATE SODIUM 50 MG/5 ML ORAL LIQUID_RECTAL,3
2799,MAGNESIUM CITRATE ORAL SOLUTION_RECTAL,3
2800,"ERGOCALCIFEROL (VITAMIN D2) 200 MCG/ML (8,000 UNIT/ML) ORAL DROPS_ENTERAL",3
2801,OFLOXACIN 0.3 % EAR DROPS_BY_EAR,3
2802,ACETYLCYSTEINE_ENTERAL,3
2803,CARBIDOPA_ENTERAL,3
2804,ALPROSTADIL INFUSION 125 MCG [0.05 MCG/KG/MIN] + D10W 25 ML_IV,3
2805,GLYCOPYRROLATE IV 10 MCG/ML NS_IV,3
2806,CARBIDOPA-LEVODOPA 25 MG - 100 MG TABLET_ENTERAL,3
2807,LETERMOVIR_ORAL,3
2808,FLUPHENAZINE 10 MG TABLET_ORAL,3
2809,"VENLAFAXINE 75 MG ORAL CAPSULE, EXTENDED RELEASE_ORAL",3
2810,HYDROCORTISONE SOD SUC (PF) 100 MG/2ML INJECTION (WET VIAL)_IV,3
2811,LEVOTHYROXINE 125 MCG TABLET_ENTERAL,2
2812,OMNIPAQUE 180 INJECTABLE SOLUTION_ENTERAL,2
2813,D5W 1/2NS 780 ML_IV,2
2814,BENZTROPINE 1 MG/ML INJECTION SOLUTION_INTRAMUSCULAR,2
2815,D5W 1/2NS 480 ML_IV,2
2816,"D10W 1/2 NS 1000 ML + POTASSIUM CHLORIDE, IVF 20 MEQ_IV",2
2817,TIAGABINE__ORAL,2
2818,6-MP_ORAL,2
2819,ERYTHROMYCIN 2% TOPICAL SOLUTION_OTHER,2
2820,DUPILUMAB_SUBCUTANEOUS,2
2821,FENTANYL INFUSION 200 MCG [1 MCG/KG/HR] + NS 20 ML_IV,2
2822,PROCAINAMIDE 400 MG [10 MCG/KG/MIN] + NS 50 ML_IV,2
2823,CYANOCOBALAMIN_INTRAMUSCULAR,2
2824,FENTANYL INFUSION 200 MCG [1.25 MCG/KG/HR] + NS 20 ML_IV,2
2825,"MYCOPHENOLATE SODIUM 180 MG TABLET,DELAYED RELEASE_ORAL",2
2826,"NEOMYCIN-POLYMYXIN-HYDROCORT 3.5 MG/ML-10,000 UNIT/ML-1 % EAR SOLUTION_OTHER",2
2827,"D15W 500 ML + SODIUM ACETATE, IVF 15 MEQ + SODIUM CHLORIDE, IVF 15 MEQ + POTASSIUM ACETATE, IVF 2.5_IV",2
2828,CARGLUMIC ACID 200 MG DISPERSIBLE TABLET_ENTERAL,2
2829,INSULIN REGULAR 50 UNIT [1 UNIT/KG/HR] + NS 50 ML_IV,2
2830,FLOVENT_INHALATION,2
2831,LIDOCAINE 2% (LOCAL ANESTHESIA) ORDER IN ML_OTHER,2
2832,BUPIVACAINE LIPOSOME 1.3% (13.3 MG/ML) INJECTABLE SUSPENSION_OTHER,2
2833,MIDAZOLAM INFUSION 30 MG [0.06 MG/KG/HR] + D5W 30 ML_IV,2
2834,UREA ORAL LIQUID 300 MG/ML_ENTERAL,2
2835,"D5W 1/2NS 1,080 ML_IV",2
2836,POTASSIUM ACETATE DOSE (CVL)_IV,2
2837,PIRFENIDONE_ORAL,2
2838,EPINEPHRINE 10 MG [0.32 MCG/KG/MIN] + D5W 50 ML_IV,2
2839,"PENICILLIN G POTASSIUM INJECTION 50,000 UNITS/ML_INTRAMUSCULAR",2
2840,INSULIN REGULAR 50 UNIT [0.018 UNIT/KG/HR] + NS 50 ML_IV,2
2841,"KETAMINE, INFUSION 250 MG [39 MG/HR] + NS 50 ML_IV",2
2842,ALBENDAZOLE 200 MG TABLET_ORAL,2
2843,"D5W 1000 ML + SODIUM ACETATE, IVF 160 MEQ_IV",2
2844,INTRALIPID 20% INTRAVENOUS EMULSION 86.4 ML_IV,2
2845,CYTARABINE_IV,2
2846,LISINOPRIL 1 MG/ML ORAL SOLUTION_ORAL,2
2847,KEPPRA 500 MG TABLET_ORAL,2
2848,NORMAL SALINE 100 ML_IV,2
2849,"NYSTATIN 100,000 UNIT/GRAM TOPICAL OINTMENT_TOPICAL",2
2850,"FENTANYL INFUSION 1,250 MCG [1.25 MCG/KG/HR] + SYRINGE CONTAINS 25 ML_IV",2
2851,MIDAZOLAM INFUSION 100 MG [0.09 MG/KG/HR] + D5W 50 ML_IV,2
2852,AMOXICILLIN-CLAVULANATE_ORAL,2
2853,ARTIFICIAL TEARS (HYPROMELLOSE) 0.3 % EYE GEL_BY_EYE,2
2854,NORFLURANE-PENTAFLUOROPROPANE TOPICAL SPRAY_TOPICAL,2
2855,DIPHENHYDRAMINE 25 MG TABLET_OTHER,2
2856,"BUPIVACAINE-EPINEPHRINE 0.25 %-1:200,000 INJECTION SOLUTION_OTHER",2
2857,INDOMETHACIN_ORAL,2
2858,"KETAMINE, INFUSION 250 MG [16.8 MG/HR] + NS 50 ML_IV",2
2859,"D5W 1/2NS 1,000 ML + SODIUM ACETATE, IVF 20 MEQ_IV",2
2860,"D5W 1,000 ML + SODIUM CHLORIDE, IVF 100 MEQ + SODIUM BICARBONATE, IVF 40 MEQ_IV",2
2861,PROCAINAMIDE 400 MG [1 MG/MIN] + NS 50 ML_IV,2
2862,GADAVIST_OTHER,2
2863,ENTRESTO 4 MG/ML LIQUID (COMPOUND)_ORAL,2
2864,DESONIDE 0.05% TOPICAL OINTMENT_OTHER,2
2865,PROCHLORPERAZINE EDISYLATE 1 MG/ML IN NS (ED ONLY)_IV,2
2866,"LIDOCAINE-EPINEPHRINE 0.5 %-1:200,000 INJECTION SOLUTION_SUBCUTANEOUS",2
2867,POVIDONE IODINE 0.35% IRRIGATION_OTHER,2
2868,"EPINEPHRINE 0.3 MG/0.3 ML INJECTION, AUTO-INJECTOR_OTHER",2
2869,"KETAMINE, INFUSION 250 MG [6.68 MG/HR] + NS 50 ML_IV",2
2870,CHOLECALCIFEROL (VIT D3) 10 MCG/ML(400 UNIT/ML) ORAL SYRINGE(ORAL USE)_ENTERAL,2
2871,"D15W 500 ML + SODIUM CHLORIDE, IVF 40 MEQ + POTASSIUM CHLORIDE, IVF 10 MEQ_IV",2
2872,EPINEPHRINE 10 MG [0.2 MCG/KG/MIN] + NS 50 ML_IV,2
2873,NOREPINEPHRINE 10 MG [0.15 MCG/KG/MIN] + D5W 50 ML_IV,2
2874,PHENOBARBITAL 30 MG ORAL TABLET_ENTERAL,2
2875,APTIOM 800 MG TABLET_ORAL,2
2876,"QUETIAPINE ER 150 MG TABLET,EXTENDED RELEASE 24 HR_ORAL",2
2877,ACETAMINOPHEN 325 MG TABLET_ENTERAL,2
2878,ONFI 20 MG TABLET_ORAL,2
2879,CITRULLENNE_ORAL,2
2880,GLYCOL PHENOL BUTYRATE_ENTERAL,2
2881,MORPHINE IV_INTRAMUSCULAR,2
2882,INTRALIPID 20% INTRAVENOUS EMULSION 144 ML_IV,2
2883,KETAMINE 5 MG/ML IN NS 50 ML (MIXTURE)_IV,2
2884,"KETAMINE, INFUSION 250 MG [8.28 MG/HR] + NS 50 ML_IV",2
2885,INSULIN REGULAR 50 UNIT [0.2 UNIT/KG/HR] + NS 50 ML_IV,2
2886,INSULIN REGULAR 50 UNIT [0.175 UNIT/KG/HR] + NS 50 ML_IV,2
2887,GLYCERIN 99.5 % TOPICAL SOLUTION_RECTAL,2
2888,AMINOCAPROIC ACID 250 MG/ML (25 %) ORAL SOLUTION_ORAL,2
2889,"PROPOFOL 1,000 MG [62.5 MCG/KG/MIN] + BOTTLE CONTAINS. 100 ML_IV",2
2890,MIDAZOLAM 50 MG [0.05 MG/KG/HR] + D5W 50 ML_IV,2
2891,"KETAMINE, INFUSION 250 MG [6 MCG/KG/MIN] + NS 50 ML_IV",2
2892,"KETAMINE, INFUSION 250 MG [13.8 MG/HR] + NS 50 ML_IV",2
2893,"KETAMINE, INFUSION 250 MG [1.4 MG/HR] + NS 50 ML_IV",2
2894,"KETAMINE, INFUSION 250 MG [2.7 MG/HR] + NS 50 ML_IV",2
2895,"KETAMINE, INFUSION 250 MG [6.26 MG/HR] + NS 50 ML_IV",2
2896,LAMOTRIGINE CHEW TAB (BRAND MEDICALLY NECESSARY)_ENTERAL,2
2897,CETIRIZINE 10 MG TABLET_ENTERAL,2
2898,OXYCODONE 5 MG TABLET_ENTERAL,2
2899,"LEVETIRACETAM ER 750 MG TABLET,EXTENDED RELEASE 24 HR_ORAL",2
2900,FENOFIBRATE_ORAL,2
2901,IMIPRAMINE_ORAL,2
2902,SCIG - HIZENTRA_SUBCUTANEOUS,2
2903,VASOPRESSIN 15 UNIT [1 MUNIT/KG/HR] + NS 500 ML_IV,2
2904,"PROPOFOL 1,000 MG [100 MCG/KG/MIN] + BOTTLE CONTAINS. 100 ML_IV",2
2905,LINACLOTIDE 145 MCG CAPSULE_ORAL,2
2906,TERBUTALINE 25 MG [1 MCG/KG/MIN] + SYRINGE CONTAINS 25 ML_IV,2
2907,NOREPINEPHRINE 2 MG [0.2 MCG/KG/MIN] + D5W 50 ML_IV,2
2908,DOLUTEGRAVIR_ORAL,2
2909,ALBUTEROL MDI_INHALATION,2
2910,PANTOPRAZOLE INFUSION 40 MG + NS 50 ML_IV,2
2911,MILRINONE 20 MG [1 MCG/KG/MIN] + D5W 50 ML_IV,2
2912,"D15W 500 ML + SODIUM CHLORIDE, IVF 40 MEQ_IV",2
2913,DEXMEDETOMIDINE 600 MCG [2 MCG/KG/HR] + NS 50 ML_IV,2
2914,"OCTREOTIDE 2,500 MCG [50 MCG/HR] + NS 50 ML_IV",2
2915,"KETAMINE, INFUSION 250 MG [5.9 MG/HR] + NS 50 ML_IV",2
2916,"KETAMINE, INFUSION 250 MG [2.5 MG/HR] + NS 50 ML_IV",2
2917,"HOME PN UNTIL BCH PN CAN BE PROVIDED 1,950 ML_IV",2
2918,LIDOCAINE 2000 MG [30 MCG/KG/MIN] + D5W 500 ML_IV,2
2919,LINEZOLID_ENTERAL,2
2920,"D10W 1,000 ML + POTASSIUM CHLORIDE, IVF 10 MEQ + SODIUM CHLORIDE, IVF 160 MEQ_IV",2
2921,THIORIDAZINE_ORAL,2
2922,"NS 1000 ML + POTASSIUM ACETATE, IVF 25 MEQ + POTASSIUM PHOSPHATE, IVF 15 MEQ_IV",2
2923,RIFAXIMIN 550 MG TABLET_ORAL,2
2924,"D15W 500 ML + SODIUM CHLORIDE, IVF 27.5 MEQ + SODIUM ACETATE, IVF 27.5 MEQ_IV",2
2925,HOME PN UNTIL BCH PN CAN BE PROVIDED 1625 ML_IV,2
2926,"1/2NS 1,000 ML + SODIUM ACETATE 80 MEQ_IV",2
2927,"HOME PN UNTIL BCH PN CAN BE PROVIDED 2,660 ML_IV",2
2928,"PROPRANOLOL 60 MG ORAL CAPSULE, EXTENDED RELEASE_ORAL",2
2929,BISACODYL 10 MG/30 ML ENEMA_RECTAL,2
2930,FINTEPLA_ENTERAL,2
2931,FENTANYL INFUSION 1250 MCG [1.25 MCG/KG/HR] + SYRINGE CONTAINS 25 ML_IV,2
2932,MIDAZOLAM INFUSION 50 MG [0.12 MG/KG/HR] + D5W 50 ML_IV,2
2933,BETHANECHOL_ORAL,2
2934,D5W NS 380 ML_IV,2
2935,"HEPARIN 25000 UNIT [1,000 UNIT/HR] + D5W 250 ML_IV",2
2936,NORMAL SALINE BOLUS_OTHER,2
2937,MIRALAX_OTHER,2
2938,PANTOPRAZOLE INFUSION 40 MG [0.16 MG/KG/HR] + NS 50 ML_IV,2
2939,LIQUIGEN_ORAL,2
2940,SEVELAMER CARBONATE 0.8 GRAM ORAL POWDER PACKET_ENTERAL,2
2941,"D5W 1/2NS 1000 ML + SODIUM ACETATE, IVF 80 MEQ + POTASSIUM PHOSPHATE 15 MMOL_IV",2
2942,DOPAMINE INFUSION 200 MG [5 MCG/KG/MIN] + D5W 250 ML_IV,2
2943,ARIPIPRAZOLE 10 MG TABLET_ENTERAL,2
2944,EPINEPHRINE 2 MG [0.08 MCG/KG/MIN] + D5W 50 ML_IV,2
2945,CEFADROXIL_ORAL,2
2946,MELATONIN 2.5 MG CHEWABLE TABLET_ORAL,2
2947,MIDAZOLAM INFUSION 50 MG [0.14 MG/KG/HR] + D5W 50 ML_IV,2
2948,ESMOLOL_IV,2
2949,"ESMOLOL INFUSION 2,500 MG [100 MCG/KG/MIN] + NS 250 ML_IV",2
2950,LIDOCAINE 1% (BUFFERED) INJECTABLE SOLUTION_IV,2
2951,"D10W 1,000 ML + SODIUM CHLORIDE 95 MEQ + POTASSIUM CHLORIDE, IVF 35 MEQ_IV",2
2952,KEPPRA 500 MG TABLET_ENTERAL,2
2953,"LEVETIRACETAM ER 500 MG TABLET,EXTENDED RELEASE 24 HR_ORAL",2
2954,"D15W 500 ML + SODIUM CHLORIDE, IVF 25 MEQ + POTASSIUM CHLORIDE, IVF 7.5 MEQ_IV",2
2955,"HEPARIN 5,000 UNIT [1160 UNIT/HR] + D5W 50 ML_IV",2
2956,OCTREOTIDE 1250 MCG [25 MCG/HR] + NS 50 ML_IV,2
2957,FENTANYL INFUSION 1250 MCG [0.05 MCG/KG/HR] + SYRINGE CONTAINS 25 ML_IV,2
2958,EPINEPHRINE 2 MG [0.3 MCG/KG/MIN] + D5W 50 ML_IV,2
2959,METHYLPREDNISOLONE 1 MG/ML NS_IV,2
2960,PSYLLIUM HUSK 6 GRAM ORAL POWDER PACKET_ORAL,2
2961,POTASSIUM PHOSPHATE DOSE (CVL)_IV,2
2962,"HOME PN UNTIL BCH PN CAN BE PROVIDED 2,400 ML_IV",2
2963,CRYSELLE 0.3MG/0.03MG_ORAL,2
2964,HYOSCYAMINE 0.125 MG/5 ML ORAL ELIXIR_ENTERAL,2
2965,"D5W 1/2NS 1,000 ML + POTASSIUM ACETATE, IVF 20 MEQ_IV",2
2966,CLOBAZAM ORAL FILM_ORAL,2
2967,VILOXAZINE (QELBREE) EXTENDED RELEASE_ORAL,2
2968,"KETAMINE, INFUSION 250 MG [6.73 MG/HR] + NS 50 ML_IV",2
2969,"KETAMINE, INFUSION 250 MG [7.884 MG/HR] + NS 50 ML_IV",2
2970,OXYBUTYNIN PATCH [1 PATCH = 3.9 MG/24 HR]_OTHER,2
2971,JUNEL FE 1.5/30_ENTERAL,2
2972,BARICITINIB_ENTERAL,2
2973,NOREPINEPHRINE INFUSION 6.4 MG [0.03 MCG/KG/MIN] + NS 50 ML_IV,2
2974,AMILORIDE_ENTERAL,2
2975,IRBESARTAN_ORAL,2
2976,"CALCIUM GLUCONATE 2,000 MG [30 MG/KG/HR] + NS 100 ML_IV",2
2977,NORLYDA_ORAL,2
2978,"HEPARIN 25,000 UNIT [15 UNIT/KG/HR] + D5W 250 ML_IV",2
2979,FLUOXETINE 10 MG TABLET_ORAL,2
2980,EPINEPHRINE 2 MG [0.04 MCG/KG/MIN] + D5W 50 ML_IV,2
2981,CARBAMIDE PEROXIDE 6.5 % EAR DROPS_OTHER,2
2982,GABAPENTIN (SF) 10 MG/ML ENTERAL LIQUID CMPD_ORAL,2
2983,ERYTHROMYCIN (KETOGENIC) 25 MG/ML ENTERAL LIQUID CMPD_ORAL,2
2984,LIDOCAINE (BUFFERED) 1% (LOCAL ANESTHESIA) ORDER IN ML_INTRAMUSCULAR,2
2985,INTRALIPID 20% INTRAVENOUS EMULSION 304.8 ML_IV,2
2986,FILGRASTIM_SUBCUTANEOUS,2
2987,PROPOFOL 500 MG [150 MCG/KG/MIN] + BOTTLE CONTAINS. 50 ML_IV,2
2988,HYDROXYPROPYL METHYLCELLULOSE OPHTHALMIC 0.5% SOLUTION_BY_EYE,2
2989,ROPIVACAINE 0.2% FOR ELASTOMERIC PUMP 745 ML_OTHER,2
2990,ALBUTEROL 30 MG IN 36 ML (0.083% UNDILUTED)_INHALATION,2
2991,HEPARIN 25000 UNIT [900 UNIT/HR] + D5W 250 ML_IV,2
2992,"PARENTERAL NUTRITION 1,100 ML_IV",2
2993,ALBUTEROL 24 MG IN NS 24 ML_INHALATION,2
2994,MILRINONE 40 MG [0.5 MCG/KG/MIN] + D5W 200 ML_IV,2
2995,FIBRINOGEN_IV,2
2996,MIDAZOLAM INFUSION 50 MG [0.032 MG/KG/HR] + NS 50 ML_IV,2
2997,MONTELUKAST 4 MG CHEWABLE TABLET_ENTERAL,2
2998,BENEFIX 500 IU RANGE_IV,2
2999,TESTOSTERONE CYPIONATE_INTRAMUSCULAR,2
3000,PROPOFOL 1000 MG [225 MCG/KG/MIN] + BOTTLE CONTAINS. 100 ML_IV,2
3001,"KETAMINE, INFUSION 250 MG [4.98 MG/HR] + NS 50 ML_IV",2
3002,"KETAMINE, INFUSION 250 MG [5.29 MG/HR] + NS 50 ML_IV",2
3003,"KETAMINE, INFUSION 250 MG [10.58 MG/HR] + NS 50 ML_IV",2
3004,"KETAMINE, INFUSION 250 MG [7.93 MG/HR] + NS 50 ML_IV",2
3005,TESTOSTERONE ENANTHATE_INTRAMUSCULAR,2
3006,"D10W 265 ML + AMMONUL 2,650 MG_IV",2
3007,"D5W 1,000 ML + SODIUM ACETATE, IVF 77 MEQ + SODIUM CHLORIDE, IVF 77 MEQ_IV",2
3008,DEPILATORY LOTION (NAIR)_OTHER,2
3009,SMOFLIPID 20% INTRAVENOUS EMULSION 230.4 ML_IV,2
3010,MORPHINE INFUSION 50 MG [0.1 MG/KG/HR] + NS 50 ML_IV,2
3011,"PROPOFOL 1,000 MG [125 MCG/KG/MIN] + BOTTLE CONTAINS. 100 ML_IV",2
3012,MIDAZOLAM INFUSION 50 MG [0.06 MG/KG/HR] + NS 50 ML_IV,2
3013,ITRACONAZOLE_ORAL,2
3014,RIBOFLAVIN (VITAMIN B2) 50 MG TABLET_ORAL,2
3015,"BACITRACIN-POLYMYXIN B 500 UNIT-10,000 UNIT/GRAM EYE OINTMENT_BY_EYE",2
3016,TREPROSTINIL 3 MG [45 NG/KG/MIN] + SYRINGE CONTAINS 3 ML_SUBCUTANEOUS,2
3017,TREPROSTINIL 3 MG [62 NG/KG/MIN] + SYRINGE CONTAINS 3 ML_SUBCUTANEOUS,2
3018,MIDAZOLAM INFUSION 50 MG [0.22 MG/KG/HR] + NS 50 ML_IV,2
3019,CALCIUM EDETATE DE SODIUM + SODIUM CHLORIDE 0.9% 250 ML_IV,2
3020,PROPOFOL 1000 MG [35 MCG/KG/MIN] + BOTTLE CONTAINS 100 ML_IV,2
3021,D5W LR 500 ML_IV,2
3022,KETAMINE_ORAL,2
3023,HYDROCORTISONE 10 MG TABLET_ENTERAL,2
3024,SOTALOL_IV,2
3025,CARIPRAZINE 4.5 MG_ORAL,2
3026,MORPHINE INFUSION 50 MG [0.12 MG/KG/HR] + NS 50 ML_IV,2
3027,PHENAZOPYRIDINE 10 MG/ML ENTERAL LIQUID CMPD_ORAL,2
3028,"D10W 233 ML + AMMONUL 2,325 MG + ARGININE 1,860 MG_IV",2
3029,"D10W 215 ML + AMMONUL 2,146 MG + ARGININE 1,717 MG_IV",2
3030,INTRALIPID 20% INTRAVENOUS EMULSION 43.2 ML_IV,2
3031,ALPROSTADIL INFUSION 125 MCG [0.02 MCG/KG/MIN] + D10W 25 ML_IV,2
3032,"TREPROSTINIL 500,000 NG [18.3 NG/KG/MIN] + NS 50 ML_IV",2
3033,"TREPROSTINIL 1,000,000 NG [18.3 NG/KG/MIN] + NS 100 ML_IV",2
3034,"LOW-OGESTREL® (NORGESTREL AND ETHINYL ESTRADIOL TABLETS USP, 0.3 MG/0.03 MG)_ORAL",2
3035,EPINEPHRINE INFUSION 2 MG [0.04 MCG/KG/MIN] + D5W 50 ML_IV,2
3036,GENTEAL OPHTHALMIC GEL_BY_EYE,2
3037,NON-FORMULARY 16 G_IV,2
3038,HOME PN UNTIL BCH PN CAN BE PROVIDED 700 ML_IV,2
3039,SODIUM BICARBONATE SLOW BOLUS (NEONATE)_IV,2
3040,TETANUS-DIPHTHERIA TOXOIDS (TD) (TD (ADOL/ADULT)) VACCINE 0.5 ML_OTHER,2
3041,PEDIA LAX_ORAL,2
3042,LEVOCETIRIZINE_ORAL,2
3043,OCTREOTIDE 1250 MCG [0.25 MCG/KG/HR] + NS 50 ML_IV,2
3044,IBUPROFEN 20 MG/ML ENTERAL LIQUID DYE FREE_ORAL,2
3045,"KETAMINE, INFUSION 250 MG [7.08 MG/HR] + NS 50 ML_IV",2
3046,1:1 MIXTURE OF CBD & TCH_ENTERAL,2
3047,LITHIUM 300 MG ORAL CAPSULE_ORAL,2
3048,"NS BOLUS 260 ML + SODIUM BICARBONATE, IVF 7 MEQ_IV",2
3049,ADAPALENE_OTHER,2
3050,"CALCIUM GLUCONATE 4,000 MG [6.5 MG/KG/HR] + NS 1,000 ML_IV",2
3051,IVABRADINE_ENTERAL,2
3052,DESOGESTREL-ETHINYL ESTRADIOL 0.15 MG-0.03 MG ORAL TABLET_ORAL,2
3053,DEXTROSE 5% WITH 0.45% NACL 1000 ML_IV,2
3054,NOREPINEPHRINE INFUSION 16 MG [0.27 MCG/KG/MIN] + NS 250 ML_IV,2
3055,EPINEPHRINE 10 MG [0.7 MCG/KG/MIN] + D5W 50 ML_IV,2
3056,UNASYN_INTRAMUSCULAR,2
3057,LEVETIRACETAM 250 MG TABLET_ORAL,2
3058,SODIUM BENZOATE 150 MG/ML_ORAL,2
3059,ARTESUNATE_IV,2
3060,ADULT MELATONIN GUMMIES_ORAL,2
3061,EPINEPHRINE 10 MG [0.01 MCG/KG/MIN] + D5W 50 ML_IV,2
3062,INTRALIPID 20% INTRAVENOUS EMULSION 42 ML_IV,2
3063,EPINEPHRINE 10 MG [0.15 MCG/KG/MIN] + D5W 50 ML_IV,2
3064,TACROLIMUS (BRAND NAME MEDICALLY NECESSARY)_ENTERAL,2
3065,SOTALOL 5 MG/ML LIQUID_ORAL,2
3066,PARENTERAL NUTRITION 648 ML_IV,2
3067,OMEGAVEN 10% INTRAVENOUS EMULSION 80.4 ML_IV,2
3068,EPINEPHRINE 10 MG [0.075 MCG/KG/MIN] + D5W 50 ML_IV,2
3069,DIANEAL PD-2 WITH 1.5% DEXTROSE DEXTROSE 1.5% WITH ELECTROLYTES (DIANEAL PD-2)_OTHER,2
3070,"HOME PN UNTIL BCH PN CAN BE PROVIDED 1,600 ML_IV",2
3071,EPINEPHRINE 0.5 MG [0.1 MCG/KG/MIN] + D5W 50 ML_IV,2
3072,METOPROLOL 10 MG/ML ENTERAL LIQUID CMPD_ORAL,2
3073,AMBRISENTAN_ORAL,2
3074,GLYCERIN (CHILD) RECTAL SUPPOSITORY_OTHER,2
3075,FLECAINIDE 20 MG/ML PO SUSP CMPD_ORAL,2
3076,CLONAZEPAM 0.125 MG DISINTEGRATING TABLET_ENTERAL,2
3077,LAMOTRIGINE 100 MG TABLET_ENTERAL,2
3078,CYTARABINE (PF) 100 MG/5 ML (20 MG/ML) INJECTION SOLUTION_IV,2
3079,CLOPIDOGREL 5 MG/ML ENTERAL LIQUID CMPD_ORAL,2
3080,MESNA + D5W NS 430 ML_IV,2
3081,DIURIL 50 MG/ML SUSPENSION_ORAL,2
3082,VALACYCLOVIR (POWDER) 50 MG/ML ENTERAL LIQUID CMPD_ENTERAL,2
3083,TRANEXAMIC ACID 650 MG TABLET_ORAL,2
3084,INSULIN REGULAR 50 UNIT [0.03 UNIT/KG/HR] + NS 50 ML_IV,2
3085,SYMBICORT_INHALATION,2
3086,"FENTANYL INFUSION 1,250 MCG [200 MCG/HR] + SYRINGE CONTAINS 25 ML_IV",2
3087,"LIDOCAINE 2,000 MG [1 MG/MIN] + D5W 500 ML_IV",2
3088,SLEEP MELATONIN GUMMY_ORAL,2
3089,GOODBYE STRESS_ORAL,2
3090,MOXIFLOXACIN 0.5 % EYE DROPS_BY_EYE,2
3091,PROCAINAMIDE 8 MG/ML INFUSION IN NS 50 ML (MIXTURE)_IV,2
3092,BUPIVACAINE 0.25% INJECTABLE SOLUTION_INTRADERMAL,2
3093,TRIAMCINOLONE ACETONIDE 0.1 % TOPICAL CREAM_TOPICAL,2
3094,HEPARIN 25000 UNIT [950 UNIT/HR] + D5W 250 ML_IV,2
3095,LEVOTHYROXINE 112 MCG TABLET_ORAL,2
3096,EPINEPHRINE 10 MCG/ML IN D5W 50 ML (BCH PREMIX)_OTHER,2
3097,INSULIN U-100 REGULAR HUMAN 100 UNIT/ML INJECTION SOLUTION_IV,2
3098,CALCIUM GLUCONATE 100 MG/ML (10 %) INTRAVENOUS SOLUTION_IV,2
3099,TRAVOPROST OPHTHALMIC_BY_EYE,2
3100,EPINEPHRINE HCL 100 MCG/10 ML (10 MCG/ML) INTRAVENOUS SYRINGE (WRAPPED)_IV,2
3101,ESTROGEN ORAL DISSOLVING TABLET_ORAL,2
3102,DEXAMETHASONE SODIUM PHOSPHATE 0.1 % EYE DROPS_NASAL,2
3103,NOREPINEPHRINE 2 MG [0.02 MCG/KG/MIN] + D5W 50 ML_IV,2
3104,DEXMEDETOMIDINE 600 MCG [1 MCG/KG/HR] + NS 50 ML_IV,2
3105,LEVONORGESTREL-ETHIN 0.15-0.03_ORAL,2
3106,VERAPAMIL 2.5 MG/ML INTRAVENOUS SOLUTION_OTHER,2
3107,KETOCONAZOLE 2 % TOPICAL CREAM_TOPICAL,2
3108,FELBAMATE 600 MG/5 ML ORAL SUSPENSION_ORAL,2
3109,"NEOMYCIN 3.5 MG/G-POLYMYXIN B 10,000 UNIT/G-DEXAMETH 0.1 % EYE OINT_BY_EYE",2
3110,"SLEEP (MELATONIN, L-THEANINE & BOTANICALS)_ORAL",2
3111,NEORAL 100 MG/ML ORAL SOLUTION_ORAL,2
3112,EPINEPHRINE 0.5 MG [0.15 MCG/KG/MIN] + D5W 50 ML_IV,2
3113,PANTOPRAZOLE INFUSION 40 MG [8 MG/HR] + NS 50 ML_IV,2
3114,NALOXONE INFUSION 5 MG [0.1 MG/KG/HR] + NS 50 ML_IV,2
3115,"KETAMINE, INFUSION 250 MG [8 MCG/KG/MIN] + NS 50 ML_IV",2
3116,LETERMOVIR 240 MG TABLET_ORAL,2
3117,ERTAPENEM IV 20 MG/ML NS_IV,2
3118,ALPROSTADIL INFUSION 125 MCG [0.03 MCG/KG/MIN] + D10W 25 ML_IV,2
3119,METOPROLOL 10 MG/ML ENTERAL LIQUID CMPD_ENTERAL,2
3120,MAGIC MOUTHWASH_OTHER,2
3121,BAMLANIVIMAB/ETESEVIMAB_IV,2
3122,METRONIDAZOLE INJECTION 5 MG/ML IN NS (SIMPLE)_IV,2
3123,DARBEPOETIN ALFA_IV,2
3124,BUMETANIDE 0.5 MG/ML ENTERAL LIQUID CMPD_ORAL,2
3125,LEVOTHYROXINE 25 MCG TABLET_ENTERAL,2
3126,ESOMEPRAZOLE MAGNESIUM DR 10 MG GRANULES DELAYED RELEASE FOR SUSP_ORAL,2
3127,MOMETASONE 750MCG/5ML_ORAL,2
3128,DIPHTHERIA-TETANUS-PERTUSSIS (DTAP) VACCINE (STATE SUPPLY)_OTHER,2
3129,OCTREOTIDE 500 MCG [0.25 MCG/KG/HR] + NS 50 ML_IV,2
3130,EPINEPHRINE 0.5 MG [0.2 MCG/KG/MIN] + D5W 50 ML_IV,2
3131,"ZENPEP 10,000 UNITS-32,000 UNITS-42,000 UNITS ORAL DELAYED RELEASE CAPSULE_ENTERAL",2
3132,"LIPASE-PROTEASE-AMYLASE 5,000-17,000-24,000 UNIT CAPSULE, DELAYED REL_ORAL",2
3133,GLUCAGON HCL 1 MG/ML SOLUTION FOR INJECTION_IV,2
3134,NOREPINEPHRINE INFUSION 16 MG [0.06 MCG/KG/MIN] + NS 250 ML_IV,2
3135,SETMELANOTIDE_SUBCUTANEOUS,2
3136,ALBUTEROL SULFATE 1.25 MG/3 ML SOLUTION FOR NEBULIZATION_INHALATION,2
3137,SODIUM BICARBONATE 1 MEQ/ML INJECTION_IV,2
3138,FLUORIDE 1 MG (2.2 MG SODIUM FLUORIDE) CHEWABLE TABLET_ORAL,2
3139,EPINEPHRINE 0.5 MG [0.3 MCG/KG/MIN] + D5W 50 ML_IV,2
3140,EPINEPHRINE 0.5 MG [0.02 MCG/KG/MIN] + D5W 50 ML_IV,2
3141,PHYTONADIONE IV 0.5 MG/ML IN NS_IV,2
3142,"HEPARIN + DEXTROSE 1.5% WITH ELECTROLYTES (DIANEAL PD-2) INTRAPERITONEAL SOLUTION 3,000 ML_OTHER",2
3143,FLURBIPROFEN 0.03% OPHTHALMIC SOLUTION_BY_EYE,2
3144,DOPAMINE INFUSION 400 MG [20 MCG/KG/MIN] + D5W 250 ML_IV,2
3145,HEPARIN 25000 UNIT [20 UNIT/KG/HR] + D5W 250 ML_IV,2
3146,CETAPHIL_OTHER,2
3147,POTASSIUM PHOS 0.05 MMOL/ML NS_IV,2
3148,"PROPOFOL 1,000 MG [60 MCG/KG/MIN] + BOTTLE CONTAINS. 100 ML_IV",2
3149,GRISEOFULVIN MICROSIZE (LIQUID)_ORAL,2
3150,PROPOFOL 1000 MG [150 MCG/KG/MIN] + BOTTLE CONTAINS 100 ML_IV,2
3151,DEXMEDETOMIDINE 400 MCG [0.3 MCG/KG/HR] + NS 100 ML_IV,2
3152,LIDOCAINE 200 MG [1 MG/MIN] + D5W 50 ML_IV,2
3153,ETHOSUXIMIDE 250 MG CAPSULE_ORAL,2
3154,EPINEPHRINE 2 MG [0.05 MCG/KG/MIN] + NS 50 ML_IV,2
3155,PROPOFOL 200 MG [200 MCG/KG/MIN] + SYRINGE CONTAINS 20 ML_IV,2
3156,COE CHANGE ORAL CHEMO ORDER_OTHER,2
3157,DEXTROSE 25 % IN WATER (D25W) INTRAVENOUS SYRINGE_IV,2
3158,PREVIFEM_ORAL,2
3159,"HEPARIN 5,000 UNIT [28 UNIT/KG/HR] + D5W 50 ML_IV",2
3160,OXCARBAZEPINE 300 MG/5 ML (60 MG/ML) ORAL SUSPENSION_ENTERAL,2
3161,FENTANYL INFUSION 300 MCG [1.1 MCG/KG/HR] + D5W 30 ML_IV,2
3162,ALBUTEROL_ORAL,2
3163,DASATINIB_ORAL,2
3164,NS 250 ML_IV,2
3165,NORMAL SALINE 500 ML_OTHER,2
3166,MEROPENEM IV 20 MG/ML NS_IV,2
3167,NUTROPIN AQ_SUBCUTANEOUS,2
3168,CEFOTAXIME_INTRAMUSCULAR,2
3169,LAMOTRIGINE 5 MG CHEWABLE DISPERSIBLE TABLET_ORAL,2
3170,SODIUM BENZOATE 100 MG/ML SOLUTION_ORAL,2
3171,MIDAZOLAM INFUSION 50 MG [0.5 MG/KG/HR] + D5W 50 ML_IV,2
3172,LURASIDONE 120 MG TABLET_ORAL,2
3173,DIACOMIT (STIRIPENTOL) 250 MG CAPSULE_ORAL,2
3174,FINTEMPLA (FENFLURAMINE) 2.2 MG / ML ORAL SOLUTION_ORAL,2
3175,ETHINYL ESTRADIOL-NORGESTREL 30 MCG-0.3 MG ORAL TABLET_ORAL,2
3176,PREDNISOLONE SODIUM PHOSPHATE 15 MG/5 ML (3 MG/ML) ORAL SOLUTION_ORAL,2
3177,"FENTANYL INFUSION 1,250 MCG [100 MCG/HR] + SYRINGE CONTAINS 25 ML_IV",2
3178,INTRALIPID 20% INTRAVENOUS EMULSION 68.4 ML_IV,2
3179,CITRIC ACID-SODIUM CITRATE_ORAL,2
3180,D10W 1000 ML + SODIUM ACETATE 80 MEQ_IV,2
3181,"D10W 183 ML + AMMONUL 1,833 MG_IV",2
3182,"HEPARIN 25,000 UNIT [750 UNIT/HR] + D5W 250 ML_IV",2
3183,BUPIVACAINE (PF) 0.25 % (2.5 MG/ML) INJECTION SOLUTION_SUBCUTANEOUS,2
3184,WITCH HAZEL 50% TOPICAL PAD_OTHER,2
3185,"BACITRACIN-POLYMYXIN B 500 UNITS-10,000 UNITS/G OPHTHALMIC OINTMENT_BY_EYE",2
3186,"POLIOVIRUS VACCINE, INACTIVATED_INTRAMUSCULAR",2
3187,DIVALPROEX DELAYED/ENTERIC (DEPAKOTE DR)_ENTERAL,2
3188,PROPOFOL 500 MG [100 MCG/KG/MIN] + SYRINGE CONTAINS 50 ML_IV,2
3189,MIDAZOLAM 50 MG [0.1 MG/KG/HR] + NS 50 ML_IV,2
3190,ROTATEQ_ORAL,2
3191,PENTACEL_INTRAMUSCULAR,2
3192,"D10W 1000 ML + SODIUM CHLORIDE, IVF 40 MEQ + POTASSIUM CHLORIDE, IVF 10 MEQ_IV",2
3193,"D5W 1,000 ML + SODIUM BICARBONATE, IVF 160 MEQ_IV",2
3194,ALBUTEROL 28 MG IN 120 ML NS_INHALATION,2
3195,"D10W 500 ML + SODIUM CHLORIDE, IVF 80 MEQ_IV",2
3196,LARISSIA (LEVONORGESTREL 0.1 MG AND ETHINYL ESTRADIOL 0.02 MG)_ORAL,2
3197,LARISIA_ORAL,2
3198,"RIBOFLAVIN 200 MG-MAGNESIUM CITRATE,OXIDE 180 MG-FEVERFEW 50 MG TABLET_ORAL",2
3199,NON FORMULARY_ORAL,2
3200,POLYETHYLENE GLYCOL 3350 17 GRAM/DOSE ORAL POWDER_ENTERAL,2
3201,CHLORHEXIDINE GLUCONATE 0.12 % MOUTHWASH_ORAL,2
3202,"D5W 1/2NS 1,000 ML + POTASSIUM CHLORIDE, IVF 10 MEQ_IV",2
3203,PYRIDOSTIGMINE_IV,2
3204,GEMFIBROZIL_ENTERAL,2
3205,"POTASSIUM, SODIUM PHOSPHATES 280 MG-160 MG-250 MG ORAL POWDER PACKET_ENTERAL",2
3206,"SODIUM CHLORIDE, IVF_IV",2
3207,"POTASSIUM CHLORIDE ER 20 MEQ TABLET,EXTENDED RELEASE(PART/CRYST)_ORAL",2
3208,VARICELLA-ZOSTER IMMUNE GLOBULIN VACCINE (BILLABLE)_OTHER,2
3209,DOPAMINE INFUSION 400 MG [5 MCG/KG/MIN] + D5W 250 ML_IV,2
3210,DESMOPRESSIN_SUBCUTANEOUS,2
3211,EPINEPHRINE 10 MG [0.12 MCG/KG/MIN] + D5W 50 ML_IV,2
3212,INSULIN REGULAR 50 UNIT [0.12 UNIT/KG/HR] + NS 50 ML_IV,2
3213,DESMOPRESSIN INJECTABLE (DDAVP) + NS 50 ML_IV,2
3214,LUMASON IV_IV,2
3215,"D10W 224 ML + AMMONUL 2,244 MG_IV",2
3216,MILRINONE 5 MG [0.43 MCG/KG/MIN] + D10W 50 ML_IV,2
3217,MIDAZOLAM INFUSION 50 MG [0.15 MG/KG/HR] + D5W 50 ML_IV,2
3218,"D20W 500 ML + SODIUM CHLORIDE, IVF 40 MEQ + POTASSIUM CHLORIDE, IVF 10 MEQ_IV",2
3219,"D12.5W 1,000 ML + SODIUM CHLORIDE, IVF 75 MEQ + POTASSIUM CHLORIDE, IVF 30 MEQ_IV",2
3220,EPINEPHRINE INFUSION 2 MG + NS 50 ML_IV,2
3221,HYDROXYZINE HCL 10 MG/5 ML ORAL SOLUTION (WRAPPED)_ENTERAL,2
3222,CHOLECALCIFEROL_ORAL,2
3223,"1/2NS 1,000 ML_IV",2
3224,IMATINIB_ORAL,2
3225,RAVICTI_ENTERAL,2
3226,"D5W 1/4NS 1,000 ML + SODIUM ACETATE, IVF 40 MEQ_IV",2
3227,AQUADEKS ORAL LIQUID_ENTERAL,2
3228,NOREPINEPHRINE INFUSION 16 MG [0.1 MCG/KG/MIN] + NS 250 ML_IV,2
3229,"KETAMINE, INFUSION 250 MG [9.39 MG/HR] + NS 50 ML_IV",2
3230,"D10W 1/2 NS 1,000 ML + POTASSIUM ACETATE, IVF 35 MEQ_IV",2
3231,CYSTEINE 50 MG/ML  (IV CATHETER CLEARANCE)_OTHER,2
3232,"D10W 282 ML + AMMONUL 2,816 MG + ARGININE 2,253 MG_IV",2
3233,JUNYL FE_ORAL,2
3234,INSULIN REGULAR 500 UNIT [1 UNIT/KG/HR] + NS 50 ML_IV,2
3235,HEPARIN 25000 UNIT [26.8 UNIT/KG/HR] + D5W 250 ML_IV,2
3236,D10W_IV,2
3237,"D10W 245 ML + AMMONUL 2,446 MG_IV",2
3238,"HEPARIN 25,000 UNIT [18 UNIT/KG/HR] + D5W 250 ML_IV",2
3239,"HEPARIN 5,000 UNIT [15 UNIT/KG/HR] + D5W 50 ML_IV",2
3240,FAT EMULSION 20 % (SMOFLIPID) INTRAVENOUS_IV,2
3241,VECURONIUM INFUSION 50 MG [0.1 MG/KG/HR] + D5W 50 ML_IV,2
3242,DICLOFENAC_ORAL,2
3243,"PROPOFOL 1,000 MG [65 MCG/KG/MIN] + BOTTLE CONTAINS. 100 ML_IV",2
3244,"TACROLIMUS XR 1 MG TABLET,EXTENDED RELEASE 24 HR_ORAL",2
3245,"D10W 1000 ML + SODIUM CHLORIDE, IVF 115 MEQ + POTASSIUM CHLORIDE, IVF 20 MEQ_IV",2
3246,INSULIN REGULAR 50 UNIT [0.08 UNIT/KG/HR] + NS 50 ML_IV,2
3247,ALBUTEROL 24 MG IN 120 ML NS_INHALATION,2
3248,MIDAZOLAM INFUSION 50 MG [0.06 MG/KG/HR] + D5W 50 ML_IV,2
3249,"TRANEXAMIC ACID 3,000 MG [5 MG/KG/HR] + SYRINGE CONTAINS 30 ML_IV",2
3250,"DEKAS PLUS ORAL TABLET, CHEWABLE_ENTERAL",2
3251,"KETAMINE, INFUSION 250 MG [20 MCG/KG/MIN] + NS 50 ML_IV",2
3252,CIPRODEX_NASAL,2
3253,"HEPARIN 5,000 UNIT [1300 UNIT/HR] + D5W 50 ML_IV",2
3254,"D10W 410 ML + AMMONUL 4,100 MG + ARGININE 3,280 MG_IV",2
3255,"D10W 428 ML + AMMONUL 4,275 MG + ARGININE 3,420 MG_IV",2
3256,"D10W 463 ML + AMMONUL 4,625 MG + ARGININE 3,700 MG_IV",2
3257,LACTULOSE 10 GRAM/15 ML ORAL SOLUTION (WRAPPED)_ENTERAL,2
3258,OXYMETAZOLINE 0.05% NASAL SOLUTION_BY_EAR,2
3259,MIDAZOLAM INFUSION 50 MG [0.01 MG/KG/HR] + D5W 50 ML_IV,2
3260,NORMAL SALINE 54 ML_IV,2
3261,PROPOFOL 2500 MG [100 MCG/KG/MIN] + BOTTLE CONTAINS. 250 ML_IV,2
3262,LEVONO-E-ESTRAD 0.15-0.03-0.01_ORAL,2
3263,"EDETATE CALCIUM DISODIUM 1,000 MG [1.04 MG/KG/HR] + NS 250 ML_IV",2
3264,DESVENLAFAXINE ER 25 MG TABLET_ORAL,2
3265,PREGABALIN 20 MG/ML ORAL SOLUTION_ENTERAL,2
3266,MAG CITRATE/MALEATE_ORAL,2
3267,"KETAMINE, INFUSION 250 MG [2.32 MG/HR] + NS 50 ML_IV",2
3268,"KETAMINE, INFUSION 250 MG [9.3 MG/HR] + NS 50 ML_IV",2
3269,"KETAMINE, INFUSION 250 MG [6.15 MG/HR] + NS 50 ML_IV",2
3270,PROCAINAMIDE 200 MG [40 MCG/KG/MIN] + NS 50 ML_IV,2
3271,"KETAMINE, INFUSION 250 MG [13.584 MG/HR] + NS 50 ML_IV",2
3272,SODIUM BENZOATE 100 MG/ML ENTERAL LIQUID_ENTERAL,2
3273,CITRULLINE 100 MG/ML ENTERAL LIQUID CMPD_ENTERAL,2
3274,INSULIN REGULAR 5 UNIT [0.01 UNIT/KG/HR] + NS 50 ML_IV,2
3275,TOLVAPTAN_ORAL,2
3276,PRUCALOPRIDE 0.75 MG/ML ENTERAL LIQUID CMPD_ENTERAL,2
3277,MARIBAVIR 200 MG TABLET_ORAL,2
3278,"D10W 1,275 ML + AMMONUL 8,305 MG_IV",2
3279,ESMOLOL INFUSION 2500 MG [15 MCG/KG/MIN] + NS 250 ML_IV,2
3280,RALTEGRAVIR 100 MG CHEWABLE TABLET_ORAL,2
3281,LORAZEPAM 1 MG/ML IN NS (ED ONLY)_IV,2
3282,PROPOFOL 500 MG [37.5 MCG/KG/MIN] + SYRINGE CONTAINS. 50 ML_IV,2
3283,CORTENEMA_RECTAL,2
3284,METOPROLOL TARTRATE_IV,2
3285,INTRALIPID 20% INTRAVENOUS EMULSION 78 ML_IV,2
3286,INTRALIPID 20% INTRAVENOUS EMULSION 120 ML_IV,2
3287,PHENOBARBITAL 100 MG ORAL TABLET_ENTERAL,2
3288,LIDOCAINE 4% TOPICAL CREAM_TOPICAL,2
3289,"HEPARIN 5,000 UNIT [16 UNIT/KG/HR] + D5W 50 ML_IV",2
3290,FIDAXOMICIN_ENTERAL,2
3291,D20W 500 ML_OTHER,2
3292,NICARDIPINE INFUSION 10 MG [0.5 MCG/KG/MIN] + NS 50 ML_IV,2
3293,NOREPINEPHRINE 10 MG [0.44 MCG/KG/MIN] + D5W 50 ML_IV,2
3294,PROPOFOL 500 MG [53 MCG/KG/MIN] + SYRINGE CONTAINS. 50 ML_IV,2
3295,DARBEPOETIN ALFA_SUBCUTANEOUS,2
3296,IBUPROFEN 200 MG TABLET_ENTERAL,2
3297,KAYEXALATE POWDER_ORAL,2
3298,CHERRY FLAVOR (BULK) ORAL LIQUID_OTHER,2
3299,ALPROSTADIL INFUSION 125 MCG [0.01 MCG/KG/MIN] + D10W 25 ML_IV,2
3300,ACTIVATED CHARCOAL 25 GRAM/120 ML ORAL SUSPENSION_ORAL,2
3301,LEVETIRACETAM 250 MG TABLET_ENTERAL,2
3302,DESOGESTREL-ETHINYL ESTRADIOL 0.15/0.03MG_ORAL,2
3303,ENOXAPARIN INJ 20 MG/ML NS_SUBCUTANEOUS,2
3304,PENICILLIN G BENZATHINE 1.2 MILLION UNIT INTRAMUSCULAR SUSPENSION_INTRAMUSCULAR,2
3305,TUBERCULIN INJECTION (PPD)_OTHER,2
3306,PROPOFOL 500 MG [250 MCG/KG/MIN] + SYRINGE CONTAINS. 50 ML_IV,2
3307,"HEPARIN 25000 UNIT [1,175 UNIT/HR] + D5W 250 ML_IV",2
3308,INTRALIPID 20% INTRAVENOUS EMULSION 74.4 ML_IV,2
3309,INTRALIPID 20% INTRAVENOUS EMULSION 24 ML_IV,2
3310,"PROPOFOL 1,000 MG [50 MCG/KG/MIN] + BOTTLE CONTAINS 100 ML_IV",2
3311,NICARDIPINE INFUSION 40 MG [1 MCG/KG/MIN] + NS 200 ML_IV,2
3312,NORMAL SALINE 600 ML_IV,2
3313,SODIUM CHLORIDE 7 % FOR NEBULIZATION_INHALATION,2
3314,"PROPOFOL 1,000 MG [250 MCG/KG/MIN] + BOTTLE CONTAINS. 100 ML_IV",2
3315,NOREPINEPHRINE 10 MG + D5W 50 ML_IV,2
3316,UPADACITINIB_ORAL,2
3317,CENOBAMATE 100 MG TABLET_ORAL,2
3318,RIBOFLAVIN (VITAMIN B2) 100 MG TABLET_ORAL,2
3319,CHARCOAL (ACTIVATED)_ENTERAL,2
3320,"KETAMINE, INFUSION 250 MG [8.58 MG/HR] + NS 50 ML_IV",2
3321,FENTANYL INFUSION 1250 MCG [150 MCG/HR] + SYRINGE CONTAINS 25 ML_IV,2
3322,NOREPINEPHRINE INFUSION 16 MG [0.04 MCG/KG/MIN] + NS 250 ML_IV,2
3323,"FENTANYL INFUSION 1,250 MCG [25 MCG/HR] + SYRINGE CONTAINS 25 ML_IV",2
3324,PHENOBARBITAL 16.2 MG ORAL TABLET_ENTERAL,2
3325,"D10W 1,000 ML + SODIUM CHLORIDE, IVF 160 MEQ + POTASSIUM CHLORIDE, IVF 40 MEQ_IV",2
3326,SODIUM BICARBONATE_ORAL,2
3327,SERINE POWDER SUPPLEMENT (ID-L-SERINE POWDER)_ENTERAL,2
3328,FETZIMA_ORAL,2
3329,"D7.5W 1,000 ML + SODIUM CHLORIDE, IVF 15 MEQ + SODIUM ACETATE, IVF 30 MEQ + POTASSIUM CHLORIDE, IVF_IV",2
3330,CLONIDINE TTS-1 PATCH [0.5 PATCH = 50 MCG/DAY]_TOPICAL,2
3331,"HOME PN UNTIL BCH PN CAN BE PROVIDED 1,225 ML_IV",2
3332,MIDAZOLAM INFUSION 30 MG [0.09 MG/KG/HR] + D5W 30 ML_IV,2
3333,FENTANYL INFUSION 1250 MCG [1.2 MCG/KG/HR] + SYRINGE CONTAINS 25 ML_IV,2
3334,ZOMACTON_SUBCUTANEOUS,2
3335,DOPAMINE INFUSION 800 MG [5 MCG/KG/MIN] + D5W 250 ML_IV,2
3336,CEFUROXIME_ORAL,2
3337,"KETAMINE, INFUSION 250 MG [13.2 MG/HR] + NS 50 ML_IV",2
3338,UREA 40% TOPICAL CREAM_OTHER,2
3339,"KETAMINE, INFUSION 250 MG [12.8 MG/HR] + NS 50 ML_IV",2
3340,"KETAMINE, INFUSION 250 MG [9.6 MG/HR] + NS 50 ML_IV",2
3341,"NALOXONE 1,000 MCG [0.995 MCG/KG/HR] + NS 250 ML_IV",2
3342,"KETAMINE, INFUSION 250 MG [2 MCG/KG/MIN] + NS 50 ML_IV",2
3343,"KETAMINE, INFUSION 250 MG [8.2 MG/HR] + NS 50 ML_IV",2
3344,INSULIN REGULAR 50 UNIT [0.049 UNIT/KG/HR] + NS 50 ML_IV,2
3345,PEDIATRIC MULTIVIT NO.158-IRON FUM 18 MG-VIT K1 10 MCG CHEWABLE TABLET_ORAL,2
3346,PYRIDOSTIGMINE BROMIDE 60 MG/5 ML ORAL SYRUP_ENTERAL,2
3347,"KETAMINE, INFUSION 250 MG [9.432 MG/HR] + NS 50 ML_IV",2
3348,CLONIDINE TTS-1 PATCH [1.5 PATCHES = 150 MCG/DAY]_TOPICAL,2
3349,BREXPIPRAZOLE 0.5 MG TABLET_ORAL,2
3350,FORMOTEROL-MOMETASONE_INHALATION,2
3351,"D5W 1,000 ML + SODIUM ACETATE 80 MEQ_IV",2
3352,HALOPERIDOL 5 MG TABLET_ORAL,2
3353,ACETAMINOPHEN 80 MG CHEWABLE TABLET_OTHER,2
3354,VOXELOTOR 500MG_ORAL,2
3355,RISPERIDONE DIS_ORAL,2
3356,ACCUTANE_ORAL,2
3357,BRIMONIDINE 0.2% OPHTHALMIC SOLUTION_BY_EYE,2
3358,MERCAPTOPURINE (FOR NON-ONCOLOGY USE ONLY)_ENTERAL,2
3359,"D12.5W 1,000 ML + POTASSIUM CHLORIDE, IVF 20 MEQ + SODIUM CHLORIDE, IVF 80 MEQ_IV",2
3360,MIDAZOLAM ENTERAL_ENTERAL,2
3361,DEPAKOTE SPRINKLES_ORAL,2
3362,HEPARIN 1 UNIT/ML IN NS FOR CVL LINE START_OTHER,2
3363,DOPAMINE INFUSION 100 MG [2.5 MCG/KG/MIN] + D5W 50 ML_IV,2
3364,EPINEPHRINE INFUSION 10 MG + NS 50 ML_IV,2
3365,ARPI_ORAL,2
3366,FLUTICASONE-SALMETEROL_INHALATION,2
3367,LET_ORAL,2
3368,LITHIUM OROTATE 5 MG_ORAL,2
3369,OLLY GIRL MULTI_ORAL,2
3370,OLLY UNDENIABLE BEAUTY VITAMINS_ORAL,2
3371,VITAFUSION CALCIUM_ORAL,2
3372,MIDAZOLAM INFUSION 30 MG [0.091 MG/KG/HR] + D5W 30 ML_IV,2
3373,D5W NS 300 ML_IV,2
3374,LEVONORGESTREL-ETHINYL ESTRADIOL 0.15 MG/0.03 MG_ORAL,2
3375,NOREPINEPHRINE INFUSION 6.4 MG [0.3 MCG/KG/MIN] + NS 50 ML_IV,2
3376,METHYLPHENIDATE 10 MG ORAL TABLET_ORAL,2
3377,"KETAMINE, INFUSION 250 MG [6.1 MG/HR] + NS 50 ML_IV",2
3378,BREXPIPRAZOLE (REXULTI 0.5 MG ORAL TABLET)_ORAL,2
3379,CHOLESTYRAMINE_ORAL,2
3380,"HEPARIN 25,000 UNIT [1000 UNIT/HR] + D5W 250 ML_IV",2
3381,"KETAMINE, INFUSION 250 MG [8.3 MG/HR] + NS 50 ML_IV",2
3382,"DILTIAZEM CD 180 MG CAPSULE,EXTENDED RELEASE 24 HR_ORAL",2
3383,AUGMENTIN ES-600_ORAL,2
3384,METHYLPREDNISOLONE 16 MG TABLET_ORAL,2
3385,TRIHEXYPHENIDYL 2 MG TABLET_ORAL,2
3386,TRAZODONE 50 MG TABLET_ENTERAL,2
3387,PALIPERIDONE ER 6 MG TABLET_ORAL,2
3388,"KETAMINE, INFUSION 250 MG [8.43 MG/HR] + NS 50 ML_IV",2
3389,MIDAZOLAM 5 MG/ML SYRINGE (ED ONLY)_INTRAMUSCULAR,2
3390,CHLORPROMAZINE 25 MG/ML INJECTION SOLUTION_INTRAMUSCULAR,2
3391,CYCLOPENTOLATE/PHENYLEPHRINE/TROPICAMIDE 1%-2.5%-1% OPHTHALMIC SOLUTION_BY_EYE,2
3392,PEPCID CHEWABLE TABLET_ORAL,2
3393,CLINDAMYCINE 1% LOTION_OTHER,2
3394,BENZOYL PEROXIDE 5% WASH_OTHER,2
3395,VILAZODONE_ORAL,2
3396,MIDAZOLAM 1 MG/ML INFUSION NS 50 ML (MIXTURE)_IV,2
3397,NS ENEMA_OTHER,2
3398,HOME PN UNTIL BCH PN CAN BE PROVIDED 750 ML_IV,2
3399,LILLOW-28_ORAL,2
3400,FLINTSTONES COMPLETE_ORAL,2
3401,"KETAMINE, INFUSION 250 MG [6.97 MG/HR] + NS 50 ML_IV",2
3402,"KETAMINE, INFUSION 250 MG [4 MG/HR] + NS 50 ML_IV",2
3403,"KETAMINE, INFUSION 250 MG [10.6 MG/HR] + NS 50 ML_IV",2
3404,"KETAMINE, INFUSION 250 MG [7.1 MG/HR] + NS 50 ML_IV",2
3405,"KETAMINE, INFUSION 250 MG [3.6 MG/HR] + NS 50 ML_IV",2
3406,"KETAMINE, INFUSION 250 MG [21.76 MG/HR] + NS 50 ML_IV",2
3407,"KETAMINE, INFUSION 250 MG [3.5 MG/HR] + NS 50 ML_IV",2
3408,"KETAMINE, INFUSION 250 MG [2.8 MG/HR] + NS 50 ML_IV",2
3409,"KETAMINE, INFUSION 250 MG [3.3 MG/HR] + NS 50 ML_IV",2
3410,"KETAMINE, INFUSION 250 MG [5.2 MG/HR] + NS 50 ML_IV",2
3411,NALOXONE INFUSION 800 MCG [0.75 MCG/KG/HR] + NS 50 ML_IV,2
3412,MIDAZOLAM INFUSION 100 MG [0.1 MG/KG/HR] + D5W 50 ML_IV,2
3413,"KETAMINE, INFUSION 250 MG [6.3 MG/HR] + NS 50 ML_IV",2
3414,ONDANSETRON HCL 8 MG TABLET_ORAL,2
3415,EPINEPHRINE 2 MG [0.1 MCG/KG/MIN] + NS 50 ML_IV,2
3416,VANCOMYCIN FORTIFIED EYE DROP 25 MG/ML_BY_EYE,2
3417,TOBRAMYCIN OPHTHALMIC_BY_EYE,2
3418,"OCTREOTIDE 1,250 MCG [1 MCG/KG/HR] + NS 50 ML_IV",2
3419,TREPROSTINIL 30 MG [95 NG/KG/MIN] + SYRINGE CONTAINS 3 ML_SUBCUTANEOUS,2
3420,PROPOFOL 1000 MG [100 MCG/KG/MIN] + BOTTLE CONTAINS 100 ML_IV,2
3421,"LIDOCAINE 1% WITH EPINEPHRINE 1:200,000 INJ_SUBCUTANEOUS",2
3422,DIPHENHYDRAMINE 2.5 MG/ML ENTERAL LIQUID - DYE FREE / SUGAR FREE_ORAL,2
3423,WHITE PETROLATUM 41 % TOPICAL OINTMENT_TOPICAL,2
3424,CAFFEINE 200 MG TABLET_ORAL,2
3425,MIDAZOLAM 50 MG [0.1 MG/KG/HR] + D5W 50 ML_IV,2
3426,ESCITALOPRAM 5 MG/5 ML ORAL SOLUTION_ORAL,2
3427,NOREPINEPHRINE 10 MG [0.5 MCG/KG/MIN] + D5W 50 ML_IV,2
3428,CHLOROTHIAZIDE 250 MG/5 ML ORAL SUSPENSION_ENTERAL,2
3429,"PROPOFOL 1,000 MG [100 MCG/KG/MIN] + SYRINGE CONTAINS. 100 ML_IV",2
3430,"KETAMINE, INFUSION 250 MG [8.9 MG/HR] + NS 50 ML_IV",2
3431,PHENYTOIN 50 MG CHEWABLE TABLET_ENTERAL,2
3432,MAGNESIUM CITRATE 100 MG TABLETS_ORAL,2
3433,DONNATAL_ENTERAL,2
3434,MIDAZOLAM INFUSION 50 MG [0.07 MG/KG/HR] + D5W 50 ML_IV,2
3435,METHYLCOBALAMIN (METHYLCOBAL)_INTRAMUSCULAR,2
3436,DIHYDROERGOTAMINE 1 MG/ML INJECTION SOLUTION_IV,2
3437,HEPARIN 25000 UNIT [18 UNIT/KG/HR] + D5W 250 ML_IV,2
3438,CLONIDINE TTS-1 PATCH [0.25 PATCH = 25 MCG/DAY]_TOPICAL,2
3439,"D5W 1,000 ML + SODIUM ACETATE, IVF 10 MEQ + POTASSIUM CHLORIDE, IVF 10 MEQ_IV",2
3440,"KETAMINE, INFUSION 250 MG [12.5 MG/HR] + NS 50 ML_IV",2
3441,"KETAMINE, INFUSION 250 MG [14.5 MG/HR] + NS 50 ML_IV",2
3442,ATOMOXETINE 40 MG CAPSULE_ORAL,2
3443,APREPITANT 80 MG CAPSULE_ORAL,2
3444,MAGNESIUM OXIDE 400 MG (241.3 MG MAGNESIUM) TABLET_ENTERAL,2
3445,LEVONORGESTEROL 0.15MG / ETHINYL ESTRADIOL 0.3MG_ORAL,2
3446,ATROPINE 1% OPHTHALMIC SOLUTION_ORAL,2
3447,ARAVA_ORAL,2
3448,OCTREOTIDE 1250 MCG [12.5 MCG/HR] + NS 50 ML_IV,2
3449,METHYLCELLULOSE_ORAL,2
3450,"OCTREOTIDE 2,500 MCG [25 MCG/HR] + NS 50 ML_IV",2
3451,BARIUM SULFATE 96 % (W/W) ORAL POWDER FOR SUSPENSION_ORAL,2
3452,BUPRENORPHINE_ORAL,2
3453,"D5W NS 1000 ML + CALCIUM GLUCONATE, IVF 4000 MG_IV",2
3454,CROMOLYN NASAL_NASAL,2
3455,BUDESONIDE_INHALATION,2
3456,VALPROIC ACID INJECTION_ENTERAL,2
3457,"CARBAMAZEPINE, SUSTAINED RELEASE (DISPENSED AS CARBATROL)_OTHER",2
3458,BRIVARACETAM 50 MG/5 ML INTRAVENOUS SOLUTION_IV,2
3459,"LANSOPRAZOLE 30 MG CAPSULE,DELAYED RELEASE_ORAL",2
3460,NALOXONE 200 MCG [1.003 MCG/KG/HR] + NS 50 ML_IV,2
3461,TOBRADEX 0.3%-0.1% OPHTHALMIC OINTMENT_OTHER,2
3462,"STERILE WATER 941.25 ML + SODIUM ACETATE 80 MEQ + SODIUM CHLORIDE, IVF 75 MEQ_IV",2
3463,"NS 1,000 ML + CALCIUM GLUCONATE, IVF 4,000 MG_IV",2
3464,ATORVASTATIN_ENTERAL,2
3465,PROPOFOL 500 MG [87.5 MCG/KG/MIN] + SYRINGE CONTAINS. 50 ML_IV,2
3466,FOSFOMYCIN_ORAL,2
3467,NICOTINE (POLACRILEX) 2 MG GUM_ORAL,2
3468,TOPAMAX 25 MG TABLET_ORAL,2
3469,FAMOTIDINE_OTHER,2
3470,DIHYDROERGOTAMINE_SUBCUTANEOUS,2
3471,RIVAROXABAN_ENTERAL,2
3472,SODIUM PHENYLBUTYRATE_ORAL,2
3473,CLINDA-TRETINOIN_OTHER,2
3474,CONCERTA BRAND NAME_ORAL,2
3475,FLUORIDE 1.1% TOPICAL GEL_OTHER,2
3476,"VENLAFAXINE ER 37.5 MG CAPSULE,EXTENDED RELEASE 24 HR_ORAL",2
3477,"HEPARIN 25000 UNIT [2,640 UNIT/HR] + D5W 250 ML_IV",2
3478,"FENTANYL INFUSION 1,250 MCG [4 MCG/KG/HR] + SYRINGE CONTAINS 25 ML_IV",2
3479,PROPOFOL 500 MG [30 MCG/KG/MIN] + SYRINGE CONTAINS. 50 ML_IV,2
3480,LEVOTHYROXINE 88 MCG TABLET_ENTERAL,2
3481,"OMEGA-3 FATTY ACIDS 1,000 MG CAPSULE_ORAL",2
3482,"NS, CONTINUOUS FLUSH 1000 ML_IV",2
3483,OFLOXACIN 0.3 % EYE DROPS_BY_EYE,2
3484,"KETAMINE, INFUSION 250 MG [10 MCG/KG/MIN] + NS 50 ML_IV",2
3485,"CLINDAMYCIN PHOSPHATE AND BENZOYL PEROXIDE GEL, 1%, 5%_OTHER",2
3486,"POTASSIUM CHLORIDE ER 10 MEQ CAPSULE,EXTENDED RELEASE_ORAL",2
3487,PHYTONADIONE (VITAMIN K1) 5 MG TABLET_ENTERAL,2
3488,MULTIVITAMIN_IV,2
3489,DANTROLENE 25 MG CAPSULE_ORAL,2
3490,"KETAMINE, INFUSION 250 MG [5.664 MG/HR] + NS 50 ML_IV",2
3491,BACITRACIN 500 UNIT/GM_OTHER,2
3492,"BISACODYL 5 MG TABLET,DELAYED RELEASE_ORAL",2
3493,PYRIDOXINE (VITAMIN B6) 50 MG TABLET_ENTERAL,2
3494,TRIKAFTA_ORAL,2
3495,PROPOFOL 1000 MG [30 MCG/KG/MIN] + BOTTLE CONTAINS. 100 ML_IV,2
3496,PHENYLEPHRINE + NS 0.37 ML_OTHER,2
3497,LUMATEPERONE 21 MG CAPSULE_ORAL,2
3498,EFFER-K EFFERVESCENT TABLET_ORAL,2
3499,LINZESS_ORAL,2
3500,"KETAMINE, INFUSION 250 MG [7.69 MG/HR] + NS 50 ML_IV",2
3501,VENLAFAXINE_ENTERAL,2
3502,"LEVETIRACETAM, EXTENDED RELEASE (DISPENSED AS KEPPRA XR)_ORAL",2
3503,CALCIUM GLUCONATE DOSE (ICU-CVL)_IV,2
3504,"LIPASE-PROTEASE-AMYLASE 24,000-76,000-120,000 UNIT CAPSULE,DELAYED REL_ORAL",2
3505,DEXMEDETOMIDINE 400 MCG [2 MCG/KG/HR] + NS 100 ML_IV,2
3506,BARIUM SULFATE 81 % (W/W) ORAL POWDER_ORAL,2
3507,"HEPARIN 25,000 UNIT [20 UNIT/KG/HR] + D5W 250 ML_IV",2
3508,FLUTICASONE PROPIONATE 220 MCG/ACTUATION HFA AEROSOL INHALER_INHALATION,2
3509,LIDOCAINE 2% (LOCAL ANESTHESIA) ORDER IN ML_BY_EAR,2
3510,"D5W 1/2NS 1000 ML + POTASSIUM CHLORIDE, IVF 10 MEQ_IV",2
3511,NALOXONE 800 MCG [0.75 MCG/KG/HR] + NS 200 ML_IV,2
3512,CLONAZEPAM__OTHER,2
3513,NORGESTIMATE 0.250MG / ETHINYL ESTRADIOL 0.035MG TABLETS_ORAL,2
3514,MIDAZOLAM 2 MG/ML ORAL SYRUP (WRAPPED)_ENTERAL,2
3515,KETAMINE PCA 250 MG/50 ML (5 MG/ML) IN NS - 70 KG OR ABOVE_IV,2
3516,SOLU-CORTEF_INTRAMUSCULAR,2
3517,EPINEPHRINE INFUSION 10 MG [0.1 MCG/KG/MIN] + NS 50 ML_IV,2
3518,NALOXONE 600 MCG [1 MCG/KG/HR] + NS 150 ML_IV,2
3519,"KETAMINE, INFUSION 250 MG [4.2 MG/HR] + NS 50 ML_IV",2
3520,"KETAMINE, INFUSION 250 MG [25.2 MG/HR] + NS 50 ML_IV",2
3521,DIATRIZOATE MEGLUMINE 18 % URETHRAL SOLUTION_OTHER,2
3522,ORKAMBI 200 MG-125 MG ORAL TABLET_ORAL,2
3523,ALTEPLASE INHALATION_INHALATION,2
3524,"D10W 1000 ML + SODIUM CHLORIDE, IVF 160 MEQ + POTASSIUM ACETATE, IVF 20 MEQ_IV",2
3525,CHLORAL HYDRATE_ORAL,2
3526,DILTIAZEM INFUSION 50 MG [5 MG/HR] + D5W 50 ML_IV,2
3527,GUANFACINE HCL 1MG TAB_ORAL,2
3528,CLONIDINE_OTHER,2
3529,WHITE PETRALATUM OCULAR LUBRICANT (WRAPPER)_BY_EYE,2
3530,"KETAMINE, INFUSION 250 MG [6.88 MG/HR] + NS 50 ML_IV",2
3531,"KETAMINE, INFUSION 250 MG [4.53 MG/HR] + NS 50 ML_IV",2
3532,PROCHLORPERAZINE_ENTERAL,2
3533,CALCITRIOL 0.25 MCG CAPSULE_ORAL,2
3534,OMNIPAQUE 300_OTHER,2
3535,"D7.5W 1,000 ML + SODIUM CHLORIDE, IVF 80 MEQ + POTASSIUM CHLORIDE, IVF 20 MEQ + POTASSIUM PHOSPHATE_IV",2
3536,"D5W NS 1000 ML + POTASSIUM ACETATE, IVF 25 MEQ + POTASSIUM PHOSPHATE, IVF 15 MEQ_IV",2
3537,MAGNESIUM COMPLEX_ORAL,2
3538,SUPER B COMPLEX WITH VITAMIN C_ORAL,2
3539,SUMATRIPTAN 10 MG/INH NASAL SPRAY_NASAL,2
3540,"D10W 1,000 ML + SODIUM CHLORIDE, IVF 80 MEQ + POTASSIUM CHLORIDE, IVF 30 MEQ_IV",2
3541,LAMOTRIGINE 100 MG ORAL TABLET_ORAL,2
3542,JORNAY_ORAL,2
3543,SCOPOLAMINE 1.5 MG PATCH_OTHER,2
3544,DOPAMINE INFUSION 800 MG [3 MCG/KG/MIN] + D5W 250 ML_IV,2
3545,LISDEXAMPHETAMINE 10 MG CAP_ORAL,2
3546,LEVOTHYROXINE 150 MCG TABLET_ORAL,2
3547,GRANISETRON HCL 1 MG TABLET_ORAL,2
3548,XCOPRI_ORAL,2
3549,CITRIC ACID-SODIUM CITRATE_ENTERAL,2
3550,SUMATRIPTAN 20 MG/ACTUATION NASAL SPRAY_OTHER,2
3551,NORMAL SALINE BOLUS_INHALATION,2
3552,LACOSAMIDE 50 MG TABLET_ENTERAL,2
3553,"POTASSIUM CHLORIDE DOSE (PIV), FLUID RESTRICTED_IV",2
3554,FENTANYL PATCH 25 MCG/HR_TOPICAL,2
3555,"SODIUM CHLORIDE 1,000 MG SOLUBLE TABLET_ORAL",2
3556,MORPHINE INFUSION 100 MG [4.5 MG/HR] + NS 50 ML_IV,2
3557,DESVENLAFAXINE ER 50MG TABLET_ORAL,2
3558,"SODIUM CHLORIDE 0.45% 1,000 ML + POTASSIUM CHLORIDE, IVF 20 MEQ_IV",2
3559,MIDAZOLAM INFUSION 30 MG [0.2 MG/KG/HR] + D5W 30 ML_IV,2
3560,PCA/NCA FENTANYL 25 MCG/ML 50 ML_OTHER,2
3561,MORPHINE INFUSION 50 MG [0.06 MG/KG/HR] + NS 50 ML_IV,2
3562,RISPERIDONE 1 MG/ML ORAL SOLUTION_ENTERAL,2
3563,NEPHROCAPS_ORAL,2
3564,LACTATED RINGERS 500 ML_IV,2
3565,HYDRALAZINE 20 MG/ML INJECTION SOLUTION_IV,2
3566,SOTROVIMAB_IV,2
3567,NITROFURANTOIN MONOHYDRATE/MACROCRYSTALS 100 MG CAPSULE_ORAL,2
3568,LET_RECTAL,2
3569,DULOXETINE_ENTERAL,2
3570,KETOTIFEN_ORAL,2
3571,"KETAMINE, INFUSION 250 MG [6.8 MG/HR] + NS 50 ML_IV",2
3572,NITROFURANTOIN 25 MG/5 ML ORAL SUSPENSION_ENTERAL,2
3573,ASPIRIN_RECTAL,2
3574,"NORMAL SALINE 1,251 ML_IV",2
3575,LORATADINE 5 MG/5 ML ORAL SOLUTION_ORAL,2
3576,ROMIPLOSTIM_SUBCUTANEOUS,2
3577,"D5W 1,000 ML + SODIUM BICARBONATE, IVF 150 MEQ + POTASSIUM CHLORIDE, IVF 40 MEQ_IV",2
3578,INSULIN ASPART 100 UNIT/ML (NOVOLOG) CONTINUOUS PUMP 300 UNIT + BOTTLE CONTAINS 3 ML_SUBCUTANEOUS,2
3579,DIVALPROEX DELAYED/ENTERIC SPRINKLES (DEPAKOTE)_ORAL,2
3580,FENOFIBRATE_ENTERAL,2
3581,BLISOVI FE 1.5-30 TABLET_ORAL,2
3582,DESVENLAFAZINE 25 MG ER TABLET_ORAL,2
3583,SODIUM CHLORIDE 0.9% INHALATION SOLUTION_OTHER,2
3584,"ESMOLOL INFUSION 2,500 MG [50 MCG/KG/MIN] + NS 250 ML_IV",2
3585,DILTIAZEM 12 MG/ML ENTERAL LIQUID CMPD_ENTERAL,2
3586,DORZOLAMIDE 22.3 MG-TIMOLOL 6.8 MG/ML EYE DROPS_BY_EYE,2
3587,BUPIVACAINE HCL 0.25 % (2.5 MG/ML) INJECTION SOLUTION_OTHER,2
3588,"D5W 1/2NS 1,000 ML + SODIUM ACETATE, IVF 77 MEQ_IV",2
3589,"KETAMINE, INFUSION 250 MG [2.38 MG/HR] + NS 50 ML_IV",2
3590,"KETAMINE, INFUSION 250 MG [1.92 MG/HR] + NS 50 ML_IV",2
3591,METOCLOPRAMIDE 5 MG/5 ML ORAL SOLUTION_ENTERAL,2
3592,"D10W 1,000 ML + SODIUM CHLORIDE, IVF 160 MEQ + POTASSIUM CHLORIDE, IVF 10 MEQ_IV",2
3593,"HEPARIN 25,000 UNIT [1800 UNIT/HR] + D5W 250 ML_IV",2
3594,GUAIFENESIN EXTENDED RELEASE_ORAL,2
3595,"KETAMINE, INFUSION 250 MG [2.058 MG/HR] + NS 50 ML_IV",2
3596,LACTULOSE 10 GRAM/15 ML ORAL SOLUTION_ENTERAL,2
3597,MILRINONE 200 MCG/ML 10 MG [0.5 MCG/KG/MIN] + D5W 50 ML_IV,2
3598,SIROLIMUS 0.5 MG TABLET_ORAL,2
3599,LABETALOL 250 MG [1.25 MG/KG/HR] + SYRINGE CONTAINS 50 ML_IV,2
3600,SODIUM CHLORIDE 0.9% 1000 ML_IV,2
3601,SINEMENT (2.25 MG- 10 MG / 2.5 ML)_ENTERAL,2
3602,ZONISAMIDE 100 MG/5 ML ORAL SUSPENSION_ENTERAL,2
3603,NORETHINDRONE (CONTRACEPTIVE) 0.35 MG TABLET_ORAL,2
3604,NALOXONE INFUSION 20 MG [0.1 MG/KG/HR] + SYRINGE CONTAINS 50 ML_IV,2
3605,PALIPERIDONE ER TABLET_ORAL,2
3606,EPINEPHRINE 10 MG [0.04 MCG/KG/MIN] + D5W 50 ML_IV,2
3607,DOPAMINE INFUSION 800 MG [2.5 MCG/KG/MIN] + D5W 250 ML_IV,2
3608,CETIRIZINE 1 MG/ML ORAL SOLUTION (WRAPPED)_OTHER,2
3609,OPTIRAY 240_OTHER,2
3610,D5W NS 275 ML_IV,1
3611,CEFIXIME_ENTERAL,1
3612,THALOMID 150MG CAPSULE_ORAL,1
3613,UPADACITINIB 1 MG/ML ORAL SOLUTION_ORAL,1
3614,GRISEOFULVIN ULTRAMICROSIZE (TABLET)_ORAL,1
3615,PHENAZOPYRIDINE_ENTERAL,1
3616,"D15W 500 ML + SODIUM ACETATE 10 MEQ + SODIUM CHLORIDE, IVF 10 MEQ_IV",1
3617,QUETIPINE ER TABLET 300 MG_ORAL,1
3618,DEPAKOTE DR_ORAL,1
3619,"LIDOCAINE 0.5% WITH EPINEPHRINE 1:200,000 INJ_INTRADERMAL",1
3620,LIDOCAINE 1% PRESERVATIVE-FREE INJECTABLE SOLUTION_NASAL,1
3621,"D5W 1/4NS 1,000 ML + POTASSIUM CHLORIDE, IVF 20 MEQ_IV",1
3622,IBUPROFEN 200 MG ORAL TABLET_ENTERAL,1
3623,ZEPOSIA_ORAL,1
3624,DILTIAZEM INFUSION 50 MG [20 MG/HR] + D5W 50 ML_IV,1
3625,UNABLE TO FIND_RECTAL,1
3626,DESVENLAFAXINE 50MG ER TABLET_ORAL,1
3627,NUTROPEN_SUBCUTANEOUS,1
3628,IMMUNE GLOBULIN INTRAMUSCULAR_INTRAMUSCULAR,1
3629,CEFTAZIDIME_INTRAMUSCULAR,1
3630,XULANE_OTHER,1
3631,"D10W 1000 ML + SODIUM CHLORIDE, IVF 40 MEQ_IV",1
3632,OXCARBAZEPINE 150 MG TABLET_ORAL,1
3633,NALTROXONE_ORAL,1
3634,INCASSIO_ORAL,1
3635,CLINDAMYCIN PHOSPHATE 1%_OTHER,1
3636,ISIBLOOM 0.15 MG-0.03 MG ORAL TABLET_ORAL,1
3637,FLUTICASONE CFC FREE 44 MCG/INH INHALATION AEROSOL_OTHER,1
3638,CENOBAMATE ( XCOPRI )_ORAL,1
3639,METHYLPHENIDATE 25MG/5ML_ORAL,1
3640,SMOFLIPID 20% INTRAVENOUS EMULSION 149.5 ML_IV,1
3641,"METHYLPHENIDATE ER 60 MG CAPSULE,DELAYED RELEASE,EXT RELEASE SPRINKLE_ORAL",1
3642,POWER ZINC - ZINC 15MG AND VITAMIN C 270MG_ORAL,1
3643,TADALAFIL 4 MG/ML ENTERAL LIQUID_ENTERAL,1
3644,VILOXAZINE_ORAL,1
3645,SPIRONOLACTONE 100 MG TABLET_ORAL,1
3646,INSULIN(HUMALOG)_SUBCUTANEOUS,1
3647,DEXAMETHASONE 4 MG TABLET_ENTERAL,1
3648,PREGABALIN 20 MG/ML ORAL SOLUTION_ORAL,1
3649,CARBAMAZEPINE_ENTERAL,1
3650,OXBRYTA (VOXELOTOR)_ORAL,1
3651,VOXELETOR_ORAL,1
3652,"D5W NS 1000 ML + POTASSIUM PHOSPHATE, IVF 20 MEQ_IV",1
3653,BIOTIN_ENTERAL,1
3654,D50W BOLUS_ENTERAL,1
3655,SODIUM CHLORIDE 0.45% 1000 ML_IV,1
3656,PCA/NCA  FENTANYL 50 ML_OTHER,1
3657,LIDOCAINE 2% (LOCAL ANESTHESIA) ORDER IN ML_NASAL,1
3658,CAFFEINE CITRATE 20 MG/ML ENTERAL LIQUID CMPD_ORAL,1
3659,MEDROXYPROGESTERONE IM_INTRAMUSCULAR,1
3660,OLANZAPINE ORALLY DISINTEGRATING TABLET_OTHER,1
3661,OLANZAPINE ORALLY DISINTEGRATING TABLET_ENTERAL,1
3662,SODIUM CHLORIDE 3% 180 ML_IV,1
3663,AMITRIPTYLINE 25 MG TABLET_ORAL,1
3664,CLONIDINE 0.1 MG/ML_ORAL,1
3665,SOMATOTROPIN_SUBCUTANEOUS,1
3666,SODIUM CHLORIDE 0.45%_IV,1
3667,"MULTIPLE VITAMINS WITH MINERALS ORAL TABLET, CHEWABLE_OTHER",1
3668,NICARDIPINE 40 MG/200 ML(0.2 MG/ML) IN SOD CHLOR(ISO) INTRAVENOUS SOLN_IV,1
3669,POTASSIUM PHOSPHATE-SODIUM PHOSPHATE_ORAL,1
3670,"HEPARIN, IVF_IV",1
3671,D5W 1/2NS 200 ML_IV,1
3672,"D5W 1/2NS 1,000 ML + POTASSIUM CHLORIDE, IVF 10 MEQ + SODIUM ACETATE, IVF 40 MEQ_IV",1
3673,TORSEMIDE 100 MG TABLET_ORAL,1
3674,"1/2NS 1,000 ML + POTASSIUM CHLORIDE, IVF 20 MEQ_IV",1
3675,"LIGNOSPAN STANDARD (LIDOCAINE 2% WITH EPINEPHRINE 1:100,000)_OTHER",1
3676,BANZEL 40 MG/ML ORAL SUSPENSION_ORAL,1
3677,PROPAFENONE_ENTERAL,1
3678,ERYTHROMYCIN 0.5% OPHTHALMIC OINTMENT_OTHER,1
3679,"QUETIAPINE ER 50 MG TABLET,EXTENDED RELEASE 24 HR_ORAL",1
3680,TIMOLOL OPHTHALMIC_OTHER,1
3681,"D5W NS 1,000 ML + POTASSIUM PHOSPHATE, IVF 15 MMOL_IV",1
3682,TAFINLAR (DABRAFENIB) 50 MG TABLET_ORAL,1
3683,TIMOLOL MALEATE 0.25% OPHTHALMIC SOLUTION_BY_EYE,1
3684,FOLIC ACID 1 MG TABLET_ENTERAL,1
3685,MINOXIDIL_ENTERAL,1
3686,FENTANYL (PF) 50 MCG/ML INJECTION SOLUTION_OTHER,1
3687,SERTRALINE 20 MG/ML ORAL CONCENTRATE_ENTERAL,1
3688,BETAMETHASONE 0.05%_OTHER,1
3689,VALACYCLOVIR (POWDER) 50 MG/ML ENTERAL LIQUID CMPD_ORAL,1
3690,ISIBLOOM 0.15 MG-0.03MG_ORAL,1
3691,DEPAKENE_ORAL,1
3692,OMALIZUMAB_SUBCUTANEOUS,1
3693,MEXILETINE_OTHER,1
3694,"D5W NS 1,000 ML + CALCIUM GLUCONATE, IVF 2,000 MG_IV",1
3695,"D10W 1000 ML + SODIUM CHLORIDE, IVF 80 MEQ + POTASSIUM CHLORIDE, IVF 8 MEQ_IV",1
3696,VENLAFAXINE 37.5 MG TABLET_ENTERAL,1
3697,ALBUTEROL 16 MG IN NS 24 ML_INHALATION,1
3698,D5W 1/2NS 300 ML_IV,1
3699,ESOMEPRAZOLE MAGNESIUM DR_ENTERAL,1
3700,"D5W NS 1,000 ML + CALCIUM GLUCONATE, IVF 3 G_IV",1
3701,"D5W NS 1,000 ML + CALCIUM GLUCONATE, INFUSION 3 G_IV",1
3702,CENOBAMATE 50 MG TABLET_ENTERAL,1
3703,"D5W 1,000 ML + SODIUM ACETATE, IVF 80 MEQ + POTASSIUM ACETATE, IVF 5 MEQ_IV",1
3704,ERYTHROMYCIN_IV,1
3705,CEFUROXIME 250 MG_ORAL,1
3706,ASHLYNA_ORAL,1
3707,"TACROLIMUS 0.75 MG ORAL TABLET, EXTENDED RELEASE_ORAL",1
3708,INTRALIPID 20% INTRAVENOUS EMULSION 31.2 ML_IV,1
3709,"FAT EMULSION 20%, INTRAVENOUS 14.4 ML_IV",1
3710,CITALLINE_ORAL,1
3711,GLYCROLPHENYLBUTRATE_ORAL,1
3712,GLYCEROLPHENYLBUTYRATE_ORAL,1
3713,ALBUTEROL 16 MG IN 120 ML NS_INHALATION,1
3714,ALPELISIB 50 MG TABLET_ORAL,1
3715,RESERVATROL_ORAL,1
3716,LAMICTAL 100 MG TABLET_ENTERAL,1
3717,FLAX OIL CAPSULE_ORAL,1
3718,B COMPLEX_ORAL,1
3719,BROCOMAX_ORAL,1
3720,ALPELISID_ORAL,1
3721,LAMOTRIGINE ER 25 MG TAB_ORAL,1
3722,HOLD DOSE 1 TIME_ORAL,1
3723,"D5W 1,000 ML + SODIUM ACETATE, IVF 80 MEQ_IV",1
3724,PREVNAR 13_INTRAMUSCULAR,1
3725,UNABLE TO FIND_IV,1
3726,"D10W 216 ML + AMMONUL 2,158 MG + ARGININE 1,726 MG_IV",1
3727,"D10W 223 ML + AMMONUL 2,225 MG + ARGININE 1,780 MG_IV",1
3728,TIMOLOL OPHTHALMIC_BY_EYE,1
3729,AMANTADINE 100MG/ML SOLUTION_ORAL,1
3730,"D10W 1,000 ML + SODIUM ACETATE, IVF 60 MEQ + SODIUM CHLORIDE, IVF 20 MEQ + POTASSIUM CHLORIDE, IVF_IV",1
3731,VALPROIC ACID INJECTION_ORAL,1
3732,BLISOVI FE 1.5/30_ORAL,1
3733,"NS 1000 ML + POTASSIUM CHLORIDE, IVF 40 MEQ_IV",1
3734,CARBIDOPA-LEVODOPA_ORAL,1
3735,NORMAL SALINE 120 ML_IV,1
3736,ADVAIR HFA 45 MCG-21 MCG/INH INHALATION AEROSOL_INHALATION,1
3737,ELTROMBOPAG_ENTERAL,1
3738,METHADONE 10 MG/ML ORAL CONCENTRATE_ENTERAL,1
3739,IBUPROFEN 600 MG ORAL TABLET_ORAL,1
3740,"TACROLIMUS 4 MG ORAL TABLET, EXTENDED RELEASE_ORAL",1
3741,SESAONALE_ORAL,1
3742,SECRETIN_IV,1
3743,"FAT EMULSION 20%, INTRAVENOUS 50 ML_IV",1
3744,D5W 1000 ML_IV,1
3745,DEXTROSE 10% WITH 0.45% NACL 50 ML_IV,1
3746,"D10W 245 ML + AMMONUL 2,450 MG + ARGININE 1,960 MG_IV",1
3747,INTRALIPID 20% INTRAVENOUS EMULSION 48 ML_IV,1
3748,INTRALIPID 20% INTRAVENOUS EMULSION 46.56 ML_IV,1
3749,ALBUTEROL 32 MG IN 240 ML NS_INHALATION,1
3750,EPINEPHRINE 10 MCG/ML TOPICAL SOLUTION_OTHER,1
3751,SODIUM CHLORIDE 3% 1000 ML_IV,1
3752,NON-FORMULARY 80 ML_IV,1
3753,MEFLOQUINE_ORAL,1
3754,CARBAMAZEPINE 200MG CAPSULE_ORAL,1
3755,DESVENLAFAXINE ER TAB 100MG_ORAL,1
3756,METHADONE 10 MG/ML ORAL CONCENTRATE_ORAL,1
3757,DULAGLUTIDE (TRULICITY)_SUBCUTANEOUS,1
3758,"MYLAN (LEVONORGESTEREL AND ETHINYL ESTRADIOL, 0.1MG/0.02MG AND ETHINYL ESTRADIOL 0.01MG)_ORAL",1
3759,NORMAL SALINE 249.6 ML_IV,1
3760,LACTULOSE 10 GRAM/15 ML (15 ML) ORAL SOLUTION_ENTERAL,1
3761,MIDAZOLAM 50 MG [5.5 MG/HR] + NS 50 ML_IV,1
3762,HOME PN UNTIL BCH PN CAN BE PROVIDED 650 ML_IV,1
3763,D5W 1/2NS 100 ML_IV,1
3764,SOMATROPIN_OTHER,1
3765,SARGRAMOSTIM_SUBCUTANEOUS,1
3766,D5W NS 440 ML_IV,1
3767,MITOCHONDRIAL COCKTAIL POWDER G TUBE_ENTERAL,1
3768,MITOCHONDRIAL COCKTAIL POWDER_ENTERAL,1
3769,SPRINTEC OCP_ORAL,1
3770,ADAPOLINE 0.3%_OTHER,1
3771,AZATHIOPRINE 50 MG/ML ENTERAL LIQUID CMPD_ENTERAL,1
3772,PREDNISOLONE SODIUM PHOSPHATE 15 MG/5 ML ORAL SOLUTION (WRAPPED)_ENTERAL,1
3773,PYRIDOSTIGMINE BROMIDE 60 MG/5 ML ORAL SYRUP_ORAL,1
3774,POTASSIUM CHLORIDE 20 MEQ ORAL POWDER FOR RECONSTITUTION_ENTERAL,1
3775,GABAPENTIN 100 MG ORAL CAPSULE_ORAL,1
3776,DILTIAZEM INFUSION 50 MG [25 MG/HR] + D5W 50 ML_IV,1
3777,LACOSAMIDE_OTHER,1
3778,DDAVP_ORAL,1
3779,CLOTRIMAZOLE_ORAL,1
3780,"D5W 1,000 ML + SODIUM BICARBONATE, IVF 100 MEQ_IV",1
3781,TOPAMAX 100 MG TABLET_ENTERAL,1
3782,LEUCOVORIN CALCIUM 5 MG TABLET_ORAL,1
3783,LEUCOVORIN CALCIUM 5 MG TABLET (NON-ONC)_ORAL,1
3784,"D12.5W 500 ML + SODIUM CHLORIDE, IVF 80 MEQ + POTASSIUM ACETATE, IVF 15 MEQ + POTASSIUM PHOSPHATE,_IV",1
3785,FERROUS SULFATE IR 325 MG (65 MG IRON) TABLET_ORAL,1
3786,VIGADRONE_ENTERAL,1
3787,1/2NS 1000 ML + SODIUM ACETATE 80 MEQ_IV,1
3788,HEPARIN_OTHER,1
3789,D5W NS BOLUS_OTHER,1
3790,NORMAL SALINE 10 ML_IV,1
3791,INTRALIPID 20% INTRAVENOUS EMULSION 96 ML_IV,1
3792,INTRALIPID 20% INTRAVENOUS EMULSION 151.2 ML_IV,1
3793,INTRALIPID 20% INTRAVENOUS EMULSION 110.4 ML_IV,1
3794,INTRALIPID 20% INTRAVENOUS EMULSION 140 ML_IV,1
3795,ASACOL DR TABLET_ORAL,1
3796,LEVONOGESTRREL AND ETHINYL ESTRADIOL_ORAL,1
3797,ANTIHEMOPHILIC FACTOR_IV,1
3798,STOMAHESIVE POWDER TOPICAL_OTHER,1
3799,APREMILAST_ORAL,1
3800,MEMANTINE_ENTERAL,1
3801,ALBUTEROL 2.5 MG/3 ML (0.083%) INHALATION SOLUTION_OTHER,1
3802,KALETRA_ENTERAL,1
3803,LAMIVUDINE_ENTERAL,1
3804,INSULIN REGULAR_IV,1
3805,"D10W 1,000 ML + SODIUM CHLORIDE, IVF 80 MEQ + SODIUM BICARBONATE, IVF 80 MEQ_IV",1
3806,INSULIN GLARGINE_SUBCUTANEOUS,1
3807,ZOFRAN ODT_ORAL,1
3808,ACETAMINOPHEN SUPPOSITORY_RECTAL,1
3809,ENSKYCE_ORAL,1
3810,SULFASALAZIN_ORAL,1
3811,"D5W NS 1,000 ML + POTASSIUM ACETATE, IVF 45 MEQ_IV",1
3812,"D5W NS 1,000 ML + POTASSIUM CHLORIDE, IVF 10 MEQ + MAGNESIUM SULFATE, IVF 5 MEQ_IV",1
3813,D5W LR 288 ML_IV,1
3814,PFIZER-BIONTECH COVID-19 VACCINE_INTRAMUSCULAR,1
3815,D12.5W 500 ML + SODIUM CHLORIDE 80 MEQ + POTASSIUM ACETATE 12.5 MEQ + POTASSIUM PHOSPHATE 7.5 MEQ_IV,1
3816,FLUTICASONE 110 MCG/INH MDI_INHALATION,1
3817,SOLYLIZE_ORAL,1
3818,NORMAL SALINE_IV,1
3819,LIDOCAINE 0.5% (LOCAL ANESTHESIA) ORDER IN ML_OTHER,1
3820,CITRIC ACID-POTASSIUM CITRATE_ORAL,1
3821,"CENTRUM JR ORAL TABLET, CHEWABLE_ENTERAL",1
3822,VITAMIN E MIXED 13.4 MG-TOCOTRIENOL 16 MG/ML ORAL EMULSION_ORAL,1
3823,ZINC SULFATE 44 MG/ML ENTERAL LIQUID CMPD_ORAL,1
3824,PURIXAN_ORAL,1
3825,"NS 50 ML + HEPARIN, CONTINUOUS FLUSH 50 UNIT_IV",1
3826,"D12.5W 1,000 ML + SODIUM CHLORIDE, IVF 80 MEQ + POTASSIUM CHLORIDE, IVF 12 MEQ_IV",1
3827,"NORMAL SALINE 1,000 ML_OTHER",1
3828,"D12.5W 1000 ML + SODIUM CHLORIDE, IVF 80 MEQ + POTASSIUM CHLORIDE, IVF 40 MEQ_IV",1
3829,"D5W NS 1,000 ML + MAGNESIUM SULFATE, IVF 2 G_IV",1
3830,6-MP FOR CHEMO REGIMEN_ORAL,1
3831,VANCOMYCIN 25MG/ML OPTH. SOLN._BY_EYE,1
3832,ANAKINRA 100 MG/0.67 ML SYRINGE_SUBCUTANEOUS,1
3833,"TACROLIMUS XR 4 MG TABLET,EXTENDED RELEASE 24 HR_ORAL",1
3834,D5W NS 400 ML [20 ML/KG/HR]_IV,1
3835,TOPIRAMATE 25 MG SPRINKLE CAPSULE_ORAL,1
3836,GLYDO 2% TOPICAL GEL WITH APPLICATOR_OTHER,1
3837,DESMOPRESSIN NASAL SPRAY (DDAVP)_NASAL,1
3838,UBIQUINOL/ NAC/ LIPOIC ACID  ORAL SOLUTION_ORAL,1
3839,"ARIPIPRAZOLE 10 MG ORAL TABLET, DISINTEGRATING_ORAL",1
3840,D50W_IV,1
3841,DICYCLOMINE 10 MG/5 ML ORAL SOLUTION_ENTERAL,1
3842,DEKAS PLUS ENTERAL LIQUID_ENTERAL,1
3843,CLOBOZAM_ORAL,1
3844,COLESEVELAM_ORAL,1
3845,LACTATED RINGERS_IV,1
3846,LEVONORGESTREL_ENTERAL,1
3847,"HOME PN UNTIL BCH PN CAN BE PROVIDED 2,650 ML_IV",1
3848,LIDOCAINE VISCOUS 2% MUCOUS MEMBRANE SOLUTION_ENTERAL,1
3849,"DEXMETHYLPHENIDATE 5 MG ORAL CAPSULE, EXTENDED RELEASE_ORAL",1
3850,"VENLAFAXINE 150 MG ORAL TABLET, EXTENDED RELEASE_ORAL",1
3851,"D10W 1,000 ML + SODIUM CHLORIDE, IVF 35 MEQ + POTASSIUM CHLORIDE, IVF 8 MEQ_IV",1
3852,"BARIUM SULFATE 40 % (W/V), 29 % (W/W) (1,500 CPS) ORAL SUSPENSION_ORAL",1
3853,NORMAL SALINE 660 ML_IV,1
3854,D12.5W 1000 ML + SODIUM CHLORIDE 80 MEQ_IV,1
3855,ELOCTATE_IV,1
3856,"D5W NS 1000 ML + POTASSIUM CHLORIDE, IVF 40 MEQ_IV",1
3857,"STERILE WATER DILUENT WITH ADDITIVES 1,000 ML + SODIUM CHLORIDE, IVF 132 MEQ + SODIUM BICARBONATE,_IV",1
3858,L METHYL FOLATE_ORAL,1
3859,"D5W 1,000 ML + SODIUM ACETATE, IVF 102 MEQ + SODIUM CHLORIDE, IVF 52 MEQ + POTASSIUM CHLORIDE, IVF_IV",1
3860,C-VITAMIN COCKTAIL_ORAL,1
3861,NIKKI (DROSPIRENONE AND ETHINYL ESTRADIOL)_ORAL,1
3862,NIKKI (ETHINYL ESTRADIOL 0.02 MG AND DROSPIRENONE 3MG)_ORAL,1
3863,SODIUM CHLORIDE 4 MEQ/ML SOLUTION_ORAL,1
3864,"SODIUM CHLORIDE 0.45% 1,000 ML + SODIUM BICARBONATE, IVF 40 MEQ + POTASSIUM CHLORIDE, IVF 10 MEQ_IV",1
3865,"D5W 1/2NS 1,000 ML + POTASSIUM CHLORIDE, IVF 10 MEQ + SODIUM BICARBONATE, IVF 40 MEQ_IV",1
3866,"D5NS 1,000 ML + POTASSIUM ACETATE 25 MEQ + POTASSIUM PHOSPHATE 15 MEQ_IV",1
3867,DILTIAZEM INFUSION 50 MG [10 MG/HR] + D5W 50 ML_IV,1
3868,"D5W 1/2NS 3,960 ML_IV",1
3869,METHIMAZOLE_ENTERAL,1
3870,"LIDOCAINE (BUFFERED) 1% WITH EPINEPHRINE 1:200,000 INJ_IV",1
3871,KEPPRA 750 MG TABLET_ORAL,1
3872,"STERILE WATER DILUENT WITH ADDITIVES 1,000 ML + SODIUM CHLORIDE, IVF 52 MEQ + SODIUM BICARBONATE, I_IV",1
3873,DOXORUBICIN_IV,1
3874,DEXRAZOXANE_IV,1
3875,DEBROX 6.5% OTIC SOLUTION_BY_EAR,1
3876,RUXOLITINIB 5 MG TABLET_ORAL,1
3877,DIAZEPAM 5 MG/ML INJECTION SOLUTION (WRAPPED)_INTRAMUSCULAR,1
3878,MARIBAVIR_ENTERAL,1
3879,"D10W 1,000 ML + SODIUM CHLORIDE, IVF 160 MEQ + POTASSIUM CHLORIDE, IVF 45 MEQ_IV",1
3880,SODIUM HYPOCHLORITE 0.125% TOPICAL SOLUTION_OTHER,1
3881,PCA/NCA HYDROMORPHONE 2 MG/ML 50 ML_OTHER,1
3882,DAPSONE_ORAL,1
3883,"D12.5W 500 ML + SODIUM CHLORIDE, IVF 40 MEQ + POTASSIUM ACETATE, IVF 12.5 MEQ + POTASSIUM PHOSPHATE_IV",1
3884,PROTAMINE_IV,1
3885,SOLU-CORTEF_ORAL,1
3886,ESTRADIOL 0.5 MG TABLET_ORAL,1
3887,IC VIENVA (BIRTH CONTROL)_ORAL,1
3888,INTRALIPID 20% INTRAVENOUS EMULSION 62 ML_IV,1
3889,"D10W 1/2 NS 1,000 ML + SODIUM ACETATE, IVF 10 MEQ_IV",1
3890,"D10W 1,000 ML + SODIUM CHLORIDE, IVF 100 MEQ + POTASSIUM CHLORIDE, IVF 20 MEQ_IV",1
3891,MOTEGRITY_ORAL,1
3892,FENTANYL NASAL_INHALATION,1
3893,"WATER FOR IRRIGATION, STERILE SOLUTION_OTHER",1
3894,MMJ_ENTERAL,1
3895,KETOTIFEN_ENTERAL,1
3896,NITROFURANTOIN MACROCRYSTALS-MONOHYDRATE 100 MG ORAL CAPSULE_ENTERAL,1
3897,MORPHINE 10 MG/ML INTRAVENOUS SOLUTION_INTRAMUSCULAR,1
3898,BENZTROPINE 1 MG/ML INJECTION SOLUTION_IV,1
3899,SUMATRIPTAN_ENTERAL,1
3900,METHYLENE BLUE 5 MG/ML INTRAVENOUS SOLUTION_OTHER,1
3901,"SODIUM CHLORIDE 0.45% 3,000 ML + POTASSIUM CHLORIDE, IVF 30 MEQ + SODIUM BICARBONATE, IVF 120 MEQ_IV",1
3902,PYRIDOSTIGMINE BROMIDE 60 MG TABLET_ORAL,1
3903,HYDROXYZINE HCL 10 MG/5 ML ORAL SOLUTION_ENTERAL,1
3904,"D5W 1/2NS 1,000 ML + SODIUM BICARBONATE, IVF 75 MEQ_IV",1
3905,GLYCEROL PHENYLBUTYRATE 1.1 GRAM/ML ORAL LIQUID_ENTERAL,1
3906,SAPROPTERIN 100 MG PACKET_ORAL,1
3907,GABA_ORAL,1
3908,PRAZOSIN 1 MG CAPSULE_ENTERAL,1
3909,"D10W 500 ML + AMMONUL 5,000 MG + ARGININE 4,000 MG_IV",1
3910,FEXOFENADINE HYDROCLORIDE_ENTERAL,1
3911,PYRIDOSTIGMINE BROMIDE 60 MG TABLET_ENTERAL,1
3912,GLYCERIN PHENYLBUTYRATE_ENTERAL,1
3913,"D10W 433 ML + AMMONUL 4,325 MG + ARGININE 3,460 MG_IV",1
3914,TYLENOL_ORAL,1
3915,ESCITALOPRAM_ENTERAL,1
3916,CHOLECALCIFEROL_ENTERAL,1
3917,INSULIN ASPART 100 UNIT/ML (NOVOLOG) CARBOHYDRATE RATIO_SUBCUTANEOUS,1
3918,BREVARACETAM_ENTERAL,1
3919,BREXPIPRAZOLE (REXULTI) 2 MG TAB_ORAL,1
3920,"D5W 1,000 ML + SODIUM ACETATE, IVF 80 MEQ + SODIUM CHLORIDE, IVF 80 MEQ_IV",1
3921,"D5W NS 1,000 ML + SODIUM BICARBONATE, IVF 9 MEQ_IV",1
3922,VOXELOTOR_ORAL,1
3923,"OXCARBAZEPINE 600 MG ORAL TABLET, EXTENDED RELEASE_ORAL",1
3924,LIDOCAINE 1% (BUFFERED) INJECTABLE SOLUTION._SUBCUTANEOUS,1
3925,ALBUTEROL/IPRATROPIUM_INHALATION,1
3926,MOMETASONE_INHALATION,1
3927,CBD_ENTERAL,1
3928,AZSTARYS_ORAL,1
3929,SUCCINYLCHOLINE_IV,1
3930,ETHINYL ESTRADIOL-NORETHINDRONE (BLISOVI 24 FE)_ORAL,1
3931,BENZONATATE 100 MG CAPSULE_ORAL,1
3932,VALPROIC ACID SYRUP_IV,1
3933,DEXTROSE 5% WITH 0.45% NACL 500 ML_IV,1
3934,LEVORNORGESTREL AND ETHINYL ESTRADIOL TABLET  ( 0.1 MG/0.02 MG) AND ETHINYL ESTRADIOL TABLETS USP (_ORAL,1
3935,METRONIDAZOLE 250 MG TABLET_ENTERAL,1
3936,TRINTELLIX 10 MG TAB_ORAL,1
3937,"D10W 470 ML + AMMONUL 4,700 MG + ARGININE 3,760 MG_IV",1
3938,"D10W 453 ML + AMMONUL 4,525 MG + ARGININE 3,620 MG_IV",1
3939,CEFIDEROCOL IV 20 MG/ML NS_IV,1
3940,AMITRIPTYLINE (BULK) POWDER_ENTERAL,1
3941,RISPERIDONE ORAL DISINTEGRATING TABLET_ENTERAL,1
3942,TYLENOL (DYE-FREE)_ORAL,1
3943,"HOME PN UNTIL BCH PN CAN BE PROVIDED 1,500 ML_IV",1
3944,HOME PN UNTIL BCH PN CAN BE PROVIDED 175 ML_IV,1
3945,"D5NS 1,000 ML + POTASSIUM CHLORIDE, IVF 40 MEQ_IV",1
3946,"HOME PN UNTIL BCH PN CAN BE PROVIDED 1,493 ML_IV",1
3947,WOMEN'S ONE A DAY MULTIVITAMIN_ORAL,1
3948,SODIUM CHLORIDE 3% 55 ML_IV,1
3949,"HOME PN UNTIL BCH PN CAN BE PROVIDED 1,200 ML_IV",1
3950,"D12.5W 1000 ML + SODIUM CHLORIDE, IVF 50 MEQ + POTASSIUM CHLORIDE, IVF 20 MEQ_IV",1
3951,PIRMELLA 7/7/7_ORAL,1
3952,OSELTAMIVIR 30 MG CAPSULE_ORAL,1
3953,SUCRALFATE_OTHER,1
3954,LAMICTAL ODT_ORAL,1
3955,SYMBICORT 80/4.5_ORAL,1
3956,DEPILATORY LOTION_OTHER,1
3957,OLOPATADINE 0.1 % EYE DROPS_BY_EYE,1
3958,ETHINYL-ESTRADIOL-NORGESTIMATE_ORAL,1
3959,METHENAMINE HIPP 1 GM TABLET_ORAL,1
3960,ADVAIR DISKUS 500 MCG-50 MCG INHALATION POWDER_INHALATION,1
3961,TETANUS IMMUNE GLOBULIN (HYPERTET S/D) PREFILLED SYRINGE 250 UNIT/ML_OTHER,1
3962,INTRALIPID 20% INTRAVENOUS EMULSION 1000 ML_IV,1
3963,AMITRIPTYLINE 1 MG/ML ENTERAL LIQUID CMPD_ORAL,1
3964,HALOBESTASOL TOPICAL 0.05%_OTHER,1
3965,INTRALIPID 20% INTRAVENOUS EMULSION 75.8 ML_IV,1
3966,CITRULLINE 400 MG CAPSULE_ENTERAL,1
3967,"D10W 435 ML + AMMONUL 4,350 MG + ARGININE 3,480 MG_IV",1
3968,BALSALAZIDE_ENTERAL,1
3969,INTRALIPID 20% INTRAVENOUS EMULSION 161 ML_IV,1
3970,INTRALIPID 20% INTRAVENOUS EMULSION 81.6 ML_IV,1
3971,"D12.5W 1,000 ML + SODIUM CHLORIDE, IVF 65 MEQ + POTASSIUM ACETATE, IVF 20 MEQ_IV",1
3972,"D10W 360 ML + AMMONUL 3,600 MG + ARGININE 2,880 MG_IV",1
3973,"D10W 274 ML + AMMONUL 2,744 MG_IV",1
3974,"FAT EMULSION, INTRAVENOUS 110 ML_IV",1
3975,STRATTERA 80MG_ORAL,1
3976,OXCARBAZEPINE 150MG TAB_ORAL,1
3977,DESVENLAFEXINE_ORAL,1
3978,SUVOREXANT 10 MG TABLETS_ORAL,1
3979,"1/2NS 400 ML + SODIUM BICARBONATE, IVF 14 MEQ_IV",1
3980,"1/2NS 300 ML + SODIUM BICARBONATE, IVF 26 MEQ_IV",1
3981,ZOLEDRONIC ACID_IV,1
3982,DOCUSATE OTIC DROPS_BY_EAR,1
3983,MENACTRA_INTRAMUSCULAR,1
3984,"NORMAL SALINE 2,500 ML_IV",1
3985,LAVELA (LAVENDER OIL)_ORAL,1
3986,AMIODARONE 5 MG/ML ENTERAL LIQUID CMPD_ENTERAL,1
3987,IBUPROFEN 600 MG_ORAL,1
3988,NADOLOL 40 MG TABLET_ORAL,1
3989,"D5W 1/2NS 1,000 ML + SODIUM BICARBONATE, IVF 50 MEQ_IV",1
3990,THIAMINE HCL (VITAMIN B1) 100 MG TABLET_ENTERAL,1
3991,ASCORBIC ACID_IV,1
3992,INTRALIPID 20% INTRAVENOUS EMULSION 64.2 ML_IV,1
3993,KCENTRA_IV,1
3994,CALCITONIN_INTRAMUSCULAR,1
3995,OXYMETAZOLINE 0.05 % NASAL SPRAY_TOPICAL,1
3996,MINOXIDIL 1 MG/ML ENTERAL LIQUID CMPD_ENTERAL,1
3997,IMATINIB 40 MG/ML ENTERAL LIQUID CMPD (NON-ONC)_ENTERAL,1
3998,MIDAZOLAM INFUSION 50 MG [2 MG/HR] + NS 50 ML_IV,1
3999,"D5W 1000 ML + SODIUM CHLORIDE, IVF 100 MEQ + SODIUM ACETATE, IVF 50 MEQ + POTASSIUM CHLORIDE, IVF 1_IV",1
4000,D5W NS 45 ML_IV,1
4001,TRIAMCINOLONE 0.1% CREAM_OTHER,1
4002,MERCAPTOPURINE 50 MG TABLET_ORAL,1
4003,NEPRONEX_ENTERAL,1
4004,"D5W NS 1,000 ML [90 ML/KG]_IV",1
4005,UBIQUINOL_ORAL,1
4006,SULFAMETHOXAZOLE 800 MG-TRIMETHOPRIM 160 MG TABLET_ORAL,1
4007,TRUVADA 133 MG-200 MG ORAL TABLET_ORAL,1
4008,PHENYLEPHRINE 0.25 % NASAL SPRAY_NASAL,1
4009,PYRIDOXINE 100 MG/ML ENTERAL LIQUID_ENTERAL,1
4010,"D5W 1/2NS 1,000 ML + SODIUM BICARBONATE, IVF 77 MEQ_IV",1
4011,"D5W 1/2NS 1,000 ML + POTASSIUM CHLORIDE, IVF 20 MEQ + POTASSIUM ACETATE 20 MEQ_IV",1
4012,POTAS AND SOD CITRATE-CITRIC ACID 550 MG-500 MG-334 MG/5 ML ORAL SOLN_ORAL,1
4013,CEFTRIAXONE 2 GRAM/50 ML IN DEXTROSE (ISO-OSM) INJECTION (FROM PREMIX)_OTHER,1
4014,ALBUTEROL 2.5 MG/0.5 ML (0.5%) INHALATION SOLUTION_INHALATION,1
4015,COLACE_OTHER,1
4016,VITAMIN B COMPLEX-VITAMIN C-FOLIC ACID 0.8 MG TABLET_ORAL,1
4017,SELEXIPAG 200MCG-800 MCG TABLET_ORAL,1
4018,VITAMIN A AND D TOPICAL OINTMENT_OTHER,1
4019,D5W 1/2NS 794 ML_IV,1
4020,LOW-OGESTEROL 0.3 MG-30 MCG_ORAL,1
4021,TRIHEXYPHENIDYL 5MG TABLET_ORAL,1
4022,VORICONAZOLE 40 MG/ML ENTERAL LIQUID_ENTERAL,1
4023,BOSENTAN 6.25 MG/ML ENTERAL LIQUID CMPD_ENTERAL,1
4024,LAMICTAL 5 MG CHEWABLE DISPERSIBLE TABLET_ORAL,1
4025,OXYCODONE 5 MG/5 ML ORAL SOLUTION_ENTERAL,1
4026,MAGNESIUM SULFATE 500 MG/ML ENTERAL LIQUID CMPD_ENTERAL,1
4027,VORICONAZOLE 40 MG/ML ENTERAL LIQUID_ORAL,1
4028,ESTAZOLAM_ORAL,1
4029,NORMAL SALINE 540 ML_IV,1
4030,CYCLOSPORINE MODIFIED 100 MG/ML ENTERAL LIQUID_ENTERAL,1
4031,ADVATE_IV,1
4032,"TACROLIMUS 5 MG CAPSULE, IMMEDIATE-RELEASE_ORAL",1
4033,D5W NS 320 ML_IV,1
4034,COENZYME Q10 100 MG CAPSULE_ENTERAL,1
4035,PCA/NCA HYDROMORPHONE 0.5 MG/ML 15 MG + SODIUM CHLORIDE 0.9% 30 ML_OTHER,1
4036,DEXTROMETHORPHAN-GUAIFENESIN 10 MG-100 MG/5 ML ORAL SYRUP_ORAL,1
4037,PCA/NCA MORPHINE 3 MG/ML 50 MG + SODIUM CHLORIDE 0.9% 50 ML_OTHER,1
4038,"VITAMIN E (DL, ACETATE) 45 MG (100 UNIT) CAPSULE_ORAL",1
4039,MORPHINE 1 MG/ML (1 ML) IN 0.9 % SODIUM CHLORIDE INTRAVENOUS SYRINGE_IV,1
4040,HYDROMORPHONE 1 MG/ML ORAL LIQUID_ORAL,1
4041,D5W NS 1000 ML [100 ML/KG]_IV,1
4042,LEXAPRO_ORAL,1
4043,ONDANSETRON HCL 4 MG/5 ML ORAL SOLUTION_OTHER,1
4044,"D12.5W 1,000 ML + POTASSIUM ACETATE, IVF 34 MEQ + SODIUM CHLORIDE, IVF 65 MEQ + CALCIUM GLUCONATE,_IV",1
4045,"D5W NS 1,000 ML + CALCIUM GLUCONATE, IVF 4,000 MG_IV",1
4046,NIFEDIPINE 10 MG TABLETS_ORAL,1
4047,METOPROLOL_ORAL,1
4048,CARBIDOPA 25 MG/ LEVODOPA 100 MG_ORAL,1
4049,MELATONIN GUMMY_ORAL,1
4050,DEXAMETHASONE 0.5 MG TABLET_ORAL,1
4051,TRILEPTAL_ENTERAL,1
4052,RALTEGRAVIR 400 MG ORAL TABLET_ORAL,1
4053,RIFAMPIN 300 MG CAPSULE_ORAL,1
4054,ISONIAZID 100 MG TABLET_ENTERAL,1
4055,RIFAMPIN 25 MG/ML ENTERAL LIQUID CMPD_ENTERAL,1
4056,HAEMOPHILUS B CONJUGATE (PRP-T) VACCINE_INTRAMUSCULAR,1
4057,MYCOPHENOLATE 500 MG_ORAL,1
4058,NS BOLUS_INHALATION,1
4059,SPRINTEC (NORGESTIMATE AND ETHINYL ESTRADIOL TABLET USP 0.25 MG/0.035 MG)_ORAL,1
4060,MERCAPTOPURINE 20 MG/ML ORAL SUSPENSION (NON-ONC)_ORAL,1
4061,"D10W 600 ML + SODIUM ACETATE, IVF 27 MEQ + SODIUM CHLORIDE, IVF 12 MEQ_IV",1
4062,"D10W 1,000 ML + SODIUM ACETATE, IVF 45 MEQ + SODIUM CHLORIDE, IVF 20 MEQ_IV",1
4063,LACTULOSE_RECTAL,1
4064,METOCLOPRAMIDE 5 MG/5 ML ORAL SOLUTION_ORAL,1
4065,TADALAFIL 4 MG/ML ENTERAL LIQUID_ORAL,1
4066,MERCAPTOPURINE_OTHER,1
4067,HOME PN UNTIL BCH PN CAN BE PROVIDED 500 ML_IV,1
4068,TIZANIDINE 4 MG TABLET_ENTERAL,1
4069,CEFTAZIDIME INHALATION_INHALATION,1
4070,LORAZEPAM 0.5 MG TABLET_OTHER,1
4071,SPIKEVAX (2023-2024) PF (CVX 312)_INTRAMUSCULAR,1
4072,BUDESONIDE 0.5 MG/2 ML INHALATION SUSPENSION_OTHER,1
4073,"D10W 1/2 NS 1000 ML + POTASSIUM ACETATE, IVF 10 MEQ + POTASSIUM PHOSPHATE, IVF 10 MEQ_IV",1
4074,"D10W 1/2 NS 1,000 ML + POTASSIUM ACETATE, IVF 10 MEQ_IV",1
4075,INSULIN PUMP - 12U_SUBCUTANEOUS,1
4076,LISPRO_OTHER,1
4077,"D5W NS 1,000 ML + POTASSIUM PHOSPHATE, IVF 40 MEQ_IV",1
4078,FOSFOMYCIN TROMETHAMINE 3 GRAM ORAL PACKET_ORAL,1
4079,PAXLOVID 300 MG-100 MG DOSE PACK ORAL TABLET_ORAL,1
4080,METHYLPHENIDATE  JORNAY PM_ORAL,1
4081,SODIUM CHLORIDE 3% 72 ML_IV,1
4082,"LEUPROLIDE 22.5 MG/3 MONTHS INTRAMUSCULAR INJECTION, EXTENDED RELEASE_INTRAMUSCULAR",1
4083,FENFLURAMIDE_ORAL,1
4084,TIMOLOL MALEATE 0.5 % EYE DROPS_TOPICAL,1
4085,DOCUSATE SODIUM 50 MG CAPSULE_ORAL,1
4086,OMEGAVEN 10% INTRAVENOUS EMULSION 864 ML_IV,1
4087,BLISOVI 24 FE_ORAL,1
4088,DICYCLOMINE 10 MG/5 ML ORAL SOLUTION_ORAL,1
4089,LORAZEPAM 0.5 MG TABLET_ENTERAL,1
4090,ARTESUNATE 10 MG/ML INJECTION (WET VIAL)_IV,1
4091,LIDOCAINE (PF) 20 MG/ML (2 %) INJECTION SOLUTION_SUBCUTANEOUS,1
4092,CARBAMAZEPINE 100 MG CHEWABLE TABLET_ORAL,1
4093,UBIQUINONE 10 MG/ML ENTERAL LIQUID CMPD_ENTERAL,1
4094,FIDAXOMICIN 200 MG TABLET_ORAL,1
4095,ITRACONAZOLE 10 MG/ML ENTERAL LIQUID_ORAL,1
4096,FENFLURAMINE 2.2MG/ML_ORAL,1
4097,MULTIVITAMIN WITH MINERALS_ORAL,1
4098,MEROPENEM_OTHER,1
4099,MYCOPHENOLATE MOFETIL 200 MG/ML ENTERAL LIQUID CMPD_ENTERAL,1
4100,PHENOBARBITAL 30 MG ORAL TABLET_ORAL,1
4101,BAMLANIVIMAB/ETESVIMAB_IV,1
4102,ONDANSETRON_INTRAMUSCULAR,1
4103,FINTEPLA 2.2MG/ML ORAL SOLUTION_ORAL,1
4104,LEUCOVORIN CALCIUM 5 MG TABLET (NON-ONC)_ENTERAL,1
4105,PARENTERAL NUTRITION 2760 ML_IV,1
4106,OMEGA-3 ACID ETHYL ESTERS 1 GRAM CAPSULE_ORAL,1
4107,NIFEDIPINE 10 MG CAPSULE_ORAL,1
4108,FENTANYL (PF) 10 MCG/ML IN NS 50 ML IV SYRINGE_IV,1
4109,POLYETHYLENE GLYCOL 3350_ORAL,1
4110,ROSUVASTATIN_ORAL,1
4111,GLUCAGON 1 MG SOLUTION FOR INJECTION_IV,1
4112,GUAIFENESIN 100 MG/5 ML ORAL LIQUID_ORAL,1
4113,ACYCLOVIR INJECTION 5 MG/ML NS_IV,1
4114,MEBENDAZOLE 100 MG CHEWABLE TABLET_ORAL,1
4115,CYCLOPENTOLATE-PHENYLEPHRINE 0.2 %-1 % EYE DROPS_BY_EYE,1
4116,MECLIZINE 12.5 MG TABLET_ORAL,1
4117,SODIUM PERTECHNETATE TC-99M INTRAVENOUS SOLUTION_IV,1
4118,EPINEPHRINE 10 MCG/ML IN D5W 50 ML (BCH PREMIX)_IV,1
4119,ARTIFICIAL TEARS (HYPROMELLOSE) 0.5 % EYE DROPS_BY_EYE,1
4120,MORPHINE 2 MG/ML INJECTION SOLUTION_OTHER,1
4121,INSULIN U-100 REGULAR HUMAN 100 UNIT/ML INJECTION SOLUTION_SUBCUTANEOUS,1
4122,VALGANCICLOVIR 50 MG/ML ORAL SOLN CMPD_ORAL,1
4123,IRON VEGAN GUMMIES_ORAL,1
4124,TRIMETHOBENZAMIDE_ORAL,1
4125,NEFARELIN_NASAL,1
4126,MINERAL OIL TOPICAL_TOPICAL,1
4127,ETANERCEPT 25 MG/0.5 ML (0.5 ML) SUBCUTANEOUS SYRINGE_SUBCUTANEOUS,1
4128,UNABLE TO FIND_INTRAMUSCULAR,1
4129,GABAPENTIN (SF) 10 MG/ML ENTERAL LIQUID CMPD_ENTERAL,1
4130,METOCLOPRAMIDE 10 MG TABLET_ENTERAL,1
4131,DEPAKINE_ENTERAL,1
4132,LIDOCAINE (PF) 10 MG/ML (1 %) INJECTION SOLUTION_SUBCUTANEOUS,1
4133,L-ARGININE/L-CITRULLINE_ORAL,1
4134,OMEPRAZOLE 20MG TABLETS_ORAL,1
4135,HYDROMORPHONE_INTRAMUSCULAR,1
4136,CARVEDILOL 3.125 MG TABLET_ORAL,1
4137,SODIUM POLYSTYRENE SULFONATE 15 GRAM-SORBITOL 20 GRAM/60 ML ORAL SUSP_ORAL,1
4138,POTASSIUM CHLORIDE DOSE (PIV)_ORAL,1
4139,"MIRABEGRON ER 8 MG/ML ORAL SUSPENSION,EXTENDED RELEASE_ORAL",1
4140,LIDOCAINE OTIC (EAR PAIN MD) 4 % (12.5 ML) BOTTLE_BY_EAR,1
4141,CITALOPRAM 10 MG TABLET_ORAL,1
4142,CITRACAL_ORAL,1
4143,POSACONAZOLE 40 MG/ML ENTERAL LIQUID_ORAL,1
4144,"D12.5W 1,000 ML + SODIUM ACETATE, IVF 70 MEQ + SODIUM CHLORIDE, IVF 70 MEQ + POTASSIUM CHLORIDE, IV_IV",1
4145,FENTANYL IV 10 MCG/ML NS_IV,1
4146,TOBRAMYCIN-DEXAMETHASONE 0.3 %-0.1 % EYE OINTMENT_BY_EYE,1
4147,HYDROCODONE 5 MG-ACETAMINOPHEN 325 MG TABLET_ORAL,1
4148,"HOME PN UNTIL BCH PN CAN BE PROVIDED 1,100 ML_IV",1
4149,LANSOPRAZOLE COMPOUNDED SOLUTION_ENTERAL,1
4150,BARIUM SULFATE 60 % (W/V) ENTERAL LIQUID_ENTERAL,1
4151,D5W 1/2NS 685 ML_IV,1
4152,ADVIL_ORAL,1
4153,DEKAS PLUS ENTERAL LIQUID_ORAL,1
4154,"D5W 1,000 ML + SODIUM CHLORIDE, IVF 120 MEQ + SODIUM ACETATE, IVF 40 MEQ_IV",1
4155,SABRIL (VIGABATRIN)_ENTERAL,1
4156,NIRMATRELVIR 150 MG-RITONAVIR 100 MG TABLETS IN A DOSE PACK_ORAL,1
4157,INSULIN NPH 100 UNIT/ML_SUBCUTANEOUS,1
4158,GENVOYA TABLET_ORAL,1
4159,ORAJEL BABY 7.5% MUCOUS MEMBRANE GEL_OTHER,1
4160,BACTRIM_OTHER,1
4161,"HEPARIN (PORCINE) 1,000 UNIT/ML INJECTION SOLUTION_IV",1
4162,NITROGLYCERIN 50 MG/10 ML (5 MG/ML) INTRAVENOUS SOLUTION_IV,1
4163,MEDIUM CHAIN TRIGLYCERIDES (MCT) 7.7 KCAL/ML ORAL OIL_ENTERAL,1
4164,TRI-ESTARYLLA_ORAL,1
4165,TRI-ESTARYLIA_ORAL,1
4166,LIDOCAINE HCL INJ 1% 0.2ML (VIA J-TIP)_OTHER,1
4167,"D5W 1/2NS 1000 ML + SODIUM BICARBONATE, IVF 40 MEQ_IV",1
4168,FLUCONAZOLE 200 MG TABLET_ORAL,1
4169,LIRAGLUTIDE_SUBCUTANEOUS,1
4170,DEXTROMETHORPHAN IR 45 MG-BUPROPION ER 105 MG BIPHASIC TABLET_ORAL,1
4171,MULTIPLE VITAMINS WITH MINERALS ORAL TABLET_ENTERAL,1
4172,SODIUM POLYSTYRENE SULFONATE ORAL POWDER_ORAL,1
4173,DOXAZOSIN 1 MG TABLET_ORAL,1
4174,"LIPASE-PROTEASE-AMYLASE 3,000-10,000-14,000 UNIT CAPSULE,DELAYED REL_ORAL",1
4175,NALOXONE 1 MG/ML NASAL SOLUTION_NASAL,1
4176,CLINDAMYCIN 15 MG/ML ENTERAL LIQUID ED TAKE HOME MEDICATION_ORAL,1
4177,CEPHALEXIN 250 MG/5 ML ORAL SUSPENSION_ENTERAL,1
4178,CHLOROTHIAZIDE 250 MG/5 ML ORAL SUSPENSION_ORAL,1
4179,PHENYLEPHRINE 2.5 % EYE DROPS_BY_EYE,1
4180,"NORMAL SALINE 2,400 ML_IV",1
4181,TOPIRAMATE (BRAND MEDICALLY NECESSARY)_OTHER,1
4182,LEVALBUTEROL HFA 45 MCG/ACTUATION AEROSOL INHALER_INHALATION,1
4183,"D5W 1000 ML + SODIUM ACETATE, IVF 80 MEQ_IV",1
4184,DEFERASIROX 360 MG TABLET_ORAL,1
4185,FENTANYL_INTRAMUSCULAR,1
4186,"D5W 1/2NS 1,000 ML + POTASSIUM CHLORIDE, IVF 20 MEQ + SODIUM BICARBONATE, IVF 40 MEQ_IV",1
4187,NS 25 ML_IV,1
4188,"HOME PN UNTIL BCH PN CAN BE PROVIDED 1,550 ML_IV",1
4189,"D5W NS 1,000 ML + POTASSIUM CHLORIDE, IVF 5 MEQ_IV",1
4190,NON-FORMULARY 85 ML_IV,1
4191,LORLATINIB_ORAL,1
4192,LEVOTHYROXINE 100 MCG INTRAVENOUS POWDER FOR SOLUTION_IV,1
4193,BREXPRIPRAZOLE (REXULTI)_ORAL,1
4194,QUETIAPINE 10 MG/ML ENTERAL LIQUID CMPD_ENTERAL,1
4195,ORTHO EVRA_OTHER,1
4196,RIFABUTIN_ORAL,1
4197,EPINEPHRINE_INTRAMUSCULAR,1
4198,D10W NS BOLUS_IV,1
4199,EPINEPHRINE 40 MCG/ML IN NS 50 ML_IV,1
4200,MUPIROCIN 2% NASAL OINTMENT_NASAL,1
4201,NEPHRONEX_ORAL,1
4202,"D5W LR 1,000 ML + POTASSIUM CHLORIDE, IVF 20 MEQ_IV",1
4203,D5W NS 1000 ML + MAGNESIUM SULFATE IV DOSE 2.25 G_IV,1
4204,APX-001_ORAL,1
4205,BUDESONIDE-FORMOTEROL_INHALATION,1
4206,"D10W 1,000 ML + SODIUM ACETATE, IVF 40 MEQ + SODIUM CHLORIDE, IVF 25 MEQ_IV",1
4207,LACOSAMIDE (VIMPAT BRAND NAME)_ENTERAL,1
4208,D20W 60 ML_ENTERAL,1
4209,GADOXETATE 0.25 MMOL/ML (181.43 MG/ML) INTRAVENOUS SOLUTION_IV,1
4210,SODIUM CHLORIDE 0.9% 50 ML_IV,1
4211,"SODIUM CHLORIDE 3% CONTINUOUS 1,000 ML_IV",1
4212,CARBONYL IRON_ORAL,1
4213,BOSENTAN 6.25 MG/ML ENTERAL LIQUID CMPD_ORAL,1
4214,SODIUM PHENYLBUTYRATE 200 MG/ML SOLUTION_ENTERAL,1
4215,"D5W NS 2,000 ML_IV",1
4216,MESNA + D5NS_IV,1
4217,SODIUM BENZOATE 10%_ENTERAL,1
4218,"D5W 1/2NS 1,000 ML + POTASSIUM CHLORIDE, IVF 20 MEQ + MAGNESIUM SULFATE, IVF 2,000 MG_IV",1
4219,FEBUXOSTAT_ORAL,1
4220,CAMILA_ORAL,1
4221,"1/2NS 1000 ML + SODIUM BICARBONATE, IVF 80 MEQ_IV",1
4222,FOSMANOGEPIX (APX-001)_ORAL,1
4223,D5W LR 136 ML_IV,1
4224,LYRICA_ORAL,1
4225,"D15W 500 ML + SODIUM CHLORIDE, IVF 40 MEQ + POTASSIUM CHLORIDE, IVF 15 MEQ_OTHER",1
4226,PROTEIN C INTRAVENOUS INJECTION_IV,1
4227,ONFI (CLOBAZAM)_ORAL,1
4228,"LR 1,000 ML + POTASSIUM CHLORIDE, IVF 20 MEQ_IV",1
4229,TADALAFIL 5 MG TABLET_ORAL,1
4230,"D5W 1,000 ML + SODIUM CHLORIDE, IVF 77 MEQ + SODIUM BICARBONATE, IVF 77 MEQ_IV",1
4231,PARENTERAL NUTRITION 4155 ML_IV,1
4232,OMEGAVEN 10% INTRAVENOUS EMULSION 150 ML_IV,1
4233,CEFPODOXIME 100 MG/5 ML ORAL SUSPENSION_ORAL,1
4234,SMOFLIPID 20% INTRAVENOUS EMULSION 300 ML_IV,1
4235,"PARENTERAL NUTRITION 2,000 ML_IV",1
4236,SMOFLIPID 20% INTRAVENOUS EMULSION 252 ML_IV,1
4237,PHENOBARBITAL 10 MG/ML_ORAL,1
4238,"D10W 1,000 ML + POTASSIUM CHLORIDE, IVF 35 MEQ + SODIUM ACETATE, IVF 30 MEQ + SODIUM CHLORIDE, IVF_IV",1
4239,"ESTRADIOL 0.0375 MG/24 HOURS TWICE WEEKLY TRANSDERMAL FILM, EXTENDED RELEASE_OTHER",1
4240,"D15W 500 ML + SODIUM CHLORIDE, IVF 30 MEQ_IV",1
4241,"D5W 1/2NS 1,000 ML + SODIUM BICARBONATE, IVF 20 MEQ_IV",1
4242,"FAT EMULSION 20%, INTRAVENOUS 360 ML_IV",1
4243,VANCOMYCIN INTRATHECAL_IV,1
4244,"D12.5W 1,000 ML + SODIUM CHLORIDE, IVF 80 MEQ + POTASSIUM CHLORIDE, IVF 30 MEQ_IV",1
4245,MOMETASONE 0.1 % TOPICAL OINTMENT_TOPICAL,1
4246,UNABLE TO FIND_INHALATION,1
4247,"POSACONAZOLE 100 MG TABLET,DELAYED RELEASE_ORAL",1
4248,CALCIUM 200 MG (AS CITRATE)-VITAMIN D3 6.25 MCG (250 UNIT) TABLET_ORAL,1
4249,"D5W 1,000 ML + SODIUM CHLORIDE 100 MEQ + SODIUM BICARBONATE, IVF 40 MEQ + POTASSIUM CHLORIDE, IVF 2_IV",1
4250,SERTRALINE 50 MG TABLET_ENTERAL,1
4251,OMEGAVEN 10% INTRAVENOUS EMULSION 84 ML_IV,1
4252,LIDOCAINE 0.5% (LOCAL ANESTHESIA) ORDER IN ML_INTRADERMAL,1
4253,NOVOSEVEN_IV,1
4254,EUCERIN TOPICAL CREAM_OTHER,1
4255,CLONIDINE_IV,1
4256,CEFPODOXIME 200 MG TABLET_ORAL,1
4257,LEVOTHYROXINE 88 MCG TABLET_ORAL,1
4258,6-MERCAPTOPURINE_ORAL,1
4259,LINACLOTIDE 72 MCG CAPSULE_ORAL,1
4260,INCASSIA_ORAL,1
4261,VERAPAMIL 120 MG TABLET_ORAL,1
4262,SODIUM CHLORIDE 3% CONTINUOUS 1000 ML [1 ML/KG/HR]_IV,1
4263,SODIUM CHLORIDE 3% CONTINUOUS 1000 ML [2 ML/KG/HR]_IV,1
4264,ORNITHINE_ORAL,1
4265,INCASSIA OCP_ORAL,1
4266,PAXLOVID_ORAL,1
4267,POLYMIXIN EYE DROPS_OTHER,1
4268,HYDROCORTISONE SOD SUCCINATE (PF) 100 MG/2 ML SOLUTION FOR INJECTION_INTRAMUSCULAR,1
4269,HM-METFORMIN LIQUID 500MG_ORAL,1
4270,PFIZER-BIONTECH COVID-19 (12Y+) BIVALENT BOOSTER VACCINE PF_INTRAMUSCULAR,1
4271,D5W 1/2NS 400 ML_IV,1
4272,PREVACID_ORAL,1
4273,D5W LR 150 ML_IV,1
4274,ORNITHIN_ENTERAL,1
4275,TOPAMAX_ENTERAL,1
4276,VITAMIN A PALMITATE 250 MCG-VIT C 50 MG-VIT D3 10 MCG/ML ORAL DROPS_ORAL,1
4277,SODIUM CHLORIDE 3% CONTINUOUS_IV,1
4278,LEVETIRACETAM 500 MG/5 ML (5 ML) ORAL SOLUTION_ENTERAL,1
4279,NEURONTIN 250 MG/5 ML ORAL SOLUTION_ENTERAL,1
4280,ARTIFICIAL TEARS OPHTHALMIC OINTMENT_BY_EYE,1
4281,ACETIC ACID 0.25% IRRIGATION SOLUTION_OTHER,1
4282,INDOXIMOD 600 MG TABLET_ORAL,1
4283,LANSOPRAZOLE 3 MG/ML ENTERAL LIQUID CMPD_ORAL,1
4284,DIGOXIN 50 MCG/ML (0.05 MG/ML) ORAL SOLUTION_ENTERAL,1
4285,CLONAZEPAM 0.5 MG TABLET_ENTERAL,1
4286,"HOME PN UNTIL BCH PN CAN BE PROVIDED 1,650 ML_IV",1
4287,MICROGYNON ED_ORAL,1
4288,METHYLENE BLUE 5 MG/ML INTRAVENOUS SOLUTION_IV,1
4289,TIMOLOL MALEATE 0.5% OPHTHALMIC GEL FORMING SOLUTION_OTHER,1
4290,RIFAMPIN_IV,1
4291,UBIQUINONE 10 MG/ML ENTERAL LIQUID CMPD_ORAL,1
4292,RIBOFLAVIN 50 MG/ML ENTERAL LIQUID CMPD_ORAL,1
4293,D5W FLUSH_IV,1
4294,DEXTROSE 5% WITH 0.45% NACL 2900 ML_IV,1
4295,NEOSPORIN OPHTHALMIC OINTMENT_BY_EYE,1
4296,ACETAMINOPHEN 160 MG/5 ML ENTERAL LIQUID - DYE FREE_ENTERAL,1
4297,CETIRIZINE 1 MG/ML ORAL SOLUTION_ENTERAL,1
4298,BINIMETINIB_ENTERAL,1
4299,ERTAPENEM 280 MG/ML IN LIDOCAINE 1% IM INJ (SIMPLE)_INTRAMUSCULAR,1
4300,CYCLOSPORINE MODIFIED 25 MG CAPSULE_ORAL,1
4301,ATENOLOL 2 MG/ML PO SUSP CMPD_ORAL,1
4302,"D10W 1,000 ML + SODIUM CHLORIDE, IVF 40 MEQ + SODIUM ACETATE, IVF 120 MEQ_IV",1
4303,ATOVAQUONE 150 MG/ML ENTERAL LIQUID_ENTERAL,1
4304,TERBINAFINE_ORAL,1
4305,ASENAPINE (SAPHRIS)_ORAL,1
4306,DIVALPROEX SODIUM 500 MG ORAL DELAYED RELEASE TABLET_ORAL,1
4307,ONDANSETRON ORALLY DISINTEGRATING TAB_ENTERAL,1
4308,PYRIMETHAMINE_ORAL,1
4309,INV-KETAMINE ORAL LIQ 10 MG/ML (P00038432)_ORAL,1
4310,"LIPASE-PROTEASE-AMYLASE 10,000-32,000-42,000 UNIT CAPSULE,DELAYED REL_ORAL",1
4311,HUMIRA PEN_SUBCUTANEOUS,1
4312,"HOME PN UNTIL BCH PN CAN BE PROVIDED 1,900 ML_IV",1
4313,DILTIAZEM 30 MG TABLET_ORAL,1
4314,SODIUM BICARBONATE (PROCEDURAL)_ENTERAL,1
4315,D10W 20 ML_IV,1
4316,POTASSIUM CHLORIDE DOSE (CVL)_OTHER,1
4317,"PEDIATRIC MULTIVITAMIN NO.61-VIT D3 3,000 UNIT-VIT K 800 MCG CAPSULE_ORAL",1
4318,DIPHENHYDRAMINE / MINTOX 1:1 ENTERAL LIQUID CMPD_ORAL,1
4319,CALCIUM GLUCONATE DOSE (PIV)_OTHER,1
4320,NORETHINDRONE ACETATE AND ETHINYL ESTRADIOL_ORAL,1
4321,DIAZOXIDE 50 MG/ML ORAL SUSPENSION_ENTERAL,1
4322,METHLYPHENIDATE ER_ORAL,1
4323,RIZATRIPTAN_ORAL,1
4324,PEG 3350-ELECTROLYTES 236 GRAM-22.74 GRAM-6.74 GRAM-5.86 GRAM SOLUTION_ORAL,1
4325,MORPHINE 2 MG/ML INTRAVENOUS SYRINGE_OTHER,1
4326,ALBUTEROL 140 MG IN NS 48 ML_INHALATION,1
4327,NITROFURANTOIN MACROCRYSTALS-MONOHYDRATE 100 MG ORAL CAPSULE_ORAL,1
4328,MAALOX_OTHER,1
4329,NORMAL SALINE 1000 ML + CALCIUM GLUCONATE 4000 MG_IV,1
4330,VALACYCLOVIR 50 MG/ML (FROM TAB) ENTERAL LIQUID CMPD_ORAL,1
4331,"D5W 1,000 ML + SODIUM CHLORIDE, IVF 120 MEQ_IV",1
4332,HOME PN UNTIL BCH PN CAN BE PROVIDED 825 ML_IV,1
4333,D10W 1/2 NS 840 ML_IV,1
4334,"D7.5W 1,000 ML + SODIUM CHLORIDE, IVF 50 MEQ + SODIUM ACETATE, IVF 65 MEQ + POTASSIUM CHLORIDE, IVF_IV",1
4335,VAXELIS_INTRAMUSCULAR,1
4336,BENADRYL_OTHER,1
4337,LIDOCAINE 1% (LOCAL ANESTHESIA) ORDER IN ML_INHALATION,1
4338,BICTEGRAVIR/EMTRICITABINE/TENOFOVIR_ORAL,1
4339,ROWASA ENEMA_RECTAL,1
4340,ROPIVACAINE 0.2% INJECTABLE SOLUTION_OTHER,1
4341,CALCIUM WITH VITAMIN D3_ORAL,1
4342,METHYLPHENIDATE (DAYTRANA) 10MG_OTHER,1
4343,CALCIUM CHLORIDE DOSE (CVL)_IV,1
4344,SMOFLIPID 20% INTRAVENOUS EMULSION 100 ML_IV,1
4345,TRAMETINIB_ORAL,1
4346,D5W LR 900 ML_IV,1
4347,LEVOTHYROXINE 100 MCG TABLET_ORAL,1
4348,INSULIN SUBCUTANEOUS PUMP (ASPART) 100 UNIT/ML INSULIN PUMP INFUSION_SUBCUTANEOUS,1
4349,"CLONIDINE 0.1 MG/12 HR ORAL TABLET, EXTENDED RELEASE_ENTERAL",1
4350,MICRHOGAM_INTRAMUSCULAR,1
4351,"VICTOZA, 18MG/3ML_SUBCUTANEOUS",1
4352,BOSENTAN 62.5 MG TABLET_ORAL,1
4353,AMILLORIDE (1MG/ML) COMPOUND_ENTERAL,1
4354,PEDIATRIC MULTIVITAMIN NO.192 250 MCG-50 MG-10 MCG/ML ORAL DROPS_ORAL,1
4355,ELEXACAFTOR 100 MG-TEZACAF 50MG-IVACAF 75MG(D)/IVACAF 150MG(N) TABLETS_ORAL,1
4356,TRISEBA_SUBCUTANEOUS,1
4357,LISPRO (INSULIN)_ORAL,1
4358,"D5W 1,000 ML + SODIUM CHLORIDE, IVF 35 MEQ + SODIUM ACETATE, IVF 115 MEQ_IV",1
4359,"D5W 1,000 ML + SODIUM ACETATE, IVF 115 MEQ + SODIUM CHLORIDE, IVF 35 MEQ_IV",1
4360,"ZENPEP 25,000 UNITS, 79,000 UNITS, 105,000 UNITS_ORAL",1
4361,NORTRIPTYLINE 10 MG CAPSULE_ORAL,1
4362,LETERMOVIR_ENTERAL,1
4363,BETAMETHASONE DIPROPIONATE 0.05 % TOPICAL OINTMENT_TOPICAL,1
4364,ALUMINUM-MAG HYDROXIDE-SIMETHICONE 200 MG-200 MG-20 MG/5 ML ORAL SUSP_ENTERAL,1
4365,CYCLOSPORINE MODIFIED_ENTERAL,1
4366,PYRAZINAMIDE_ORAL,1
4367,"SODIUM CHLORIDE 1,000 MG SOLUBLE TABLET_ENTERAL",1
4368,"LANSOPRAZOLE 15 MG CAPSULE,DELAYED RELEASE_ORAL",1
4369,MERCAPTOPURINE 20 MG/ML ORAL SUSPENSION_ORAL,1
4370,CALCIUM 650 MG-VITAMIN D3 12.5 MCG-VITAMIN K 40 MCG CHEWABLE TABLET_ORAL,1
4371,"(GABAPENTIN, AMITRIPTYLINE, BACLOFEN, LIDOCAINE, KETAMINE)_OTHER",1
4372,"D5W NS 1,000 ML + POTASSIUM CHLORIDE, IVF 80 MEQ_IV",1
4373,GYCLOPYRROLATE_ENTERAL,1
4374,FLUTICASONE PROPIONATE 115 MCG-SALMETEROL 21 MCG/ACTUATION HFA INHALER_INHALATION,1
4375,LITHIUM CARBONATE 300MG XR TABLET_ORAL,1
4376,HUMALOG 75/25 KWIKPEN_OTHER,1
4377,ALBUTEROL 70 MG IN NS 24 ML_INHALATION,1
4378,ANAKINRA 100 MG/0.67 ML SUBCUTANEOUS SYRINGE_SUBCUTANEOUS,1
4379,LAMOTRIGINE ODT_ORAL,1
4380,"CISAPRIDE (INVESTIGATIONAL, HOME SUPPLY)_ORAL",1
4381,NORTREL 0.5/35_ORAL,1
4382,BRAND NAME ONFI_ENTERAL,1
4383,BRAND NAME BANZEL_ENTERAL,1
4384,CANNIBIDIOL_ORAL,1
4385,"DIVALPROEX, EXTENDED RELEASE (DISPENSED AS DEPAKOTE ER)_ENTERAL",1
4386,"D5W NS 1,000 ML + POTASSIUM PHOSPHATE, IVF 10 MEQ_IV",1
4387,ONFI_ENTERAL,1
4388,SRONYX (LEVONORGESTREL AND ETHINYL ESTRADIOL TABLETS USP)_ORAL,1
4389,QELBREE EXTENDED RELEASE_ORAL,1
4390,"D10W 1,000 ML + POTASSIUM CHLORIDE, IVF 20 MEQ_IV",1
4391,"D10W 1,395 ML + AMMONUL 8,690 MG_IV",1
4392,CLOBAZAM (BRAND MEDICALLY NECESSARY)_ENTERAL,1
4393,INTRALIPID 20% INTRAVENOUS EMULSION 266.88 ML_IV,1
4394,INSULIN LISPRO DILUTION 10 UNIT/ML (HUMALOG) SLIDING SCALE_SUBCUTANEOUS,1
4395,PHENYTOIN 50 MG CHEWABLE TABLET_ORAL,1
4396,CALCIUM CITRATE 315 MG/ CHOLECALCIFEROL 250 UNITS_ORAL,1
4397,ALYACEN_ORAL,1
4398,REGULAR INSULIN 500UNITS/ML_SUBCUTANEOUS,1
4399,"LIDOCAINE 2% WITH EPINEPHRINE 1:100,000 INJ_OTHER",1
4400,DESMOPRESSIN HIGH STRENGTH NASAL SPRAY (STIMATE)_NASAL,1
4401,"LEUPROLIDE 11.25 MG/3 MONTHS INTRAMUSCULAR INJECTION, EXTENDED RELEASE_INTRAMUSCULAR",1
4402,ECONAZOLE 1% TOPICAL CREAM_OTHER,1
4403,CONCERTA ER 27 MG TABLET_ORAL,1
4404,SINEMET 2.5 MG/10 MG/2.5 ML_ORAL,1
4405,VIGABATRIN 50 MG/ML ORAL LIQUID_ENTERAL,1
4406,N-ACETYL CYSTEINE_ORAL,1
4407,TAURINE_ORAL,1
4408,"METHYLPHENIDATE 10 MG/9 HR TRANSDERMAL FILM, EXTENDED RELEASE_TOPICAL",1
4409,ERYTHROMYCIN 40 MG/ML ORAL LIQUID_ENTERAL,1
4410,"N-ACETYLCYSTEINE, UBIQUINOL, LEUCOVORIN, CREATINE_ORAL",1
4411,OSELTAMIVIR 45 MG CAPSULE_ORAL,1
4412,ZONEGRAN (ZONISAMIDE)_ORAL,1
4413,DANTROLENE 25 MG CAPSULE_ENTERAL,1
4414,DANTROLENE 5 MG/ML ENTERAL LIQUID CMPD_ORAL,1
4415,TETRABENAZINE 12.5 MG TABLET_ENTERAL,1
4416,SENNA S_ENTERAL,1
4417,"BUPIVACAINE-EPINEPHRINE 0.25 %-1:200,000 INJECTION SOLUTION_SUBCUTANEOUS",1
4418,VITAMIN SUPPLEMENT FOR MITOCHONDRIAL D/O_ORAL,1
4419,NAC/UBIQUNOL/CREATINE/VIT C/LEUCOVORINE_ORAL,1
4420,FLOVENT DISKUS_INHALATION,1
4421,ANTIHEMOPHILIC FACTOR-VON WILLEBRAND FACTOR_IV,1
4422,PHENOBARBITAL 15 MG TABLET_ENTERAL,1
4423,"D10W 1,325 ML + AMMONUL 8,580 MG_IV",1
4424,CLOBAZAM (ONFI - BRANDED PRODUCT)_ENTERAL,1
4425,VERAPAMIL 50 MG/ML ENTERAL LIQUID CMPD_ORAL,1
4426,VERAPAMIL 2.5 MG/ML INTRAVENOUS SOLUTION_IV,1
4427,INTRALIPID 20% INTRAVENOUS EMULSION 500 ML_IV,1
4428,"D10W 1,238 ML + AMMONUL 8,250 MG_IV",1
4429,3-HYDROXYBUTYRATE POWDER (TRUMACRO)_ORAL,1
4430,DEPLIN_ORAL,1
4431,INTRALIPID 20% INTRAVENOUS EMULSION 312 ML_IV,1
4432,RAVICTI (GLYCEROL PHENYLBUTYRATE)_ENTERAL,1
4433,"NS 1,000 ML + POTASSIUM ACETATE, IVF 20 MEQ_IV",1
4434,CORLANOR_ORAL,1
4435,"D5W 1/2NS 1,000 ML + SODIUM BICARBONATE, IVF 40 MEQ + POTASSIUM CHLORIDE, IVF 10 MEQ_IV",1
4436,YAZ_ORAL,1
4437,DULAGLUTIDE 0.75 MG/0.5 ML_SUBCUTANEOUS,1
4438,VITAMIN D3_ORAL,1
4439,TYLENOL 32 MG/ML_ORAL,1
4440,LIDOCAINE 1% PRESERVATIVE-FREE (LOCAL ANESTHESIA) ORDER IN ML_OTHER,1
4441,SODIUM CHLORIDE 1G ORAL TABLET_ORAL,1
4442,WARFARIN 5 MG TABLET_ORAL,1
4443,INTRALIPID 20% INTRAVENOUS EMULSION 624 ML_IV,1
4444,GENTAMICIN_INHALATION,1
4445,PROGESTERONE (PROMETRIUM)_ORAL,1
4446,DROSPIRENONE ETHNYL ESTRADO_ORAL,1
4447,"LIDOCAINE 20 MG/ML (2 %)-EPINEPHRINE 1:100,000 INJECTION SOLUTION_SUBCUTANEOUS",1
4448,OCP_ORAL,1
4449,D5W NS 510 ML_IV,1
4450,TIZANADINE_ORAL,1
4451,ESLICARBAZEPINE 200 MG TABLET_ENTERAL,1
4452,"D10W 1000 ML + SODIUM CHLORIDE, IVF 75 MEQ + POTASSIUM CHLORIDE, IVF 14 MEQ_IV",1
4453,LANSOPRAZOLE SOLUTAB_ENTERAL,1
4454,ECHOTHIOPHATE IODIDE OPHTHALMOLIGIC DROPS_BY_EYE,1
4455,DROSPIRENONE AND ETHINYL ESTRADIOL TABLETS USP 3MG/0.02MG_ORAL,1
4456,"LAMOTRIGINE 25 MG ORAL TABLET, CHEWABLE DISPERSIBLE_ORAL",1
4457,SODIUM BICARBONATE RAPID BOLUS_OTHER,1
4458,KAREVA_ORAL,1
4459,INTRALIPID 20% INTRAVENOUS EMULSION 168 ML_IV,1
4460,NORGESTREL AND ETHINYL ESTRADIOL_ORAL,1
4461,ZONISAMIDE 10 MG/ML_ORAL,1
4462,NATURED MADE CLACLIUM (500 MG) AND VIT D 400 UNITS)   4 PM_ENTERAL,1
4463,ZONISAMIDE 10 MG/ML_ENTERAL,1
4464,ORTHO CYCLEN_ORAL,1
4465,SODIUM CHLORIDE IRRIGATION_ENTERAL,1
4466,D5W NS 540 ML_IV,1
4467,CALCIUM GLUCONATE DOSE (CVL)_OTHER,1
4468,PANTOPRAZOLE IV 0.8 MG/ML NS_IV,1
4469,PROGRAF (TACROLIMUS)_ORAL,1
4470,MULTIVITAMIN WITH MINERALS_ENTERAL,1
4471,KEPPRA 100 MG/ML_ENTERAL,1
4472,CANAKINUMAB_SUBCUTANEOUS,1
4473,LIDOCAINE TOPICAL_ORAL,1
4474,POLYCAL_ENTERAL,1
4475,CALCIUM CITRATE_ORAL,1
4476,ALPHA-LIPOIC ACID_ORAL,1
4477,ALPHA LIPOIC ACID_ENTERAL,1
4478,VITAMIN B-6_ENTERAL,1
4479,VITAMIN B-12_ENTERAL,1
4480,EPIDIOLEX_ENTERAL,1
4481,ZINC_ENTERAL,1
4482,COENZYME Q10_ENTERAL,1
4483,VITAMIN D3_ENTERAL,1
4484,LEUCOVORIN CALCIUM_ENTERAL,1
4485,VITAMIN B-1_ENTERAL,1
4486,VITAMIN B-2_ENTERAL,1
4487,ALPHA-LIPOIC ACID_ENTERAL,1
4488,VITAMIN C_ENTERAL,1
4489,CALCIUM_ENTERAL,1
4490,BENEPROTEIN_OTHER,1
4491,INULIN_OTHER,1
4492,ELDERBERRY SYRUP_ORAL,1
4493,MEXILETINE 10MG/ML SUSPENSION_ORAL,1
4494,ACETAMINOPHEN 650 MG RECTAL SUPPOSITORY_OTHER,1
4495,PHENOBARBITAL 15 MG ORAL TABLET_ENTERAL,1
4496,"D5W 1/2NS 2,000 ML_IV",1
4497,EPIDIOLEX 100 MG/ML_ENTERAL,1
4498,DUPILUMAB 300 MG/2 ML SUBCUTANEOUS SYRINGE_SUBCUTANEOUS,1
4499,LACTATED RINGERS 800 ML_IV,1
4500,AMINOCAPROIC ACID_ENTERAL,1
4501,NS 160 ML_IV,1
4502,"LAMOTRIGINE ER 50 MG TABLET,EXTENDED RELEASE 24 HR_ORAL",1
4503,CLOBAZEM_ENTERAL,1
4504,ADULT PN (AGE 11 YRS OR ABOVE)_IV,1
4505,OMEGAVEN 10% INTRAVENOUS EMULSION 475 ML_IV,1
4506,BACLOFEN_OTHER,1
4507,"ERGOCALCIFEROL (VITAMIN D2) 200 MCG/ML (8,000 UNIT/ML) ORAL DROPS_ORAL",1
4508,LIDOCAINE VISCOUS 2% MUCOUS MEMBRANE SOLUTION_NASAL,1
4509,LEVOTHYROXINE 50 MCG TABLET_ORAL,1
4510,"D12.5W 1000 ML + SODIUM CHLORIDE, IVF 77 MEQ_IV",1
4511,PYRIDOXINE (VIT B6)_ENTERAL,1
4512,PRAZIQUANTEL_ORAL,1
4513,NON-FORMULARY 475 ML_IV,1
4514,"D5W 1,000 ML + SODIUM CHLORIDE, IVF 70 MEQ + SODIUM ACETATE, IVF 70 MEQ_IV",1
4515,D25W BOLUS_ENTERAL,1
4516,"CREON 12,000 UNITS ORAL DELAYED RELEASE CAPSULE_ENTERAL",1
4517,RAW PROBIOTIC KIDS_OTHER,1
4518,"HOME PN UNTIL BCH PN CAN BE PROVIDED 3,300 ML_IV",1
4519,NS 50 ML_IV,1
4520,ONFI 2.5 MG/ML_ENTERAL,1
4521,D5W NS 820 ML_IV,1
4522,RISDIPLAM_ENTERAL,1
4523,CORTISPORIN OTIC SUSPENSION_BY_EAR,1
4524,PRIMADOPHILUS_ORAL,1
4525,"D12.5W 500 ML + SODIUM CHLORIDE, IVF 40 MEQ + POTASSIUM ACETATE, IVF 10 MEQ + POTASSIUM PHOSPHATE,_IV",1
4526,DALBAVANCIN_IV,1
4527,SODIUM CHLORIDE 3% 150 ML_IV,1
4528,CEFPODOXIME_ENTERAL,1
4529,INTRALIPID 20% INTRAVENOUS EMULSION 113 ML_IV,1
4530,INTRALIPID 20% INTRAVENOUS EMULSION 104 ML_IV,1
4531,"D12.5W 500 ML + SODIUM CHLORIDE, IVF 40 MEQ_IV",1
4532,"FAT EMULSION 20%, INTRAVENOUS 88.8 ML_IV",1
4533,CEFTRIAXONE_OTHER,1
4534,TIOTROPIUM BROMIDE 1.25 MCG/ACTUATION MIST FOR INHALATION_INHALATION,1
4535,JUNEL FE 1/20_ORAL,1
4536,NIFEDIPINE XL_ORAL,1
4537,D10W 50 ML_IV,1
4538,METOPROLOL TARTRATE 25 MG TABLET_ENTERAL,1
4539,INSULIN LISPRO DILUTION 10 UNIT/ML (HUMALOG) CARBOHYDRATE RATIO_SUBCUTANEOUS,1
4540,DEPAKOTE ER (DIVALPROEX ER)_ORAL,1
4541,LEVALBUTEROL_OTHER,1
4542,"D10W 1,000 ML + SODIUM ACETATE, IVF 75 MEQ + SODIUM CHLORIDE, IVF 25 MEQ_IV",1
4543,"D5W NS 1,000 ML + CALCIUM GLUCONATE, IVF 2 G_IV",1
4544,INSULIN DETEMIR (U-100) 100 UNIT/ML SUBCUTANEOUS SOLUTION_SUBCUTANEOUS,1
4545,REFRESHPLUS_BY_EYE,1
4546,"LAMOTRIGINE ER 25 MG TABLET,EXTENDED RELEASE 24 HR_ORAL",1
4547,BISOPROLOL_ENTERAL,1
4548,PEPTO-BISMOL_ORAL,1
4549,FENTANYL IV_INHALATION,1
4550,ALPRAZOLAM_ENTERAL,1
4551,MULTIVITAMIN LIQUID_ENTERAL,1
4552,HOME PN UNTIL BCH PN CAN BE PROVIDED 600 ML_IV,1
4553,GANCICLOVIR INJECTION 10 MG/ML IN NS_IV,1
4554,D5W 1/2NS 600 ML_IV,1
4555,D-GALACTOSE_ENTERAL,1
4556,GUANFACINE 0.2 MG/ML SUSPENSION_ORAL,1
4557,"CIPROFLOXACIN 0.3 %-DEXAMETHASONE 0.1 % EAR DROPS,SUSPENSION_TOPICAL",1
4558,FENTANYL INFUSION 300 MCG [0.6 MCG/KG/HR] + D5W 30 ML_IV,1
4559,TOBRAMYCIN-DEXAMETHASONE 0.3 %-0.1 % EYE OINTMENT_TOPICAL,1
4560,VIT D3_ORAL,1
4561,"DEXAMETHASONE, 6-MP_ORAL",1
4562,LIDOCAINE 1% (BUFFERED) INJECTABLE SOLUTION_SUBCUTANEOUS,1
4563,GABAPENTIN 25MG/ML SUGAR FREE_ENTERAL,1
4564,MANGANESE SULF_ENTERAL,1
4565,"D10W 1,000 ML + SODIUM CHLORIDE, IVF 154 MEQ_IV",1
4566,BENZOYL PEROXIDE TOPICAL_OTHER,1
4567,INTRALIPID 20% INTRAVENOUS EMULSION 88.8 ML_IV,1
4568,CYCLOSPORINE MODIFIED 100 MG CAPSULE_ORAL,1
4569,LIDOCAINE HCL 4 % (40 MG/ML) MUCOSAL SOLUTION_TOPICAL,1
4570,CHLORHEXIDINE 2% TOPICAL PAD_OTHER,1
4571,CBD OIL_ORAL,1
4572,CLONAZEPAM 0.1 MG/ML ENTERAL LIQUID FCH CMPD_ENTERAL,1
4573,VERSED_ENTERAL,1
4574,METRONIDAZOLE 50 MG/ML_ORAL,1
4575,FIRVANQ 50 MG/ML_ORAL,1
4576,FIORICET_ORAL,1
4577,ALLEGRA (FEXOFENADINE)_ORAL,1
4578,VANCOMYCIN 5 MG/ML INJECTION IN NS_IV,1
4579,AMITRIPTYLINE 10 MG TABLET_ENTERAL,1
4580,LIDOCAINE OTIC (EAR PAIN MD) 4 % (12.5 ML) BOTTLE_OTHER,1
4581,BIVALIRUDIN 250 MG/50 ML (5 MG/ML) INTRAVENOUS SOLUTION_IV,1
4582,D5W NS 480 ML_IV,1
4583,"D5W 1,000 ML + SODIUM CHLORIDE, IVF 50 MEQ_IV",1
4584,"NS 1000 ML + CALCIUM GLUCONATE, IVF 4000 MG_IV",1
4585,"D12.5W 1000 ML + SODIUM CHLORIDE, IVF 160 MEQ + POTASSIUM CHLORIDE, IVF 10 MEQ + MAGNESIUM SULFATE,_IV",1
4586,"D12.5W 1,000 ML + SODIUM CHLORIDE, IVF 160 MEQ + POTASSIUM CHLORIDE, IVF 10 MEQ + MAGNESIUM SULFATE_IV",1
4587,MOB BOSS THCA_ENTERAL,1
4588,EPIPEN_INTRAMUSCULAR,1
4589,"CLONIDINE 0.1 MG/24 HR TRANSDERMAL FILM, EXTENDED RELEASE_ORAL",1
4590,JUNEL FE 1/28_ORAL,1
4591,BETAXOLOL_ENTERAL,1
4592,CARBIDOPA 25 MG TABLET_ORAL,1
4593,"D5W 1/2NS 1000 ML + POTASSIUM CHLORIDE, IVF 40 MEQ_IV",1
4594,"D5W 1,000 ML + SODIUM CHLORIDE, IVF 80 MEQ + POTASSIUM PHOSPHATE, IVF 15 MMOL_IV",1
4595,NORMAL SALINE 900 ML_IV,1
4596,DILTIAZEM INFUSION 125 MG [15 MG/HR] + D5W 125 ML_IV,1
4597,KEPPRA XR 750 MG TABLET_ORAL,1
4598,"D10W 1,000 ML + SODIUM CHLORIDE, IVF 20 MEQ + SODIUM ACETATE 20 MEQ_IV",1
4599,CIMETIDINE 300 MG TABLET_ORAL,1
4600,DIPHENHYDRAMINE (SUGAR/DYE FREE)_ENTERAL,1
4601,INSULIN DEGLUDEC (U-100) 100 UNIT/ML (3 ML) SUBCUTANEOUS PEN_SUBCUTANEOUS,1
4602,AZELASTINE-FLUTICASONE NS 137 MCG - 50 MCG_NASAL,1
4603,POTASSIUM CITRATE 10 MEQ ER TAB_ENTERAL,1
4604,SOMATROPIN (OMNITROPE) 5 MG/ML SUBCUTANEOUS (WET SOLR VIAL)_SUBCUTANEOUS,1
4605,TACROLIMUS (BRAND NAME MEDICALLY NECESSARY)_ORAL,1
4606,OXYBUTYNIN PATCH CHECK_OTHER,1
4607,DILANTIN 50 MG CHEW TAB_ORAL,1
4608,"LANSOPRAZOLE 15 MG DELAYED RELEASE,DISINTEGRATING TABLET_ENTERAL",1
4609,EFFER-K EFFERVESCENT TABLET_ENTERAL,1
4610,CULTURELLE KIDS CHEWABLE_ORAL,1
4611,SINEMET_ORAL,1
4612,BUMETANIDE 0.25 MG/ML INJECTION SOLUTION_IV,1
4613,VITAMIN D3 LIQUID 10MCG/ML_ORAL,1
4614,MAE'S CBD_ENTERAL,1
4615,MINOCYCLINE 100 MG CAPSULE_ORAL,1
4616,CIPROFLOXACIN 100 MG ORAL TABLET_ENTERAL,1
4617,LACTATED RINGERS 400 ML_IV,1
4618,MESALAMNE 1.2 GRAM TABLETS_ORAL,1
4619,DROSPIRENONE (SLYNA) 4 MG TABLETS_ORAL,1
4620,RAVICTI (GLYCEROL PHENYLBUTEYRATE)_ORAL,1
4621,"FAT EMULSION 20%, INTRAVENOUS 150 ML_IV",1
4622,IVACAFTOR-TEZACAFTOR_ORAL,1
4623,"HOME PN UNTIL BCH PN CAN BE PROVIDED 2,050 ML_IV",1
4624,HOME PN UNTIL BCH PN CAN BE PROVIDED 2050 ML_IV,1
4625,DROSPIRENONE-ETHINYL ESTRADIOL (NIKKI 3MG-0.02MG)_ORAL,1
4626,ZENPEP_ORAL,1
4627,LIDOCAINE 2% PF INJECTABLE FOR IV DOSES_OTHER,1
4628,C-CITRULLINE_OTHER,1
4629,PHENOBARBITAL 30 MG TABLET_ENTERAL,1
4630,"LR 2,000 ML_IV",1
4631,METRONIDAZOLE 100 MG/ML ENTERAL LIQUID_ENTERAL,1
4632,HEPARIN_IV,1
4633,D5W 1/2NS 1920 ML_IV,1
4634,BIKTARVY TABLET_ENTERAL,1
4635,FLUTICASONE 44 MCG MDI_INHALATION,1
4636,DEXTROAMPHETAMINE EXTENDED RELEASE_ORAL,1
4637,D10W 200 ML_IV,1
4638,INTRALIPID 20% INTRAVENOUS EMULSION 264 ML_IV,1
4639,"D10W 565 ML + AMMONUL 4,730 MG_IV",1
4640,NOVOLOG_SUBCUTANEOUS,1
4641,TIROSINT_ORAL,1
4642,ISONIAZID_ENTERAL,1
4643,MULTIPLE VITAMINS ORAL LIQUID_ENTERAL,1
4644,TACROLIMUS EXTENDED RELEASE (ENVARSUS XR)_ORAL,1
4645,SILDENAFIL (PULMONARY HYPERTENSION) 20 MG TABLET_ENTERAL,1
4646,LIDOCAINE 5% TOPICAL OINTMENT_OTHER,1
4647,LIDOCAINE (PF) 20 MG/ML (2 %) INJECTION SOLUTION_OTHER,1
4648,DAYBUE_ORAL,1
4649,LINACLOTIDE 145 MG CAPSULE_ENTERAL,1
4650,PHENYTOIN SODIUM EXTENDED 30 MG CAPSULE_ORAL,1
4651,SODIUM BICARB_ORAL,1
4652,OXCARBAZEPINE 300 MG/5 ML (60 MG/ML) ORAL SUSPENSION_ORAL,1
4653,CELLCEPT_ORAL,1
4654,"MIRABEGRON ER 25 MG TABLET,EXTENDED RELEASE 24 HR_ORAL",1
4655,LORAZEPAM 1 MG TABLET_ENTERAL,1
4656,LILLOW 28_ORAL,1
4657,MAGNESIUM THREONATE_ORAL,1
4658,METOPROLOL SUCCINATE ER_ORAL,1
4659,BIKTARVY 50 MG-200 MG-25 MG ORAL TABLET_ORAL,1
4660,IBUPROFEN 250MG SPRINKLE CAPSULES_ORAL,1
4661,LIDOCAINE 1% PF FOR INHALATION OR SUCTIONING_NASAL,1
4662,"NS 1,000 ML + POTASSIUM PHOSPHATE, IVF 15 MEQ + POTASSIUM ACETATE, IVF 25 MEQ_IV",1
4663,"NS 1000 ML + POTASSIUM CHLORIDE, IVF 20 MEQ_IV",1
4664,PROCYSBI 75MG ORAL DEALYED RELEASE CAPSULE_ORAL,1
4665,ETRIVIRINE 200MG TABLET_ORAL,1
4666,"D12.5W 1,000 ML + SODIUM CHLORIDE, IVF 90 MEQ + POTASSIUM CHLORIDE, IVF 18 MEQ_IV",1
4667,"D5W 1/2NS 1,000 ML + SODIUM ACETATE, IVF 25 MEQ_IV",1
4668,TOPAMAX_ORAL,1
4669,PREDNISONE 1 MG TABLET_ORAL,1
4670,APTIOM_ORAL,1
4671,RANITIDINE IN HYDRATION FLUIDS_ENTERAL,1
4672,"LAMICTAL XR 100 MG TABLET,EXTENDED RELEASE_ORAL",1
4673,BACLOFEN 500 MCG/ML PUMP REFILL KIT (20 ML)_OTHER,1
4674,MIDAZOLAM 5 MG/ML INJECTION SOLUTION_IV,1
4675,"NS 1,000 ML_OTHER",1
4676,"HOME PN UNTIL BCH PN CAN BE PROVIDED 1,780 ML_IV",1
4677,NON-FORMULARY 215 ML_IV,1
4678,"D5W 1/2NS 1,000 ML + POTASSIUM CHLORIDE, IVF 10 MEQ + MAGNESIUM SULFATE, IVF 500 MG_IV",1
4679,"HOME PN UNTIL BCH PN CAN BE PROVIDED 1,625 ML_IV",1
4680,MAGNESIUM CITRATE_ENTERAL,1
4681,"HOME PN UNTIL BCH PN CAN BE PROVIDED 1,625.4 ML_IV",1
4682,"RISPERIDONE 1 MG ORAL TABLET, DISINTEGRATING_ORAL",1
4683,"D5W 1,000 ML + SODIUM BICARBONATE, IVF 10 MEQ + POTASSIUM CHLORIDE, IVF 10 MEQ_IV",1
4684,BISMUTH SUBSALICYLATE 262 MG/15 ML ORAL SUSPENSION_ORAL,1
4685,BLISOVI_ORAL,1
4686,NORETHINDRONE 0.35 MG_ORAL,1
4687,ONFI_ORAL,1
4688,CLINDAMYCIN PHOSPHATE 1 % TOPICAL SOLUTION_TOPICAL,1
4689,"D5W 1,000 ML + SODIUM CHLORIDE, IVF 80 MEQ + SODIUM ACETATE, IVF 80 MEQ_IV",1
4690,VITAMIN E DROPS_OTHER,1
4691,XULANE  ETHINYL ESTRADIOL-NORELGESTROMIN_TOPICAL,1
4692,K-PHOS NEUTRAL ORAL TABLET_ORAL,1
4693,ARGINIINE POWDER_ORAL,1
4694,"D12.5W 500 ML + SODIUM CHLORIDE, IVF 80 MEQ_IV",1
4695,LIDOCAINE 1% (LOCAL ANESTHESIA) ORDER IN ML_INTRAMUSCULAR,1
4696,"LIDOCAINE 0.5% WITH EPINEPHRINE 1:200,000 INJ_SUBCUTANEOUS",1
4697,ACETAZOLAMIDE (25 MG/ML ORAL LIQUID COMPOUND)_ORAL,1
4698,ENOXAPARIN 30 MG/0.3 ML SUBCUTANEOUS SYRINGE_SUBCUTANEOUS,1
4699,TOPIRAMATE 25 MG ORAL TABLET_ENTERAL,1
4700,"D5W 1,000 ML + SODIUM ACETATE 40 MEQ + SODIUM CHLORIDE, IVF 40 MEQ_IV",1
4701,CLONAZEPAM WAFER_ENTERAL,1
4702,ALUNBRIG_ORAL,1
4703,BRIGATINIB_ORAL,1
4704,SOMATROPIN (GENOTROPIN 5 MG SUBCUTANEOUS INJECTION)_SUBCUTANEOUS,1
4705,LOMOTIL_ENTERAL,1
4706,KEPPRA (100 MG/ML)_ORAL,1
4707,SODIUM CHLORIDE 3% 300 ML_IV,1
4708,OPTIRAY 320 ORAL DILUTION_OTHER,1
4709,"FAT EMULSION 20%, INTRAVENOUS 295.2 ML_IV",1
4710,IRBESARTAN 10 MG/ML SUSP_ENTERAL,1
4711,GLYDO_OTHER,1
4712,"CALCIUM 600 MG (AS CALCIUM CARBONATE 1,500 MG) TABLET_ORAL",1
4713,DOXAZOSIN_ENTERAL,1
4714,RISPERIDONE 0.5 MG TABLET_ENTERAL,1
4715,CANNABDIOL_ORAL,1
4716,DOXYCYCLINE HYCLATE 20 MG TABLET_ORAL,1
4717,MAGNESIUM CARBONATE_ORAL,1
4718,PHENOBARBITAL 30 MG TABLET_ORAL,1
4719,CRITIC-AID CLEAR AF 2% TOPICAL OINTMENT_OTHER,1
4720,10 MG MELATONIN_ENTERAL,1
4721,ONDASETRON_ENTERAL,1
4722,CEFIXIME 100 MG/5 ML ORAL SUSPENSION_ORAL,1
4723,TRANEXAMIC ACID_NASAL,1
4724,VALPROIC ACID (AS SODIUM SALT) 250 MG/5 ML (5 ML) ORAL SOLUTION_ENTERAL,1
4725,NORMAL SALINE 240 ML_IV,1
4726,INSULIN_SUBCUTANEOUS,1
4727,ACETAZOLAMIDE EXTENDED RELEASE_ORAL,1
4728,SOTALOL 80 MG TABLET_ORAL,1
4729,DULERA 100 MCG-5 MCG/INH INHALATION AEROSOL_INHALATION,1
4730,VISBIOME SUPPLIMENT_ORAL,1
4731,VIIBRYD_ORAL,1
4732,HAEGARDA (C1 ESTERASE INHIBITOR)_SUBCUTANEOUS,1
4733,PYRIMETHAMINE 25 MG TABLET_ORAL,1
4734,SODIUM CHLORIDE 3% DOSE_OTHER,1
4735,PALMETTO HARMONY CANNABINOIDS SUPPLEMENT_ENTERAL,1
4736,NADOLOL 20 MG TABLET_ORAL,1
4737,SRONYX_ORAL,1
4738,"HOME PN UNTIL BCH PN CAN BE PROVIDED 2,500 ML_IV",1
4739,"NEOMYCIN 1.75 MG-POLYMYXIN 10,000 UNIT-GRAMICIDIN 0.025MG/ML EYE DROPS_BY_EYE",1
4740,LACTATED RINGERS 600 ML_IV,1
4741,FENFLURAIMINE_ENTERAL,1
4742,FENFLURAMINE_ENTERAL,1
4743,PROCAINAMIDE 100 MG/ML INJECTION SOLUTION_IV,1
4744,TIAGABINE__ENTERAL,1
4745,"D10W 1/2 NS 1,000 ML + POTASSIUM CHLORIDE, IVF 15 MEQ_IV",1
4746,BANZEL 40 MG/ML ORAL SUSPENSION_ENTERAL,1
4747,"STERILE WATER DILUENT WITH ADDITIVES 1,000 ML + SODIUM ACETATE, IVF 154 MEQ_IV",1
4748,DRONABINOL (SYNDROS) 5MG/ML SOLUTION_ENTERAL,1
4749,"D5W 1,000 ML + SODIUM CHLORIDE, IVF 40 MEQ + SODIUM ACETATE 40 MEQ_IV",1
4750,HOME TPN_OTHER,1
4751,"D10W 1/2 NS 1,000 ML + SODIUM ACETATE, IVF 77 MEQ_IV",1
4752,MILK OF MAGNESIA_ORAL,1
4753,ACETYLCYSTEINE 200 MG/ML (20%) SOLUTION (NEBULIZER)_INHALATION,1
4754,BUPIVACAINE 0.25% PRESERVATIVE-FREE INJECTABLE SOLUTION_SUBCUTANEOUS,1
4755,POTASSIUM CITRATE ER_ENTERAL,1
4756,"CHOLECALCIFEROL (VITAMIN D3) 625 MCG (25,000 UNIT) CAPSULE_ORAL",1
4757,NORGESTIMATE 0.25 MG-ETHINYL ESTRADIOL 0.035 MG TABLET_ORAL,1
4758,"CHOLECALCIFEROL (VITAMIN D3) 1,250 MCG (50,000 UNIT) CAPSULE_ORAL",1
4759,INTRALIPID 20% INTRAVENOUS EMULSION 69.12 ML_IV,1
4760,INTRALIPID 20% INTRAVENOUS EMULSION 91.2 ML_IV,1
4761,PHYTONADIONE (VITAMIN K1) 5 MG TABLET_ORAL,1
4762,HALOPERIDOL 5 MG/ML INJECTABLE SOLUTION_INTRAMUSCULAR,1
4763,SMOFLIPID 20% INTRAVENOUS EMULSION 350 ML_IV,1
4764,THIAMINE/VITAMIN C 60MG/100MG/5ML_ENTERAL,1
4765,"TESTOSTERONE 2 MG/24 HR TRANSDERMAL FILM, EXTENDED RELEASE_TOPICAL",1
4766,TESTOSTERONE PATCH CHECK_OTHER,1
4767,VITAMIN A_ORAL,1
4768,CAMILA_ENTERAL,1
4769,HYDROXYZINE_INTRAMUSCULAR,1
4770,MESALAMINE DR 1.2G TAB_ORAL,1
4771,"NS 1,250 ML_IV",1
4772,COENZYME Q-10/NAC (FIXED OIL)_ENTERAL,1
4773,"ZENPEP 15,000 UNITS-47,000 UNITS-63,000 UNITS ORAL DELAYED RELEASE CAPSULE_ORAL",1
4774,"BUPIVACAINE-EPINEPHRINE 0.25%-1:200,000 INJECTABLE SOLUTION_OTHER",1
4775,HOME PN UNTIL BCH PN CAN BE PROVIDED 610 ML_IV,1
4776,"METHYLPHENIDATE LA 30 MG BIPHASIC 50-50 CAPSULE,EXTENDED RELEASE_ORAL",1
4777,ETHOSUXAMIDE_ORAL,1
4778,NS 325 ML_IV,1
4779,PIMAVANSERIN_ORAL,1
4780,DIPHENHYDRAMINE_OTHER,1
4781,ACETAMINOPHEN 500 MG TABLET_ENTERAL,1
4782,MIDAZOLAM INFUSION 30 MG [2 MG/HR] + D5W 30 ML_IV,1
4783,VITAMIN C 50 MG/THIAMINE 30MG / 2.5 ML_ENTERAL,1
4784,INTRALIPID 20% INTRAVENOUS EMULSION 40.8 ML_IV,1
4785,"D10W 201 ML + AMMONUL 2,006 MG + ARGININE 1,605 MG_IV",1
4786,RAVICTI (GLYCEROL PHEYNLBUTYRATE)_ORAL,1
4787,"D10W 1,790 ML + AMMONUL 10,450 MG + ARGININE 14,320 MG_IV",1
4788,MOXIFLOXACIN_ENTERAL,1
4789,BUDESONIDE 90 MCG/ACTUATION BREATH ACTIVATED POWDER INHALER_INHALATION,1
4790,ATROVENT_INHALATION,1
4791,"DEXTROSE 5% WITH 0.9% NACL 1,000 ML_IV",1
4792,NORMAL SALINE 180 ML_IV,1
4793,NORMAL SALINE 1000 ML_OTHER,1
4794,GENOTROPIN MINIQUICK_SUBCUTANEOUS,1
4795,ESOMEPRAZOLE GRANULES_ORAL,1
4796,"D10W 1000 ML + SODIUM CHLORIDE, IVF 80 MEQ + POTASSIUM CHLORIDE, IVF 10 MEQ_IV",1
4797,INTRALIPID 20% INTRAVENOUS EMULSION 357.6 ML_IV,1
4798,L-CITRULLINE_ORAL,1
4799,INTRALIPID 20% INTRAVENOUS EMULSION 336 ML_IV,1
4800,INTRALIPID 20% INTRAVENOUS EMULSION 333.6 ML_IV,1
4801,"FAT EMULSION 20%, INTRAVENOUS 276 ML_IV",1
4802,"D10W 358 ML + AMMONUL 3,575 MG + ARGININE 2,860 MG_IV",1
4803,"FAT EMULSION, INTRAVENOUS 71.5 ML_IV",1
4804,CO ENZYME Q-10_ENTERAL,1
4805,"D12.5W 1,000 ML + SODIUM CHLORIDE, IVF 120 MEQ + POTASSIUM CHLORIDE, IVF 25 MEQ_IV",1
4806,VITAMIN C_ORAL,1
4807,INTRALIPID 20% INTRAVENOUS EMULSION 51.5 ML_IV,1
4808,DICLOFENAC TOPICAL_OTHER,1
4809,LACOSAMIDE *SUGAR FREE*_ENTERAL,1
4810,CLOBAZAM *SUGAR FREE*_ENTERAL,1
4811,NON-FORMULARY 240 ML_IV,1
4812,IMIQUIMOD 5% TOPICAL CREAM_OTHER,1
4813,D5W NS 110 ML_IV,1
4814,"LARISSIA 0.1 MG/0,02 MG_ORAL",1
4815,VERAPAMIL 50 MG/ML ENTERAL LIQUID CMPD_ENTERAL,1
4816,"BACLOFEN 2,000 MCG/ML PUMP REFILL KIT (20 ML)_OTHER",1
4817,LAROTRECTINIB_ORAL,1
4818,SODIUM CHLORIDE 0.9% (NS BOLUS)_IV,1
4819,DANTROLENE_OTHER,1
4820,"D10W 1,000 ML + SODIUM BICARBONATE, IVF 150 MEQ_IV",1
4821,GENTAMICIN 0.3% OPHTHALMIC SOLUTION_BY_EYE,1
4822,E-Z-DISK_ENTERAL,1
4823,FISH OIL_ENTERAL,1
4824,ARMOUR THYROID TABLET_ORAL,1
4825,POTASSIUM PHOSPHATE-SODIUM PHOSPHATE_ENTERAL,1
4826,"ZENPEP 10,000 UNITS-32,000 UNITS-42,000 UNITS ORAL DELAYED RELEASE CAPSULE_ORAL",1
4827,NOVO 7_OTHER,1
4828,KETOCONAZOLE 2% TOPICAL SHAMPOO_OTHER,1
4829,"D5W NS 1000 ML + POTASSIUM CHLORIDE, IVF 20 MEQ/ML_IV",1
4830,"D5NS 1,000 ML + POTASSIUM CHLORIDE 20 MEQ_IV",1
4831,SYNTHROID_ENTERAL,1
4832,FEXOFENADINE_ENTERAL,1
4833,CLINDAMYCIN 75 MG/5 ML ORAL SOLUTION_ENTERAL,1
4834,CLOBAZAM 2.5MG/ML SUSPENSION_ORAL,1
4835,LEVOTHYROXINE 75 MCG TABLET_ENTERAL,1
4836,LACOSAMIDE 10 MG/ML SUSPENSION_ORAL,1
4837,CLOBAZAM 2.5 MG/ML SUSPENSION_ENTERAL,1
4838,LACOSAMIDE 10 MG/ML_ENTERAL,1
4839,LEVETRIACETAM 500MG TABLET_ENTERAL,1
4840,VIMPAT (LACOSAMIDE) 10 MG/ML ORAL SOLN_ORAL,1
4841,ONFI (CLOBAZAM) 2.5 MG/ML ORAL SOLUTION_ORAL,1
4842,DIVALPROEX DR_ORAL,1
4843,DEPAKOTE_ORAL,1
4844,TRULICITY_OTHER,1
4845,TOLTERODINE_ENTERAL,1
4846,INTRALIPID 20% INTRAVENOUS EMULSION 134.4 ML_IV,1
4847,N-ACETYLCYSTEINE (300MG/5ML) AND COENZYNE Q10 (150MG/5ML)_ENTERAL,1
4848,HOME SUPPLY_TOPICAL,1
4849,INTRALIPID 20% INTRAVENOUS EMULSION 115 ML_IV,1
4850,CULTURELLE PROBIOTIC_ORAL,1
4851,LIDOCAINE 1% (BUFFERED) INJECTABLE SOLUTION_OTHER,1
4852,"NORMAL SALINE 1,500 ML_IV",1
4853,"CISAPRIDE (INVESTIGATIONAL, HOME SUPPLY)_ENTERAL",1
4854,INTRALIPID 20% INTRAVENOUS EMULSION 156 ML_IV,1
4855,"FAT EMULSION 20%, INTRAVENOUS 135.5 ML_IV",1
4856,PENICILLIN IV_OTHER,1
4857,AUROVELA_ORAL,1
4858,OMEPRAZOLE 2 MG/ML KETOGENIC_ENTERAL,1
4859,TOBRAMYCIN FORTIFIED EYE DROP 14 MG/ML_BY_EYE,1
4860,MEMANTINE 5 MG TAB_ORAL,1
4861,HYDROCORTISONE 1 % TOPICAL CREAM_TOPICAL,1
4862,CRANBERRY PILLS_ORAL,1
4863,VITAMIN D_ORAL,1
4864,HYDROGEN PEROXIDE 3% TOPICAL SOLUTION_OTHER,1
4865,"D10W 500 ML + SODIUM CHLORIDE, IVF 40 MEQ_IV",1
4866,ATENOLOL 2 MG/ML PO SUSP CMPD_ENTERAL,1
4867,ERYTHROMYCIN 250 MG TABLET_ORAL,1
4868,OCULAR LUBRICANT DROPS_OTHER,1
4869,"1/2NS 1,000 ML + SODIUM BICARBONATE, IVF 50 MEQ_IV",1
4870,CENOBAMATE_ENTERAL,1
4871,"SODIUM CHLORIDE 0.45% 1,000 ML + SODIUM BICARBONATE, IVF 80 MEQ_IV",1
4872,"1/2NS 1,000 ML + SODIUM BICARBONATE, IVF 78 MEQ_IV",1
4873,URIDINE TRIACETATE 10 G ORAL GRANULE_ORAL,1
4874,"D5W NS 21,000 ML_IV",1
4875,CLARITHROMYCIN 250 MG TABLET_ORAL,1
4876,OYSTER SHELL WITH VIT D_ORAL,1
4877,"D10W 1,430 ML + AMMONUL 8,800 MG + ARGININE 11,440 MG_IV",1
4878,CYANOCOBALAMIN_SUBCUTANEOUS,1
4879,SOMATROPIN_SUBCUTANEOUS,1
4880,DIVALPROEX SODIUM 125 MG ORAL DELAYED RELEASE CAPSULE_ORAL,1
4881,VANCOMYCIN_INHALATION,1
4882,"FAT EMULSION 20%, INTRAVENOUS 264 ML_IV",1
4883,GENTAMICIN BLADDER IRRIGATION 480 MCG/ML IN NS_OTHER,1
4884,FLUTICASONE 220 MCG/INH INHALATION AEROSOL_INHALATION,1
4885,SAGINIL_OTHER,1
4886,PYRIDOXINE (VITAMIN B6) 100 MG/ML INJECTION SOLUTION_IV,1
4887,METHENAMINE HIPPURATE_ENTERAL,1
4888,SODIUM BICARBONATE (BAKING SODA)_OTHER,1
4889,NANO VM VITAMIN POWDER_ENTERAL,1
4890,INTRALIPID 20% INTRAVENOUS EMULSION 133 ML_IV,1
4891,"D10W 334 ML + AMMONUL 3,340 MG + ARGININE 2,672 MG_IV",1
4892,INTRALIPID 20% INTRAVENOUS EMULSION 67.2 ML_IV,1
4893,D10W 286 ML + AMMONUL 2860 MG + ARGININE 6864 MG_IV,1
4894,INTRALIPID 20% INTRAVENOUS EMULSION 44.4 ML_IV,1
4895,PRUNE JUICE_ORAL,1
4896,GLYCEROL PHENYLBUTERATE_ORAL,1
4897,D10W 67 ML + AMMONUL 669 MG_IV,1
4898,ENOXAPARIN 100 MG/ML SUBCUTANEOUS SYRINGE_SUBCUTANEOUS,1
4899,SODIUM CHLORIDE 3% CONTINUOUS 1000 ML_IV,1
4900,TRIHEXYPHENIDYL 0.4 MG/ML ORAL ELIXIR_ORAL,1
4901,ANTIHEMOPHILIC FACTOR-VWF:RCO 600 UNITS (+/-) INTRAVENOUS SOLN (HUMATE-P)_IV,1
4902,METRONIDAZOLE_RECTAL,1
4903,"D5W 1,000 ML + SODIUM ACETATE 60 MEQ + POTASSIUM CHLORIDE, IVF 30 MEQ_IV",1
4904,DOXYCYCLINE MONOHYDRATE 25 MG/5 ML ORAL SUSPENSION_ENTERAL,1
4905,NAPROXEN_ENTERAL,1
4906,COQ10_ORAL,1
4907,CETACAINE MUCOUS MEMBRANE AEROSOL_ORAL,1
4908,"VERSED ENTERAL, ANESTHESIA_ENTERAL",1
4909,CROMOLYN 100MG/5ML_ORAL,1
4910,"D5W 1/4NS 1,000 ML + POTASSIUM CHLORIDE, IVF 10 MEQ_IV",1
4911,BRIMONIDINE 0.15 % EYE DROPS_BY_EYE,1
4912,DESVENLAFAXINE ER 50 MG / 1 TABS_ORAL,1
4913,LORAZEPAM 1 MG TABLET_OTHER,1
4914,"D10W 1,000 ML + SODIUM CHLORIDE, IVF 115 MEQ_IV",1
4915,INTRALIPID 20% INTRAVENOUS EMULSION 38.4 ML_IV,1
4916,NORETHINDRONE ACETATE 5 MG ORAL TABLET_ENTERAL,1
4917,ONCE DAILY MAX_ORAL,1
4918,CLOBAZAM (BRAND MEDICALLY NECESSARY)_ORAL,1
4919,LIFEABLE KIDS IRON + VITAMIN C GUMMIES_ORAL,1
4920,ZONISAMIDE (BRAND MEDICALLY NECESSARY)_ENTERAL,1
4921,ALUMINUM HYDROXIDE_ORAL,1
4922,"EVEROLIMUS 2 MG ORAL TABLET, DISPERSIBLE_ORAL",1
4923,D5W NS 30 ML_IV,1
4924,"DEXTROSE 10% IN WATER 1,000 ML_IV",1
4925,DICLOFENAC SODIUM_ORAL,1
4926,HYDROCORTISONE 0.5 % TOPICAL CREAM_TOPICAL,1
4927,LIDOCAINE 1% (LOCAL ANESTHESIA) ORDER IN ML_IV,1
4928,IRON POLYSACCHARIDE_ENTERAL,1
4929,KIDS MULTIVITAMIN GUMMIES_ORAL,1
4930,ETHINYL ESTRODIOL NORGESTIMATE_ORAL,1
4931,BENZOCAINE/BUTAMBEN/TETRACAINE TOPICAL_OTHER,1
4932,INTRALIPID 20% INTRAVENOUS EMULSION 54.5 ML_IV,1
4933,ACIDOPHILUS_ORAL,1
4934,D5W 1/2NS 48 ML_IV,1
4935,GINGER ROOT_ORAL,1
4936,"FAT EMULSION 20%, INTRAVENOUS 78.5 ML_IV",1
4937,INTRALIPID 20% INTRAVENOUS EMULSION 80 ML_IV,1
4938,MELOXICAM 7.5 MG ORAL TABLET_ORAL,1
4939,SODIUM BICARBONATE POWDER (MEQ)_ORAL,1
4940,INTRALIPID 20% INTRAVENOUS EMULSION 75 ML_IV,1
4941,INTRALIPID 20% INTRAVENOUS EMULSION 68 ML_IV,1
4942,INTRALIPID 20% INTRAVENOUS EMULSION 36 ML_IV,1
4943,CALM MAGNESIUM SUPPLEMENT_ORAL,1
4944,BUPIVACAINE 0.25% PRESERVATIVE-FREE INJECTABLE SOLUTION_INTRADERMAL,1
4945,DROSPIRENONE 3 MG-ETHINYL ESTRADIOL 0.02 MG TABLET_ORAL,1
4946,TADALAFIL_ENTERAL,1
4947,ZONISAMIDE 10MG/ML SUSPENSION_ENTERAL,1
4948,MORPHINE_ORAL,1
4949,ATROPINE 1% OPHTHALMIC OINTMENT_BY_EYE,1
4950,ISOTRETINOIN (MUST USE HOME SUPPLY)_ORAL,1
4951,TESTOSTERONE GEL 1% (5 GRAMS PER UNIT DOSE PACKET)_OTHER,1
4952,AMMONIUM LACTATE 12% TOPICAL LOTION_OTHER,1
4953,OMEPRAZOLE 2MG/ML ( COMPOUND SUGAR AND SUGAR ALCOHOL FREE AND DYE FREE)_ENTERAL,1
4954,SMOFLIPID 20% INTRAVENOUS EMULSION 175 ML_IV,1
4955,TRILOMARZIA_ORAL,1
4956,STIRIPENTOL_ENTERAL,1
4957,"D40W 500 ML + SODIUM CHLORIDE, IVF 80 MEQ + POTASSIUM CHLORIDE, IVF 10 MEQ_IV",1
4958,HALOPERIDOL 2 MG TABLET_ORAL,1
4959,TRIMETHOPRIM_ORAL,1
4960,INSULIN (HUMALOG)_SUBCUTANEOUS,1
4961,"D10W 1,000 ML + SODIUM CHLORIDE, IVF 80 MEQ + POTASSIUM CHLORIDE, IVF 40 MEQ_IV",1
4962,TAFINLAR_ORAL,1
4963,MEKINIST_ORAL,1
4964,BECLOMETHASONE DIPROP 40 MCG/ACTUATION HFA BREATH ACTIVATED AEROSOL_INHALATION,1
4965,MUPIROCIN CALCIUM 2 % TOPICAL CREAM_TOPICAL,1
4966,"NYSTATIN 100,000 UNIT/GRAM TOPICAL POWDER_TOPICAL",1
4967,LEVOTHYROXINE 20 MCG/ML INTRAVENOUS SOLUTION_IV,1
4968,CALCIUM 500MG + VITAMIN D 400 IU_ENTERAL,1
4969,GUAIFENESIN 100 MG/5 ML ORAL LIQUID_ENTERAL,1
4970,SODIUM CHLORIDE 0.9% (NORMAL SALINE BOLUS)_IV,1
4971,XYZAL_ORAL,1
4972,FELBAMATE 400 MG TABLET_ORAL,1
4973,"FAT EMULSION 20%, INTRAVENOUS 175 ML_IV",1
4974,SULFACETAMIDE-PREDNISOLONE 10 %-0.23 % (0.25 %) EYE DROPS_BY_EYE,1
4975,LIDOCAINE 1% BUFFERED 0.25 ML FOR J-TIP ADMINISTRATION_IV,1
4976,SODIUM BICARBONATE_ENTERAL,1
4977,CALCIUM 500MG + VITAMIN D 400 UNIT_ENTERAL,1
4978,SODIUM CHLORIDE 0.9%_INHALATION,1
4979,PRUNE JUICE_ENTERAL,1
4980,EPINEPHRINE TOPICAL_OTHER,1
4981,INTRALIPID 20% INTRAVENOUS EMULSION 62.4 ML_IV,1
4982,D5W LR 260 ML_IV,1
4983,"D10W 363 ML + AMMONUL 3,625 MG + ARGININE 2,900 MG_IV",1
4984,PARENTERAL NUTRITION 1914 ML_IV,1
4985,INTRALIPID 20% INTRAVENOUS EMULSION 105.6 ML_IV,1
4986,CALCIUM CARBONATE (TUMS KIDS)_ORAL,1
4987,D10W 325 ML + AMMONUL 3250 MG + ARGININE 2600 MG_IV,1
4988,"D15W 500 ML + SODIUM CHLORIDE, IVF 38 MEQ_IV",1
4989,"D10W 330 ML + AMMONUL 3,300 MG + ARGININE 2,640 MG_IV",1
4990,"D10W 318 ML + AMMONUL 3,175 MG + ARGININE 2,540 MG_IV",1
4991,"NON-FORMULARY 1,545 ML_IV",1
4992,DEXLANSOPRAZOLE_ORAL,1
4993,"D10W 252 ML + AMMONUL 2,515 MG + ARGININE 2,012 MG_IV",1
4994,"MIRABEGRON 25 MG ORAL TABLET, EXTENDED RELEASE_ORAL",1
4995,"D20W 500 ML + SODIUM CHLORIDE, IVF 20 MEQ + POTASSIUM CHLORIDE, IVF 12.5 MEQ_IV",1
4996,D25W BOLUS_OTHER,1
4997,"D20W 500 ML + SODIUM ACETATE, IVF 20 MEQ + SODIUM CHLORIDE, IVF 7.5 MEQ + POTASSIUM CHLORIDE, IVF 1_IV",1
4998,"D20W 500 ML + SODIUM CHLORIDE, IVF 38.5 MEQ + POTASSIUM CHLORIDE, IVF 12.5 MEQ_IV",1
4999,DEXLANZOPRAZOLE_ORAL,1
5000,"D5W NS 1,000 ML + POTASSIUM CHLORIDE, IVF 20 MEQ + MAGNESIUM SULFATE, IVF 1.5 G_IV",1
5001,PROMETHAZINE_RECTAL,1
5002,D5W 1/2NS 360 ML_IV,1
5003,TRUXIMA_IV,1
5004,PROGESTERONE_ORAL,1
5005,"HOME PN UNTIL BCH PN CAN BE PROVIDED 1,975 ML_IV",1
5006,"D12.5W 1,000 ML + SODIUM CHLORIDE, IVF 80 MEQ + POTASSIUM ACETATE, IVF 17 MEQ_IV",1
5007,"D10W 1,000 ML + SODIUM CHLORIDE, IVF 80 MEQ + POTASSIUM ACETATE 25 MEQ_IV",1
5008,"D15W 500 ML + SODIUM CHLORIDE, IVF 14 MEQ + SODIUM ACETATE, IVF 14 MEQ + POTASSIUM CHLORIDE, IVF 6_IV",1
5009,"D15W 500 ML + SODIUM CHLORIDE, IVF 30 MEQ + POTASSIUM CHLORIDE, IVF 6 MEQ_IV",1
5010,HOME PN UNTIL BCH PN CAN BE PROVIDED 740 ML_IV,1
5011,"D10W 1,000 ML + SODIUM CHLORIDE, IVF 40 MEQ + POTASSIUM CHLORIDE, IVF 10 MEQ_IV",1
5012,NS 20 ML_IV,1
5013,PARENTERAL NUTRITION 2032 ML_IV,1
5014,NON-FORMULARY 135 ML_IV,1
5015,CBD_ORAL,1
5016,"D10W 1,000 ML + SODIUM CHLORIDE, IVF 70 MEQ + SODIUM ACETATE, IVF 70 MEQ + POTASSIUM CHLORIDE, IVF_IV",1
5017,LOESTRIN FE_ORAL,1
5018,"D10W 1,000 ML + SODIUM ACETATE, IVF 40 MEQ + SODIUM CHLORIDE, IVF 40 MEQ_IV",1
5019,"D5W NS 1,000 ML + POTASSIUM ACETATE, IVF 10 MEQ_IV",1
5020,BISMUTH SUBSALICYLATE 262 MG/15 ML ORAL SUSPENSION_ENTERAL,1
5021,EPINEPHRINE HCL (PF) 1 MG/ML (1 ML) INJECTION SOLUTION_INTRAMUSCULAR,1
5022,INSULIN LISPRO 100 UNITS/ML_SUBCUTANEOUS,1
5023,OXTELLAR ER 600 MG TABLET_ORAL,1
5024,INTRALIPID 20% INTRAVENOUS EMULSION 90 ML_IV,1
5025,INTRALIPID 20% INTRAVENOUS EMULSION 100 ML_IV,1
5026,BUDESONIDE CAPSULE (DELAYED RELEASE)_ENTERAL,1
5027,FENFLURAMINE 2.2 MG/ML SOLUTION_ORAL,1
5028,LIDOCAINE (PF) 100 MG/5 ML (2 %) INTRAVENOUS SYRINGE_IV,1
5029,NIFEDIPINE_ENTERAL,1
5030,"D5W NS 1,000 ML + POTASSIUM PHOSPHATE 30 MMOL_IV",1
5031,"D10W 1,000 ML + SODIUM ACETATE 80 MEQ + POTASSIUM CHLORIDE, IVF 20 MEQ_IV",1
5032,DEXTROSE 7.5% IN WATER +  80 MEQ SODIUM ACETATE +  16 MEQ POTASSIUM ACETATE_IV,1
5033,"D5W 1,000 ML + SODIUM CHLORIDE, IVF 25 MEQ + SODIUM ACETATE, IVF 40 MEQ + POTASSIUM CHLORIDE, IVF 3_IV",1
5034,"D5W 1/2NS 1,000 ML + SODIUM ACETATE, IVF 40 MEQ + POTASSIUM CHLORIDE, IVF 20 MEQ_IV",1
5035,"D12.5W 1,000 ML + SODIUM CHLORIDE, IVF 38.5 MEQ_IV",1
5036,SPRINTEC_ENTERAL,1
5037,"D20W 1,000 ML_IV",1
5038,ASCORBIC ACID (VITAMIN C)_ORAL,1
5039,HOME SUPPLY_ENTERAL,1
5040,RIVAROXABAN 20 MG TABLET_ORAL,1
5041,SERINE POWDER DIETARY SUPPLEMENT_ENTERAL,1
5042,SODIUM BICARBONATE (PROCEDURAL)_IV,1
5043,"D5W NS 1,000 ML + POTASSIUM PHOSPHATE, IVF 20 MMOL_IV",1
5044,TOPIRAMATE 25 MG TABLET_ENTERAL,1
5045,FLUTICASONE-SALMETEROL CFC FREE 230 MCG-21 MCG/INH INHALATION AEROSOL_INHALATION,1
5046,DEBRAFANIB_ORAL,1
5047,ETHINYL ESTRADIOL-NORGESTIMATE (SPRINTEC 0.25 MG-35 MCG ORAL TABLET)_ORAL,1
5048,TETANUS-DIPHTH TOXOIDS (TD) ADULT/ADOL_INTRAMUSCULAR,1
5049,SERINE_ENTERAL,1
5050,PROZAC_ORAL,1
5051,QUINIDINE_ENTERAL,1
5052,EVEROLIMUS_ENTERAL,1
5053,"HOME PN UNTIL BCH PN CAN BE PROVIDED 2,130 ML_IV",1
5054,DEXTROMETORPHAN_ORAL,1
5055,LONARFANIB_ORAL,1
5056,FERRIC CARBOXYMALTOSE_IV,1
5057,TAZEMETOSTSAT_ENTERAL,1
5058,LAMICTAL XR 175 MG_ORAL,1
5059,FLOXIN OTIC DROPS_OTHER,1
5060,PRAMIPEXOLE_ENTERAL,1
5061,TRANYLCYPROMINE_ORAL,1
5062,FLUZONE VACCINE 2024-2025 (STATE SUPPLY)_OTHER,1
5063,D5W NS 600 ML_IV,1
5064,CELECOXIB_ENTERAL,1
5065,AMLODIPINE 2.5 MG TABLET_ENTERAL,1
5066,ETHINYL ESTRADIOL-NORETHINDRONE_ORAL,1
5067,TESTOSTERONE CYPIONATE 200 MG/ML INTRAMUSCULAR OIL_SUBCUTANEOUS,1
5068,LIOTHYRONINE_ENTERAL,1
5069,LORLATINIB_ENTERAL,1
5070,LAMICTAL XR 50 MG TABLET_ORAL,1
5071,LAMICTAL XR 100 MG_ORAL,1
5072,LAMICTAL XR 25 MG TABLETS_ORAL,1
5073,MIDAZOLAM INFUSION 50 MG [5 MG/HR] + NS 50 ML_IV,1
5074,ALYACEN (ETHINYL ESTRADIOL-NORETHINDRONE 35 MCG-1 MG)_ORAL,1
5075,CIPROFLOXICIN 0.3% DEXAMETHASONE 0.3% OTIC SOLUTION_BY_EAR,1
5076,FENTANYL PATCH 50 MCG/HR_TOPICAL,1
5077,LORATIDINE_ORAL,1
5078,TRUVADA 167 MG-250 MG ORAL TABLET_ORAL,1
5079,"AQUADEKS ORAL TABLET, CHEWABLE_ENTERAL",1
5080,ALBUTEROL 32 MG IN NS 24 ML_INHALATION,1
5081,FLUOCINOLONE 0.01% TOPICAL SHAMPOO_OTHER,1
5082,MYDAYIS 50MG CAPSULE_ORAL,1
5083,MOMETASONE 0.1% TOPICAL OINTMENT_OTHER,1
5084,OMNIPAQUE 180 INJECTABLE SOLUTION_ORAL,1
5085,HELIOS_OTHER,1
5086,EMFLAZA (DEFLAZACORT)_ORAL,1
5087,WILATE_IV,1
5088,UNABLE TO FIND_NASAL,1
5089,LANSOPRAZOLE DISINTEGRATING TABLET_ENTERAL,1
5090,CYSTAGON_ENTERAL,1
5091,AMANTADINE 100 MG TAB_ORAL,1
5092,ALBUTEROL 2.5 MG/3 ML (0.083%) INHALATION SOLUTION_ORAL,1
5093,ALPROLIX_IV,1
5094,LAMOTRIGINE 100 MG ORAL TABLET_ENTERAL,1
5095,CELECOXIB_OTHER,1
5096,ALPHANATE_IV,1
5097,D25W 22 ML_IV,1
5098,CLONAZEPAM 0.5MG ODT TAB_ORAL,1
5099,COSYNTROPIN 250 MCG/ML IJ (WET SOLR VIAL)_IV,1
5100,COSYNTROPIN 0.25 MCG/ML IN NS DILUTION_IV,1
5101,NON-FORMULARY_IV,1
5102,IBGARD_ORAL,1
5103,CORNSTARCH_ORAL,1
5104,"D10NS 1,000 ML_IV",1
5105,VORTIOXETINE_ORAL,1
5106,TOPIRAMATE SPRINKLES (BRAND MEDICALLY NECESSARY)_ORAL,1
5107,ATORVASTATIN 10 MG TABLET_ENTERAL,1
5108,CYCLOSPORINE 100 MG/ML ORAL SOLUTION_ENTERAL,1
5109,LIDOCAINE_IV,1
5110,CLINDAMYCIN PHOSHATE GEL_OTHER,1
5111,LOW-OGESTREL OCP_ORAL,1
5112,"D5NS 2,000 ML_IV",1
5113,"CARBAMAZEPINE, SUSTAINED RELEASE (DISPENSED AS CARBATROL)_ENTERAL",1
5114,"D7.5W 1,000 ML + SODIUM CHLORIDE, IVF 40 MEQ + POTASSIUM CHLORIDE, IVF 10 MEQ_IV",1
5115,SODIUM CHLORIDE 3% 50 ML_IV,1
5116,VALCYTE 450 MG ORAL TABLET_ORAL,1
5117,SMOFLIPID 20% INTRAVENOUS EMULSION 75 ML_IV,1
5118,ROSUVASTATIN 20 MG TABLET_ORAL,1
5119,SODIUM BICARBONATE_OTHER,1
5120,ETHANOL_IV,1
5121,PSEUDOEPHEDRINE 60 MG TABLET_ORAL,1
5122,"HOME PN UNTIL BCH PN CAN BE PROVIDED 2,000 ML_IV",1
5123,VIVARIN_ORAL,1
5124,UNABLE TO FIND_TOPICAL,1
5125,APREPITANT 20 MG/ML ORAL SUSPENSION_ORAL,1
5126,NALTREXONE 1 MG CAPSULE_ORAL,1
5127,TIOTROPIUM_INHALATION,1
5128,"D10W 1,000 ML + SODIUM CHLORIDE, IVF 50 MEQ + SODIUM ACETATE, IVF 50 MEQ + POTASSIUM CHLORIDE, IVF_IV",1
5129,CISAPRIDE_ENTERAL,1
5130,FLUDROCORTISONE 0.1 MG TABLET_ORAL,1
5131,D5W 1/2NS 440 ML_IV,1
5132,TBO-FILGRASTIM 50 MCG/ML D5W_IV,1
5133,KAYEXALATE POWDER_RECTAL,1
5134,SODIUM CHLORIDE 0.45% 400 ML_IV,1
5135,ONFI 2.5 MG/ML SUSPENSION_ENTERAL,1
5136,D5NS 1000 ML + CALCIUM GLUCONATE 4000 MG_IV,1
5137,IV FLUID BUILDER - PHARMACY_IV,1
5138,LANSOPRAZOLE 3MG/ML_ENTERAL,1
5139,NYSTATIN_ENTERAL,1
5140,ALVESCO (CICLESONIDE) 80MCG/ACTUATION_INHALATION,1
5141,LITHIUM 300 MG ORAL TABLET_ORAL,1
5142,"ASPIRIN 325 MG TABLET,DELAYED RELEASE_ORAL",1
5143,SERINE  14 TEASPOONS OF SERINE POWDER IN 250 ML  WATER GTUBE 1TIME_ORAL,1
5144,VENETOCLAX_ORAL,1
5145,"NORMAL SALINE 1,000 ML_BY_EYE",1
5146,"D10W 1,000 ML + SODIUM CHLORIDE, IVF 160 MEQ + POTASSIUM CHLORIDE, IVF 80 MEQ_IV",1
5147,"D10W 273 ML + AMMONUL 2,726 MG + ARGININE 6,543 MG_IV",1
